domain,cred,mbfc_ideo
theecjournal.com,credible,
shameproject.com,credible,
americanradioworks.org,credible,
actforamerica.org/news,credible,
goodnewsplanet.com,credible,
potatriotpost.com,credible,
kernersvillenews.com,credible,
nypost.com,mixed,1.0
rightalert.com,fake,
livingstondaily.com,credible,-1.0
american.edu,credible,
the-messenger.com,credible,1.0
dominionpaper.ca,credible,
baltimoregazette.com,credible,
shoebat.com,fake,
bradystandard.com,credible,
karengleason.com,credible,
thestatelyharold.com,mixed,
zerohedge.com,fake,1.0
hamptonroads.com,credible,
topworldwidenews.com,credible,
turkeyandfacts.com,credible,
newsworks.org,credible,
airdrieecho.com,credible,1.0
economywatch.com,credible,
2paragraphs.com,credible,
ifyouonlynews.com,fake,
columnists.com,credible,
pddnet.com,credible,
newsvine.com,credible,
transparencynow.com,credible,
newspix.com.au,credible,
scpr.org,credible,
ktvo.com,credible,
damninteresting.com,credible,
cracked.com,mixed,-1.0
panewsmedia.org,credible,
demos.org,credible,-1.0
nextdraft.com,credible,
wps.ru,credible,
swna.com,credible,
chianca-at-large.blogspot.com,credible,
lulegacy.com,credible,
forecastwatch.com,credible,
myeldorado.net,credible,
mediamatters.org,credible,-1.0
americanpress.com,credible,1.0
leftfootforward.org,mixed,-1.0
alaska.edu,credible,
internationalnewsservices.com,credible,
redstatedisaster.com,credible,
readywebware.com,credible,
thefederalist.com,fake,1.0
commercialalert.org,credible,
moorenews.com,credible,
southalabamian.com,credible,
syrianews.cc,fake,-1.0
uleth.ca,credible,
kcrg.com,credible,0.0
seamusphan.com,credible,
spacecoastdaily.com,credible,
editorialcalendar.net,credible,
birminghammail.co.uk,credible,-1.0
thewashingtonpundit.com,credible,
ukiahdailyjournal.com,credible,0.0
nbc11news.com,credible,0.0
sherrigreen.com,credible,
crystalair.com,mixed,
wwltv.com,credible,0.0
thesunchronicle.com,credible,
local15tv.com,credible,
smalltownpapers.com,credible,
thetowntalk.com,credible,0.0
westbynorthwest.org,credible,
trumpers.online,credible,
latrobevalleyexpress.com.au,credible,
godanriver.com,credible,0.0
scrapetv.com,credible,
stormlake.com,credible,
anthonycapstick.com,credible,
conservativeinstitute.org,credible,1.0
utoronto.ca,credible,
whitewoodherald.com,credible,
24online.news,fake,
newspower.com.hk,credible,
foia.com,credible,
fee.org,credible,1.0
patriotbeacon.com,credible,
act.tv,mixed,-1.0
rssfeeds.montgomeryadvertiser.com,credible,
themuslimissue.wordpress.com,fake,
wjsu.org,credible,
medialaw.org,credible,
tstorm.net,credible,
hotrecentnews.com,credible,
campustimes.org,credible,
nbcnewyork.com,credible,-1.0
wamu.org,credible,-1.0
livevote.com,fake,
theeastside.news,credible,
ksfy.com,credible,
madhousemagazine.com,mixed,
pasadenastarnews.com,credible,0.0
swnewsmedia.com,credible,
rawprogressive.com,credible,
mediaalliance.com,credible,
massapequaobserver.com,credible,
680news.com,credible,
prweek.com,credible,
yaleglobal.yale.edu,credible,
mypalmbeachpost.com,credible,
asja.org,credible,
theminneotamascot.com,credible,
journalmpls.com,credible,
fairviewpost.com,credible,1.0
thevalleyreport.com,mixed,
guerillanews.com,fake,
funtrivia.com,credible,
bernardbrault.com,credible,
pmfranklin.com,credible,
wgem.com,credible,0.0
thechristianleft.org,mixed,-1.0
passherald.ca,credible,
sentinelnews.com,credible,
dailynewsposts.info,fake,
sun-sentinel.com,credible,0.0
wkrb13.com,credible,
blingnews.com,credible,
anonhq.com,fake,
cknj.com,credible,
universitychron.com,credible,
dotnews.com,credible,
svherald.com,credible,
ntd.com,fake,1.0
leonneal.com,credible,
cvbugle.com,credible,
utep.edu,credible,
thenewsguard.com,credible,
rikwalton.com,credible,
pctribune.com,credible,
vegasnews.com,credible,
theexaminer.site,fake,
blackgenocide.org,fake,1.0
zoriah.com,credible,
ibleedredwhiteblue.com,mixed,1.0
starpulse.com,credible,
amisun.com,credible,
charlotteobserver.com,credible,-1.0
calgarysun.com,credible,1.0
the-scientist.com,credible,-1.0
therealshtick.com,fake,
cleveland.com,credible,
wdaz.com,credible,
listverse.com,credible,1.0
dundalkeagle.com,credible,-1.0
westcoastsentinel.com.au,credible,
topinfopost.con,fake,
front.moveon.org,fake,
wegotthiscovered.com,credible,
sanctumnews.com,credible,
whodiedtoday.com,credible,
filmsforaction.org,credible,
wbbjtv.com,credible,
uwmpost.com,credible,
newsmeback.com,credible,
mustangtimes.blogspot.com,credible,
trudeausociety.com,credible,
flashingonthesixties.com,credible,
samefacts.com,credible,
chicagobusiness.com,credible,
nationalenquirer.com,fake,1.0
glennhunt.com.au,credible,
narrominenewsonline.com.au,credible,
arjen-van-de-merwe.nl,credible,
app.com,credible,-1.0
danielavilaphotography.com,credible,
paulamundsen.com,credible,
inkdrop.net,credible,
usatodaynews.me,fake,
theshorthorn.com,credible,
ashley-kirk.com,credible,
tylerstarnews.com,credible,
wmot.org,credible,
dailyearth.com,credible,
endtimeheadlines.org,mixed,1.0
attn.com,fake,-1.0
ripon.edu,credible,
wolfstreet.com,fake,
internationalviewpoint.org,fake,-1.0
thegoldenstar.net,credible,-1.0
alternative-science.com,mixed,
blouinartinfo.com,credible,
sundaygazettemail.com,credible,
whatdoesitmean.com,fake,1.0
influencewatch.org,credible,1.0
ashbykuhlman.net,credible,
gcabc.ca,credible,
thedailyaztec.com,credible,
acftv.com,credible,
javierarcenillas.com,credible,
aninews.in,mixed,1.0
circa.com,credible,
33-13.com,credible,
goldenisles.news,credible,
wjon.com,credible,
usafortrumponline.com,fake,
bmj.com,credible,
jezebel.com,credible,-1.0
republican-times.com,credible,
chicagoreader.com,credible,-1.0
kasu.org,credible,-1.0
memphisdemocrat.com,credible,
politicalgarbagechute.com,mixed,-1.0
salina.com,credible,-1.0
masslawyersweekly.com,credible,
news965.com,credible,
mtholyoke.edu,credible,
starcouriernews.com,credible,
newlypress.com,credible,
morrissuntribune.com,credible,
ironictimes.com,mixed,
thelastamericanvagabond.com,credible,
insideindianabusiness.com,credible,
hendersondispatch.com,credible,
campbellrivermirror.com,credible,-1.0
wokennews.com,credible,
politicslive.net,credible,
theequity.ca,credible,
parkcitiesnews.com,credible,
wtrf.com,credible,0.0
religionlo.com,fake,
venturebeat.com,credible,
callielipkin.com,credible,
veryquiet.com,credible,
murrayvalleystandard.com.au,credible,
nebraska.tv,credible,1.0
thecrimson.com,credible,
dcalert.com,credible,
13abc.com,credible,0.0
whydontyoutrythis.com,fake,
theoswatch.com,credible,
jannagraber.com,credible,
lpa.igc.org,credible,
verdenews.com,credible,
fergusfallsjournal.com,credible,
strategypage.com,credible,0.0
freakonomics.com,credible,-1.0
channel4.com,credible,
owu.edu,credible,
capitalandmain.com,credible,-1.0
sgvtribune.com,credible,0.0
dnainfo.com,credible,
inyoregister.com,credible,
miamitodaynews.com,credible,
dallastimes.us,fake,
cdc.gov,credible,
hanfordsentinel.com,credible,0.0
freelancejournalist.co.uk,credible,
billycalzada.com,credible,
xurxolobato.gal,credible,
wpde.com,credible,1.0
abort73.com,mixed,1.0
expressnews.com,credible,-1.0
positive.news,credible,-1.0
ocalapost.com,credible,
weather-guide.com,credible,
huzlers.com,fake,
albertaviews.ca,credible,-1.0
havasunews.com,credible,
janetmacoska.com,credible,
ny1.com,credible,
news.trust.org,credible,
kwqc.com,credible,
echonews.com.au,credible,
fox4news.com,credible,0.0
vcnewsreview.com,credible,
haifapress.org.il,credible,
thehornnews.com,fake,1.0
daltondailycitizen.com,credible,-1.0
thetruthaboutcars.com,credible,
thedrummer.com,credible,
advocate.com,credible,-1.0
siouxcityjournal.com,credible,-1.0
gulfnews.com,fake,1.0
wqcs.org,credible,
theexponent-online.com,credible,
abbynews.com,credible,-1.0
districtchronicles.com,credible,
clintonherald.com,credible,-1.0
eluxemagazine.com,fake,-1.0
centralwesterndaily.com.au,credible,
daily-chronicle.com,credible,0.0
mediasurvey.com,credible,
neurosciencenews.com,credible,
breakingnewshouse.com,credible,
elliscountypress.com,credible,
hawaiitribune-herald.com,credible,-1.0
weeklyworldnews.com,fake,-1.0
tmn.co.uk,credible,
gfwadvertiser.ca,credible,
365usanews.com,fake,
sweethomenews.com,credible,
realtytoday.com,credible,
hodierne.com,credible,
actualite.co,credible,
wben.com,credible,
sophorist.blogspot.com,credible,
lanereport.com,credible,
lautens.com,credible,
suffolknewsherald.com,credible,
projectpurge.com,credible,
scsuntimes.com,credible,
psuvanguard.com,credible,
abcradio.com,credible,
whiteoutpress.com,credible,
pamplinmedia.com,credible,-1.0
wifr.com,credible,0.0
pressphotography.co.uk,credible,
newhumanist.org.uk,credible,
webdaily.com,fake,
blackinusrancenews.com,fake,
c-span.org,credible,0.0
timesnews.net,credible,
prepareforchange.net,fake,
hammondstar.com,credible,1.0
sierrasun.com,credible,0.0
huffingtonpost.com,credible,
appeal-democrat.com,credible,
popmatters.com,credible,
beauregarddailynews.net,credible,
shadowproof.com,credible,-1.0
statenews.com,credible,
thequint.com,credible,-1.0
paducahsun.com,credible,1.0
thetriangle.org,credible,
collegian.com,credible,
profam.org,fake,1.0
kbiu.com,credible,
cfact.org,fake,1.0
trump.news,fake,1.0
gpo.gov,credible,
williambanzai7.blogspot.com,mixed,
intowner.com,credible,
cnas.org,credible,-1.0
bakersfield.com,credible,
journalinquirer.com,credible,
dauphinherald.com,credible,
noaa.gov,credible,
livemint.com,mixed,0.0
govtslaves.info,fake,
scsun-news.com,credible,
bloombergview.com,credible,
galenagazette.com,credible,
dailyherald.com,credible,1.0
judicialnetwork.com,mixed,1.0
businessfinancenews.com,credible,
henricartierbresson.org,credible,
salinapost.com,credible,
alreporter.com,credible,0.0
dustinrabin.com,credible,
antislavery.org,credible,
newmoderate.com,credible,
ae911truth.org,fake,
asianage.com,credible,
wibc.com,credible,
timripley.co.uk,credible,
northwestern.edu,credible,
halfmanhalfmovie.com,credible,
skeptiko.com,fake,
rightjournalist.com,credible,
conservativenews.online,credible,
wwaytv3.com,credible,
montgomeryadvertiser.com,credible,-1.0
newsbbc.net,fake,
ngnews.ca,credible,
highplainsobserver.com,credible,
thisaintnews.com,credible,
morning-herald.com,credible,
3songsnoflash.co.uk,credible,
thedailycitizen.com,credible,1.0
vermij.net,credible,
cherokeescout.com,credible,
watertowndailytimes.com,credible,
boston.cbslocal.com,credible,
westerncourier.com,credible,
hail.org,credible,
jacksonsun.com,credible,-1.0
tucsonnewsnow.com,credible,
accessreports.com,credible,
surfky.com,credible,
byronnews.com.au,credible,
kazu.org,credible,
shepherdstownchronicle.com,credible,
floridafaf.org,credible,
economicpolicyjournal.com,credible,1.0
californiaglobe.com,mixed,1.0
societyforscience.org,credible,
sedaliademocrat.com,credible,
netweather.tv,credible,
conservativerefocus.com,fake,
joachimladefoged.com,credible,
star-telegram.com,credible,1.0
thefloridasqueeze.com,mixed,-1.0
jimhightower.com,credible,
international.thenewslens.com,credible,
progresstimes.net,credible,
mercatus.org,credible,1.0
yuckles.com,credible,
noosanews.com.au,credible,
iowapublicradio.org,credible,
andalusiastarnews.com,credible,1.0
bartonchronicle.com,credible,
news.amomama.com,credible,0.0
bemidjipioneer.com,credible,1.0
wisconsinagconnection.com,credible,
local10.com,credible,
factsandlogic.org,mixed,1.0
insidermonkey.com,credible,
talonmarks.com,credible,
standard.co.uk,credible,1.0
smdailyjournal.com,credible,
wkyufm.org,credible,
starpolitical.com,credible,
zcomm.org,credible,
prospectusnews.com,credible,
bostonstar.com,credible,
thecarillononline.com,credible,
crweworld.com,credible,
mynewsguru.com,credible,
mynewsreader.com,credible,
qz.com,credible,-1.0
fox45now.com,credible,
christopherrecord.com,credible,
pcccourier.com,credible,
inc.com,credible,0.0
mirbig.net,credible,
theridgefieldpress.com,credible,
reggaeportraits.com,credible,
carnegieendowment.org,credible,-1.0
agoudjian.com,credible,
kdwn.com,credible,
pratttribune.com,credible,0.0
worldhealth.net,fake,
usawatchdog.com,fake,1.0
fourstateshomepage.com,credible,0.0
clevelandstater.com,credible,
vaildaily.com,credible,0.0
encyclopediadramatica.rs,credible,
npr.org,credible,-1.0
timesofcambodia.com,fake,
kearneycourier.com,credible,
newspaperdeathwatch.com,credible,
hcpress.com,credible,
airforcetimes.com,credible,0.0
cnn-internationaledition.com,fake,
cpimages.com,credible,
spacedaily.com,credible,
adamtanner.com,credible,
kashmirtimes.com,credible,
roanecounty.com,credible,
opencalais.com,credible,
wgrz.com,credible,0.0
pixplanete.fr,credible,
merryjane.com,mixed,-1.0
psucollegio.com,credible,
patriothangout.com,credible,
610cktb.com,credible,
frumforum.com,credible,
multnomahmuse.blogspot.com,credible,
malebits.com,credible,
bosquecountytoday.com,credible,
statesville.com,credible,0.0
patrioticviralnews.com,fake,1.0
whitehouse.gov,credible,-1.0
krvn.com,credible,
couriernews.com,credible,1.0
nymeta.co,fake,
wlos.com,credible,1.0
guerrilla.news,credible,
slashgear.com,credible,
petoskeynews.com,credible,-1.0
albertatimes.com,fake,
durhamregion.com,credible,
westernadvocate.com.au,credible,
yourdailyjournal.com,credible,
ibtimes.com.au,credible,
environmentalleader.com,credible,
understandmedia.com,credible,
thefacts.com,credible,
theanchor.ca,credible,
indexmundi.com,credible,0.0
citizensunited.org,fake,
popsugar.com,credible,
blackinsurancenews.com,fake,
wobm.com,credible,
dfw.com,credible,
squawker.org,credible,
ricethresher.org,credible,
kathleendoler.com,credible,
colddeadhands.us,mixed,1.0
publicradiotulsa.org,credible,
jweekly.com,credible,
palatinate.org.uk,credible,
deadlinelive.info,fake,
cutbankpioneerpress.com,credible,
valleyadvocate.com,credible,
jamesgoodale.net,credible,
pressrepublican.com,credible,
palaciosbeacon.com,credible,
salisburypost.com,credible,
wpsdlocal6.com,credible,
snowforecast.com,credible,
rbs2.com,credible,
themercury.com.au,credible,
city-journal.org,credible,1.0
rockdalereporter.com,credible,
politicalsitenews.com,fake,
stuttgartdailyleader.com,credible,
atlbanana.com,credible,
editorandpublisher.com,credible,
texasmonthly.com,credible,-1.0
paloaltoonline.com,credible,
kmph-kfre.com,credible,
newslo.com,fake,
debunkingdenialism.com,credible,-1.0
echo-pilot.com,credible,
thetartan.org,credible,
freenewsfeed.com,credible,
realclearpolitics.com,credible,1.0
endthefed.org,fake,1.0
mobilitytechzone.com,credible,
topangamessenger.com,credible,
factwire.org,credible,0.0
antinews.com,fake,
good.is,credible,-1.0
brainerddispatch.com,credible,1.0
awna.com,credible,
jewishworldreview.com,mixed,1.0
localreader.org,credible,
axiomphotographic.com,credible,
smokymountainnews.com,credible,
villanovan.com,credible,
dailytarheel.com,credible,-1.0
siskiyoudaily.com,credible,
mondotimes.com,credible,
jamiajournal.com,credible,
onelouderphoto.com,credible,
empireherald.com,fake,
greatamericanpolitics.com,credible,
knightdigitalmediacenter.org,credible,
ejinsight.com,mixed,-1.0
lyndseydarcangelo.com,credible,
zdnet.com,credible,0.0
lucylaing.com,credible,
wutc.org,credible,
reporter-times.com,credible,-1.0
makpro.com,credible,
927thevan.com,credible,
nationalinsiderpolitics.com,credible,
news.harvard.edu,credible,0.0
mnc.net,credible,
digitalbroadcasting.com,credible,
http.,credible,
axiomnewsnetwork.com,credible,
maryboroughadvertiser.com.au,credible,
nbc25news.com,credible,1.0
enewspf.com,credible,
fair.org,credible,-1.0
theintercept.com,credible,-1.0
fairfieldchampion.com.au,credible,
gratefuldread.wordpress.com,credible,
loriborgman.com,credible,
morningstaronline.co.uk,credible,-1.0
lawfareblog.com,credible,0.0
weather.info,credible,
zielenbach.com,credible,
wattsupwiththat.com,fake,
themountainpress.com,credible,1.0
lancasterfarming.com,credible,
bit.ly,credible,
deadline.com,credible,-1.0
usfanzone.com,fake,
potatriotsunite.com,credible,
fedsoc.org,mixed,1.0
mastphotography.com,credible,
630wpro.com,credible,
constructionweekonline.com,credible,
pacifica.org,credible,
bobsassone.typepad.com,credible,
worldmeteo.info,credible,
austlii.edu.au,credible,
news-star.com,credible,
gsnmagazine.com,credible,
nraila.org,mixed,1.0
triggernews.com,credible,
automotostar.com,fake,
thatsnonsense.com,credible,0.0
freedomworldnews.com,fake,
drumhellermail.com,credible,
investmentresearchdynamics.com,fake,
gocomics.com,credible,
air-news.net,credible,
theproudliberal.org,fake,-1.0
dailyhelmsman.com,credible,
hendersondailynews.com,credible,
50megs.com,credible,
medicine.news,fake,1.0
census.gov,credible,
nap-sack.org,credible,
scopefeatures.com,credible,
wmicentral.com,credible,
postcrescent.com,credible,
shelbycountyreporter.com,credible,1.0
mcgilldaily.com,credible,
vaccines.news,fake,1.0
wavy.com,credible,0.0
cbslocal.com,credible,
rogueriverpress.com,credible,
whitesalmonenterprise.com,credible,
ledgergazette.com,credible,
connectmidmissouri.com,credible,
davidbarnes.info,credible,
folksvideo.com,credible,
canoe.com,credible,
timescitizen.com,credible,
coalgaterecordregister.com,credible,
thedailyreview.com,credible,
ualberta.ca,credible,
discoverytheword.com,credible,
cooknewsherald.com,credible,
realitytvworld.com,credible,
wordsonwords.com,credible,
people-press.org,credible,
thepilot.com,credible,
thebalance.com,credible,0.0
drudgereport.com,fake,1.0
jefftompkinsbooks.com,credible,
clarionproject.org,fake,1.0
economy.com,credible,
econofact.org,credible,-1.0
naturalnews.com,fake,1.0
sciencing.com,credible,-1.0
nasamoonhoax.com,fake,
thedailycentrist.com,credible,
bayoubuzz.com,credible,
japantimes.co.jp,credible,0.0
tasohountas.com,credible,
wkms.org,credible,
cisternyard.com,credible,
fbherald.com,credible,1.0
buzzsawpolitics.com,credible,
weeklycitizen.com,credible,
meteostar.com,credible,
splc.org,credible,
cnnews3.com,fake,
wilsoncountynews.com,credible,
goldweather.com,credible,
scotusblog.com,credible,0.0
silverstealers.net,fake,
hudson.org,credible,1.0
commercialappeal.com,credible,0.0
sonsof1776.com,mixed,1.0
mnginteractive.com,credible,
politicalupdator.com,fake,
morningsun.net,credible,
whtc.com,credible,
desototimes.com,credible,
the-standard.org,credible,
therepublicannews.com,credible,
crfb.org,credible,1.0
jimlaurie.com,credible,
promediaohio.com,credible,
heavy.com,credible,-1.0
thedailymeal.com,credible,
bluevisionpost.com,fake,
mbganews.com,credible,
tomatonation.com,credible,
dddnews.com,credible,
tucollegian.org,credible,
cherokeetribune.com,credible,
burnettcountysentinel.com,credible,0.0
vvdailypress.com,credible,-1.0
klfm967.co.uk,credible,
wauchopegazette.com.au,credible,
muleshoejournal.com,credible,
thevermilion.com,credible,
therundownlive.com,fake,
upenn.edu,credible,
konstantinkakaes.com,credible,
winningdemocrats.com,fake,
thenews.org,credible,
weeklyanchor.com,credible,
flash90.com,credible,
kennerly.com,credible,
onenewspage.com,credible,
bennun.biz,credible,
thewellesleynews.com,credible,
skynews.com,credible,
qt.com.au,credible,
kticradio.com,credible,
wtov9.com,credible,1.0
northcountrynow.com,credible,
outtherenews.com,credible,
capjournal.com,credible,
news.va,credible,
boudist.com,credible,
pix11.com,credible,0.0
parkstonadvance.com,credible,
oceanweather.com,credible,
gillettenewsrecord.com,credible,
oweb.com,credible,
examiner.com.au,credible,
wfit.org,credible,
sierraclub.org,credible,
winonadailynews.com,credible,0.0
topinfopost.com,fake,
rand.org,credible,0.0
bluetribune.com,credible,
fark.com,mixed,-1.0
penrithcitygazette.com.au,credible,
alexandertechnique.com,credible,
thiswaytothe.net,credible,
myfoxtampabay.com,credible,
zougla.gr,credible,
schooljournalism.org,credible,
investopedia.com,credible,0.0
dawsonnews.com,credible,
americanaffairsjournal.org,credible,1.0
ucalgary.ca,credible,
conservativeammo.com,fake,1.0
boogiebuggy.com,credible,
lubbockonline.com,credible,1.0
greenwichtime.com,credible,
feedrover.com,credible,
blabbermouth.net,credible,
thegarlandtexan.com,credible,
ktep.org,credible,
mediatrack.com,credible,
ddemocraticunderground.com,fake,
capebretonpost.com,credible,
oilprice.com,credible,1.0
rgj.com,credible,-1.0
technewsiit.com,credible,
thepoliticaltribune.com,credible,
prairiepost.com,credible,
fox8live.com,credible,0.0
swipnet.se,credible,
india.com,credible,1.0
u.tv,credible,
therecordherald.com,credible,
sentinelblog.com,fake,
grandrapidsmn.com,credible,-1.0
langaravoice.com,credible,
associatednewspapers.com,credible,
kingmanphotography.com,credible,
asahi.com,credible,
creambmp.com,fake,
nhonews.com,credible,
weathertomorrow.net,credible,
shc.edu,credible,
sunnysouthnews.com,credible,
comparrotpuzzles.com,credible,
chicagodefender.com,credible,
educateinspirechange.org/health,fake,
conservativetoday.com,mixed,1.0
murrayledger.com,credible,
renewamerica.com,fake,
otcoutlook.com,credible,
leanleft.com,credible,
dustinrogers.com,credible,
highplainsobserverperryton.com,credible,
trueviralnews.com,fake,
wdbj7.com,credible,0.0
abc12.com,credible,0.0
thetownsman.com,credible,
cio-today.com,credible,
conservapedia.com,fake,1.0
cnav.org.au,credible,
pbn.com,credible,
usatoday.com,credible,-1.0
news-leader.com,credible,-1.0
journalexpress.net,credible,
thecanary.co,mixed,-1.0
schmedium.org,credible,
eagle973.com,credible,
studentnewsdaily.com,credible,
terrawellington.com,credible,
thelocal.no,credible,-1.0
lamarledger.com,credible,
thenextweb.com,credible,-1.0
financialpost.com,credible,1.0
okspj.com,credible,
kxnet.com,credible,0.0
collegiatetimes.com,credible,
virginiamn.com,credible,
starlocalmedia.com,credible,
truthout.org,mixed,-1.0
usaonlinepolitics.com,fake,
daumanpictures.com,credible,
politicalflare.com,fake,-1.0
investigaterussia.org,credible,-1.0
hour.ca,credible,
pleasantonexpress.com,credible,
thisisthezerohour.com,credible,-1.0
lightreading.com,credible,
nydailynews-tv.com,fake,
waukonstandard.com,credible,
amestrib.com,credible,-1.0
elpais.com,credible,-1.0
westernecho.com.au,credible,
ilrt.org,credible,
times.com.mx,fake,
sheknows.com,credible,
libertyheadlines.com,credible,1.0
valdezstar.net,credible,
steadfastandloyal.com,fake,1.0
trueactivist.com,fake,-1.0
bignews.biz,credible,
earlofarihutchinson.blogspot.com,credible,
robertmknight.net,credible,
victorialim.com,credible,
heraldcourier.com,credible,0.0
jconline.com,credible,-1.0
dobsonagency.co.uk,credible,
informationliberation.com,fake,1.0
freedomnewsreport.com,fake,1.0
siouxlandmatters.com,credible,
sangrechronicle.com,credible,
shondaland.com,mixed,-1.0
usaisonline.com,credible,
brooklynvegan.com,credible,
stlpublicradio.org,credible,
ghost.report,fake,1.0
andymccartney.com,credible,
ypct.com.au,credible,
uni-dortmund.de,credible,
dafjones.com,credible,
thedpost.com,credible,
hotair.com,credible,1.0
healthaffairs.org,credible,
observer.com,credible,1.0
fortwayne.com,credible,
jewishvoiceny.com,credible,
srpressgazette.com,credible,
kvia.com,credible,0.0
tahlequahdailypress.com,credible,
wbrc.com,credible,0.0
themacweekly.com,credible,
ecuadortimes.net,credible,
jstor.org,credible,
newstoad.net,mixed,
ibj.com,credible,
ellwoodcityledger.com,credible,
bankerandtradesman.com,credible,
wmacnews.com,credible,
theintelligencer.com,credible,
northernvatimes.com,credible,
jsonline.com,credible,-1.0
rooseveltinstitute.org,credible,-1.0
jamaicaplaingazette.com,credible,
nextbigfuture.com,credible,
dailylobo.com,credible,
wctv.tv,credible,0.0
harrisburg.com,credible,
tarbell.org,credible,
geelongadvertiser.com.au,credible,
siliconangle.com,credible,
verifiedpolitics.com,credible,
smileypete.com,credible,
multinationalmonitor.org,credible,
macombdaily.com,credible,0.0
americasnewest.com,credible,
island.net,credible,
washpostco.com,credible,
dvidshub.net,credible,
thecalifornian.com,credible,-1.0
stillnessinthestorm.com,fake,1.0
npiamerica.org,fake,
mariececilethijs.com,credible,
amritabharati.com,credible,
indyrepnews.com,credible,
sipiapa.com,credible,
theantimedia.org,fake,
weirdnewsfiles.com,credible,
photo.nl,credible,
palmerreport.com,fake,-1.0
dothanfirst.com,credible,
digitaltrends.com,credible,
ambientweather.com,credible,
snd.org,credible,
trumpvision365.com,fake,
kudus.com,credible,
wtexas.com,credible,
gopocalypse.org,credible,
computerworld.com,credible,
fivethirtyeight.com,credible,-1.0
douglascountysentinel.com,credible,1.0
eyevine.com,credible,
usustatesman.com,credible,
siasat.com,credible,
corporateinformation.com,credible,
thevanhornadvocate.com,credible,
proliberty.com,credible,
verywell.com,credible,
jefoto.com,credible,
blackstar.com,credible,
wtvr.com,credible,0.0
dennismichaellynch.com,mixed,1.0
wayne.edu,credible,
polkio.com,credible,
fdlreporter.com,credible,
tcij.org,credible,
paulsann.org,credible,
tcnj.edu,credible,
americanprogress.org,mixed,-1.0
austinchronicle.com,credible,-1.0
cmbam.org,credible,
tennesseestar.com,fake,1.0
thelabradorian.ca,credible,
nih.gov,credible,
awm.com,fake,1.0
chicagodaily.pro,credible,
tyrannyrising.com,credible,
michael-craig.com,credible,
ronpaullibertyreport.com,mixed,1.0
truthorfiction.com,credible,0.0
onlinenewstimes.com,credible,
bcheights.com,credible,
internationalresidence.ru,credible,
dixiesunnews.com,credible,
windomnews.com,credible,
forecastadvisor.com,credible,
ladysmithnews.com,credible,
franklinfavorite.com,credible,
actforamerica.org,credible,
mediabistro.com,credible,
pigdog.org,credible,
bonnyvillenouvelle.ca,credible,
realclearpolicy.com,credible,1.0
sheepkillers.com,fake,
satoripublishing.com,credible,
mudgeeguardian.com.au,credible,
wnku.org,credible,
medialit.org,credible,
thetandd.com,credible,0.0
cyberjournalist.org.in,credible,
theonion.com,mixed,
newsviewsnreviews.com,credible,
theadanews.com,credible,-1.0
justjaredjr.com,credible,
fusion.tv,credible,
agweb.com,credible,1.0
eric261.tripod.com,credible,
ryersonian.ca,credible,
ksla.com,credible,0.0
internationalpeaceandconflict.org,credible,
manger.us,credible,
usasupreme.com,fake,1.0
thedrum.com,credible,
awis.com,credible,
itv.com,credible,
dallasobserver.com,credible,
fmobserver.com,mixed,
smobserver.com,credible,
theforneypost.com,credible,
bostonreview.net,credible,-1.0
tuscaloosanews.com,credible,-1.0
finances.com,credible,
greenvillegazette.com,credible,
demingheadlight.com,credible,
bwca.cc,credible,
lagrangenews.com,credible,1.0
wjhg.com,credible,0.0
chicotexan.com,credible,
ejsphoto.com,credible,
mediachannel.org,credible,
debatepost.com,credible,
newsconservative.com,fake,
register-herald.com,credible,
worldoil.com,credible,
archdaily.com,credible,
reverbpress.news,credible,
snocountry.com,credible,
politicsusanews.com,fake,
starherald.net,credible,
plattecountycitizen.com,credible,
schema-root.org,credible,
fcc.gov,credible,
prepperwebsite.com,fake,
adelaide.edu.au,credible,
californiahealthline.org,credible,
wesley.edu,credible,
yaf.org,mixed,1.0
arabnews.com,fake,1.0
tucsonpost.com,credible,
drudge.com,credible,-1.0
hazelhenderson.com,credible,
democraticreview.com,credible,
kpic.com,credible,1.0
swns.com,credible,
stockandland.com.au,credible,
theregister.co.uk,credible,
thedailymire.com,credible,
jeremyjosephs.com,credible,
bendigoweekly.com.au,credible,
postsignal.com,credible,
thetimesnews.com,credible,-1.0
ccenterdispatch.com,credible,
gq.com,credible,-1.0
journaliststoolbox.org,credible,
newjerseyhills.com,credible,
fxnewscall.com,credible,
investmentunderground.com,credible,
qcsunonline.com,credible,
bordermail.com.au,credible,
truthagainstthemachine.com,credible,
skepticalscience.com,credible,
wdel.com,credible,
dnronline.com,credible,
crowleygraphs.com,credible,
bonniewren.com,credible,
fusion.net,credible,
graphicnews.com,credible,
procon.org,credible,0.0
deadlyclear.wordpress.com,fake,
lynx.media,credible,
dnaindia.com,credible,
wsar.com,credible,
benedictepaviot.eu,credible,
viralcocaine.com,fake,
wktv.com,credible,
contactpressimages.com,credible,
freedomjunkshun.com,fake,
chestercountyindependent.com,credible,
dailykos.com,fake,-1.0
pictureline.co.uk,credible,
theadvocate.com.au,credible,
ff.org,mixed,1.0
usconservativetoday.com,fake,
gazettetimes.com,credible,0.0
lakelandtimes.com,credible,
liberalsociety.com,credible,
pcc.org.uk,credible,
wboc.com,credible,
glamour.com,credible,-1.0
goulburnpost.com.au,credible,
thecherrycreeknews.com,credible,
amnesty.org,credible,
undercurrentnews.com,credible,
case.edu,credible,
biztimes.com,credible,
wyso.org,credible,
flatoniaargus.com,credible,
telenet.be,credible,
australiannationalreview.com,fake,1.0
discovery.org,fake,1.0
jackcentral.org,credible,
amposts.com,fake,
awwnews.com,credible,
uww.edu,credible,
viralnewsnetwork.net,credible,
collective-evolution.com,fake,
mwcnews.net,credible,
fotobaron.com,credible,
politicspaper.com,fake,
hrc.org,credible,-1.0
greenmoney.com,credible,
thepostnewspaper.net,credible,
truthkings.com,fake,
fox28.com,credible,
marcosecchi.com,credible,
studentpress.org,credible,
power-eng.com,credible,
flashpoints.net,credible,
germantownnews.com,credible,
dvalnews.com,credible,
ky6news.com,credible,
blueridgenow.com,credible,
chronicle-tribune.com,credible,1.0
wsnewspublishers.com,credible,
medscape.com,credible,
3dprint.com,credible,
vaniercollege.qc.ca,credible,
torchonline.com,credible,
londonwebnews.com,fake,
trtworld.com,mixed,1.0
wlrh.org,credible,-1.0
keloland.com,credible,0.0
ottawaradio.net,credible,
post-journal.com,credible,1.0
boonewrites.com,credible,
rutgers.edu,credible,
populationconnection.org,credible,-1.0
skeptic.com,credible,
gattonstar.com.au,credible,
naroomanewsonline.com.au,credible,
floridakeysnews.info,credible,
sentinelnow.com,credible,
suwanneedemocrat.com,credible,
cartelreport.com,credible,
barnesreview.org,credible,
newschicken.com,credible,
forwardtimes.com,credible,
world.wng.org,credible,
oleantimesherald.com,credible,
politico.com,credible,-1.0
24newsflash.com,fake,
channel59news.com,fake,
abcactionnews.com,credible,0.0
hbr.org,credible,0.0
thelily.com,credible,-1.0
lehighvalleylive.com,credible,-1.0
renewedright.com,fake,1.0
koreatimes.co.kr,credible,-1.0
apnews.com,credible,-1.0
rocketminer.com,credible,
oddnews.org,credible,
ksdk.com,credible,0.0
fortune.com,credible,1.0
justavisual.net,credible,
helena-arkansas.com,credible,
uwa.edu.au,credible,
artistsyndicate.ca,credible,
ksat.com,credible,0.0
bing.com,credible,
theconservativetreehouse.com,fake,1.0
abc3340.com,credible,1.0
ce-review.org,credible,
detroitphotojournalism.com,credible,
uisjournal.com,credible,
minbcnews.com,credible,
brown.edu,credible,
sacobserver.com,credible,
kidsinperth.com,credible,
news8000.com,credible,0.0
island-photos.com,credible,
fakingnews.com,fake,
wmo.int,credible,
franksmyth.com,credible,
imcnews.org,credible,
americanmilitarynews.com,credible,1.0
focusonthefamily.com,fake,1.0
urbanimagemagazine.com,fake,
mckenziepost.com,credible,
lehighacresgazette.us,credible,
libertyviral.com,credible,
se1media.com,credible,
counton2.com,credible,0.0
whowhatwhy.com,credible,
inasmuchfoundation.org,credible,
strategic-culture.org,fake,1.0
southbus.com.au,credible,
brhubart.blogspot.com,credible,
insidescience.org,credible,
thegauntlet.ca,credible,
doctoroz.com,fake,1.0
renewableenergyworld.com,credible,
dnj.com,credible,-1.0
lennoxnews.com,credible,
oregoncoasttoday.com,credible,
scottlondon.com,credible,
wvah.com,credible,1.0
madpatriots.com,fake,
dailynews.com,credible,1.0
leftjustified.com,mixed,-1.0
tristatehomepage.com,credible,0.0
curiosity.com,credible,
philippengelhorn.com,credible,
today.com,credible,-1.0
rodong.rep.kp,credible,
wkcurrent.com,credible,
atlantic.ctvnews.ca,credible,
harddawn.com,credible,
thehindubusinessline.com,mixed,1.0
theextinctionprotocol.com,fake,
resilience.org,mixed,-1.0
lindasherwood.com,credible,
dannyarao.com,credible,
shorensteincenter.org,credible,0.0
nocturnalmovements.net,credible,
nos.nl,credible,1.0
telus.net,credible,
clclt.com,credible,
hpenews.com,credible,1.0
medgadget.com,credible,
angrypatriotmovement.com,fake,
moonbattery.com,fake,1.0
leaderjournal.com,credible,
defenddemocracy.org,credible,
mountaintimes.net,credible,
gopbriefingroom.com,credible,
dailyfreepress.com,credible,
kiranridley.co.uk,credible,
placesjournal.org,credible,0.0
armyusanews.com,fake,
usapoliticstoday.com,fake,
mauinews.com,credible,-1.0
szulc.info,credible,
newsela.com,credible,0.0
carbonnation.info,credible,
truthmonitor.com,credible,
heartland.org,fake,1.0
firstcallmagazine.wordpress.com,credible,
bombalatimes.com.au,credible,
ricentral.com,credible,
people.com,credible,-1.0
muskogeephoenix.com,credible,
victoriastandard.ca,credible,
archercountynews.com,credible,
freedomworks.org,mixed,1.0
kushand.org,credible,
marietta.edu,credible,
justfacts.com,credible,1.0
capitalismmagazine.com,credible,1.0
caller.com,credible,-1.0
usahitman.com,fake,
wjct.org,credible,
wsiltv.com,credible,0.0
conservativespirit.com,fake,
kenw.org,credible,
bizpacreview.com,mixed,1.0
29hdnetwork.com,credible,
paulunderhill.com,credible,
accesswdun.com,credible,
cavalierdaily.com,credible,
assamtribune.com,credible,
willamettecollegian.com,credible,
localconditions.com,credible,
jhunewsletter.com,credible,
dailycomet.com,credible,-1.0
pressflex.com,credible,
carlchapman.com,credible,
tabletmag.com,credible,1.0
offendedamerica.com,credible,
silverbearcafe.com,fake,
freedomoutpost.com,fake,
ipsnews.net,credible,
turleyct.com,credible,
president45donaldtrump.com,fake,
dipag.com,credible,
kcbx.org,credible,
firehouse.com,credible,
viraltube.nl,fake,
8newsnow.com,credible,0.0
torumorimoto.com,credible,
otterosenkrantz.blogspot.com,credible,
okpress.com,credible,
thepaperboy.com,credible,
countingpips.com,credible,
news.mywebpal.com,credible,
flickr.com,credible,
movingnorth.blogspot.com,credible,
altweeklies.com,credible,
naplesherald.com,credible,
kaaltv.com,credible,0.0
wiat.com,credible,
clarksvilleonline.com,credible,
ammsa.com,credible,
theaquinian.net,credible,
thepointnews.com,credible,
uslibertywire.club,credible,
dieharddemocrat.com,credible,
thereligionofpeace.com,fake,1.0
politicono.com,fake,
iwf.org,mixed,1.0
ironmountaindailynews.com,credible,0.0
stonyplainreporter.com,credible,1.0
threepercenternation.com,fake,
jesupcitizenherald.com,credible,
theguardian.com.au,credible,
thecherokeean.com,credible,
businesswire.com,credible,
historynewsnetwork.org,credible,-1.0
themilreview.com,credible,
skynet.be,credible,
arkansasonline.com,credible,1.0
presscom.com,credible,
thegeorgeanne.com,credible,
virtualsets.com,credible,
newstarget.com,fake,
njjewishnews.com,credible,
popularresistance.org,credible,-1.0
christiantoday.info,fake,
webpronews.com,credible,
ctnewsonline.com,credible,
libertyblitzkrieg.com,fake,
tvweek.com,credible,
foxct.com,credible,
feedburner.com,credible,
ricochet.com,mixed,1.0
underexposed.org,credible,
gospelherald.com,credible,
newzy.net,credible,
creation.com,fake,1.0
publicitas.com,credible,
worldpoliticsnow.com,fake,
nova-magazine.net,credible,
wnanews.com,credible,
stuttgartcitizen.com,credible,
policegazette.us,credible,
jobjournal.com,credible,
theadvocates.org,mixed,1.0
humberetc.com,credible,
judyfisher.co.uk,credible,
c-bstatesman.com,credible,
johnnyrobish.com,mixed,
klcc.org,credible,
whas11.com,credible,0.0
actionforex.com,credible,
usanethosting.com,credible,
netnebraska.org,credible,
itar-tass.com,credible,
wundergroundmusic.com,mixed,
thehillnews.org,credible,
oberlinreview.org,credible,
bna.com,credible,
adflegal.org/media,credible,
peakoil.com,credible,
independentminute.com,fake,
hellochristian.com,credible,
fwweekly.com,credible,-1.0
thedailyworld.com,credible,
competitor.com,credible,
saritasarvate.com,credible,
tmzhiphop.com,credible,
naacp.org,credible,-1.0
newsombudsmen.org,credible,
norfolknavyflagship.com,credible,
microfinancemonitor.com,credible,
qchron.com,credible,
durrants.co.uk,credible,
recorder.com,credible,
sabanews.net,credible,
unruephoto.com,credible,
wgal.com,credible,0.0
baltimoresun.com,credible,-1.0
tribstar.com,credible,-1.0
dineal.com,fake,
hsionline.com,fake,
rejournals.com,credible,
sundayworld.com,credible,
patmcdonogh.com,credible,
tplnews.com,fake,-1.0
preventionweb.net,credible,
southreporter.com,credible,
indiatoday.intoday.in,credible,
ozarkcountytimes.com,credible,
worldpopulationreview.com,credible,0.0
nader.org,credible,
themindunleashed.org,fake,
haligonia.ca,credible,
globalinfotoday.com,credible,
beatricedailysun.com,credible,0.0
weyburnreview.com,credible,
stateofthenation2012.com,credible,
varsity.co.uk,credible,
keyc.com,credible,0.0
customweather.com,credible,
marketswired.com,credible,
politickernj.com,credible,
abcnews.com.co,fake,
daily-review.com,credible,
iowaparkleader.com,credible,
hospitalitynet.org,credible,
thevillagessuntimes.com,credible,
lexology.com,credible,
expressen.se,credible,1.0
newspapersinfo.com,credible,
fox23.com,credible,0.0
liverpoolchampion.com.au,credible,
mattblackspeaks.blogspot.com,credible,
thefederalistpapers.org,fake,1.0
5newsonline.com,credible,
returnofkings.com,credible,
hutchnews.com,credible,-1.0
centerforinquiry.org,credible,-1.0
wkzo.com,credible,
fox10tv.com,credible,0.0
slovakianews.sk,credible,
kolotv.com,credible,0.0
vesselnews.io,credible,
eastbayri.com,credible,
redstatejournalist.com,credible,
grandforksherald.com,credible,1.0
reviewonline.com,credible,
portisabelsouthpadre.com,credible,
whitesboronews.com,credible,
vermilionstandard.com,credible,1.0
thecornellreview.org,credible,
lufkindailynews.com,credible,
newswars.com,fake,1.0
sportspickle.com,mixed,
cleveland19.com,credible,0.0
stuff.co.nz,credible,-1.0
djcoregon.com,credible,
theohiostar.com,fake,1.0
digitaljournal.com,credible,0.0
whiteville.com,credible,
newsquest.co.uk,credible,
missourinews-online.com,credible,
itsgoingdown.org,mixed,-1.0
latinospost.com,credible,
wisconsinrapidstribune.com,credible,
flyingineurope.be,credible,
jacksonconews.com,credible,
theworldupdate.com,fake,
constitutioncenter.org,credible,0.0
franklincountytimes.com,credible,
ketr.org,credible,
newsaegis.com,credible,-1.0
raymondville-chronicle.com,credible,
ncregister.com,mixed,1.0
tylerpaper.com,credible,1.0
breakingnewsblast.com,fake,
irishnewsarchive.com,credible,
skyandtelescope.com,credible,
newschannel6now.com,credible,0.0
altoonamirror.com,credible,
conservation-us.org,credible,
riasberlin.de,credible,
secureamericanow.org,fake,1.0
wprl.org,credible,
bpnews.net,credible,
thedrivebyblogger.blogspot.com,credible,
itlnet.net,credible,
policeone.com,credible,
gunnisontimes.com,credible,
rrstar.com,credible,-1.0
warincontext.org,credible,
anotherdayintheempire.com,fake,
jaylclendenin.com,credible,
fwdnow.com,credible,
factscan.ca,credible,
gainesvilleregister.com,credible,-1.0
koreanquarterly.org,credible,
debka.com,fake,1.0
usa360-tv.com,fake,
wdam.com,credible,0.0
6hourday.org,credible,
mainemirror.com,credible,
barefootworkshops.org,credible,
mickryan.com,credible,
langleyadvance.com,credible,
ccitynews.net,credible,
coolwx.com,credible,
valleytimes-news.com,credible,1.0
nwaonline.com,credible,1.0
sjsunews.com,credible,
mcalesternews.com,credible,-1.0
albawaba.com,fake,1.0
doiy.com,credible,
wataugademocrat.com,credible,
wondradio.com,credible,
wojphoto.homestead.com,credible,
omninternet.com,credible,
ivymags.com,credible,
slate.com,credible,-1.0
bobbrooke.com,credible,
michiganpress.org,credible,
mynorthwest.com,credible,1.0
insightnews.com,credible,
kdvr.com,credible,0.0
vineyardgazette.com,credible,
marquettewire.org,credible,
altoday.com,credible,1.0
wtae.com,credible,0.0
bio.org,credible,
dawn.com,mixed,-1.0
learnprogress.org,fake,
zenfolio.com,credible,
mediatrails.com,credible,
actionunlimited.com,credible,
thepaper24-7.com,credible,
taxjustice.net,credible,-1.0
srnnews.com,credible,1.0
worldometers.info,credible,0.0
scpronet.com,credible,
lulop.com,credible,
ahherald.com,credible,
ushealthyadvisor.com,fake,
leader-call.com,credible,
en.metapedia.org,credible,
ottawacitizen.com,credible,1.0
simonmarks.com,credible,
paisano-online.com,credible,
manchesternewspapers.com,credible,
fairvote.org,credible,-1.0
riograndesun.com,credible,
markovits.com,credible,
wjactv.com,credible,1.0
prettycoolsite.com,mixed,
wvtm13.com,credible,0.0
returntonow.net,fake,
kplr11.com,credible,
ojr.org,credible,
stanstead-journal.com,credible,
kanw.com,credible,
thenewsgramonline.net,credible,
amityvillerecord.com,credible,
kbia.org,credible,
bullshido.net,credible,0.0
unlvrebelyell.com,credible,
nbcwashington.com,credible,-1.0
naplesnews.com,credible,-1.0
geoffreyjames.com,credible,
greenwooddemocrat.com,credible,
unicef.org,credible,
newzhog.com,credible,
beinglibertarian.com,mixed,1.0
foreignaffairs.com,credible,0.0
kykernel.com,credible,
journalism-islam.de,credible,
stimson.org,credible,0.0
usadosenews.com,fake,
dandaley.net,credible,
nationalobserver.com,credible,-1.0
immediatesafety.org,fake,
hubii.com,credible,
wvnstv.com,credible,0.0
newsday.com,credible,-1.0
alaskapublic.org,credible,-1.0
worldpoliticsreview.com,credible,-1.0
pix.org.uk,credible,
portnews.com.au,credible,
sciencemediacentre.org,credible,
insightiitb.org,credible,
undergroundjournalist.org,credible,
thesmokersclub.com,fake,
pff.org,credible,
earthlink.net,credible,
thewordonline.org,credible,
km8news.com,credible,
olneydailymail.com,credible,
edsonleader.com,credible,
denofgeek.us,credible,
wlfi.com,credible,0.0
nbcrightnow.com,credible,
accuracy.org,credible,
katc.com,credible,0.0
shoppernews.com,credible,
ua.edu,credible,
redwhiteandright.com,credible,
canadianrecord.com,credible,
wgcu.org,credible,
thenorthwestern.com,credible,
dallasnews.com,credible,1.0
mediamass.net,fake,
goupstate.com,credible,
themiamigazette.com,fake,
southcoasttoday.com,credible,-1.0
unitehere.org,credible,
jamestownsun.com,credible,1.0
regated.com,fake,1.0
wcr.ab.ca,credible,
hardenexpress.com.au,credible,
uab.es,credible,
politifact.com,credible,-1.0
robynholland.com.au,credible,
brenhambanner.com,credible,
nicholaspitt.com,credible,
shannoncountycurrentwave.com,credible,
roslyn-news.com,credible,
lhueagleeye.wordpress.com,credible,
hawaiitelegraph.com,credible,
memepoliceman.com,credible,0.0
sodblog.com,credible,
newsdaily27.com,credible,
wuft.org,credible,
theguardiansofdemocracy.com,credible,
quippingqueen.blogspot.com,credible,
bangkokpost.com,mixed,1.0
ladylibertysnews.com,fake,
goldentrianglenewspapers.com,credible,
regator.com,credible,
keprtv.com,credible,1.0
necn.com,credible,0.0
gbpix.net,credible,
live5news.com,credible,0.0
willcoxrangenews.com,credible,
magnoliaclips.com,credible,
downtown.co.uk,credible,
heatherkovar.com,credible,
finsmes.com,credible,
berlingske.dk,credible,1.0
rightalerts.com,credible,
fiafnet.org,credible,
esubulletin.com,credible,
pressdemocrat.com,credible,-1.0
newscyclesolutions.com,credible,
claremont-courier.com,credible,
omaha.com,credible,1.0
beloitdailynews.com,credible,
pipex.com,credible,
swimswam.com,credible,
klewtv.com,credible,1.0
playthegame.org,credible,
ivn.us,credible,0.0
iainaitch.com,credible,
hilltimes.com,credible,-1.0
sylvaniatelephone.com,credible,
nsnbc.me,credible,
adobochronicles.com,mixed,
newsbreakingspipe.com,fake,
newtimesslo.com,credible,
waxahachietx.com,credible,
globalpost.com,credible,
911truth.org,fake,1.0
regismedia.com,credible,
12minutos.com,fake,
silver-coin-investor.com,credible,
plumasnews.com,credible,
weaselzippers.us,fake,1.0
bobhostetler.com,credible,
slathered.com,credible,
uwpexponent.com,credible,
ebar.com,credible,-1.0
anonnews.co,fake,
krcu.org,credible,
woodradio.com,credible,
simpleorganicmedicine.com,credible,
vindy.com,credible,0.0
ucsf.edu,credible,
globalintegrity.org,credible,0.0
georgetowner.com,credible,
starchefs.com,credible,
stephaniediani.com,credible,
josepharosen.com,credible,
acespilotshop.com,credible,
kmbz.com,credible,
chillicothegazette.com,credible,
robertleon.com,credible,
paulcraigroberts.org,fake,1.0
deanesmay.com,credible,
messengernews.net,credible,0.0
ramblernewspapers.com,credible,
missiontimescourier.com,credible,
darnews.com,credible,
sandyhuffakerjr.com,credible,
hillsbororeporter.com,credible,
resorter.com,credible,
neoshodailynews.com,credible,
tedcanovaonmedia.com,credible,
informnny.com,credible,
liberaldarkness.com,fake,
gopthedailydose.com,fake,
nativeamericans.us,fake,
gvw-photos.com,credible,
sentencingproject.org,credible,-1.0
rumfordfallstimes.com,credible,
baptistnews.com,credible,-1.0
warwickdailynews.com.au,credible,
wdtn.com,credible,0.0
thewire.in,credible,-1.0
kristupa.com,credible,
colliemail.com.au,credible,
religionmind.com,fake,
portpirierecorder.com.au,credible,
dailyhowler.com,credible,
laserguidedloogie.com,credible,
crosscut.com,credible,-1.0
mikegphotos.com,credible,
libjohnbrown.blogspot.com,credible,
wcyb.com,credible,1.0
photosbyelisa.com,credible,
mortlakedispatch.com.au,credible,
rockpix.com,credible,
voiceofamericatv.com,credible,
collegiatestandard.com,credible,
carsonnow.org,credible,
oyez.org,credible,0.0
greatnewsmag.com,credible,
newsin3d.com,credible,
darkjournalist.com,fake,
maddogproductions.com,credible,
cbs7.com,credible,0.0
mctcampus.com,credible,
kmtr.com,credible,
pastemagazine.com,credible,-1.0
sej.org,credible,
coed.com,fake,-1.0
pacificpundit.com,fake,1.0
westender.com.au,credible,
mit.edu,credible,
fromthetrenchesworldreport.com,fake,
brownfieldonline.com,credible,
babblestorm.co.uk,credible,
commondreams.org,fake,-1.0
fcnp.com,credible,
nenpa.com,credible,
sambraus.com,credible,
newsmakers.net,credible,
vagazette.com,credible,
politicalnews.me,credible,
spj.org,credible,
muscatinejournal.com,credible,0.0
gallupindependent.com,credible,
mpidailymagazine.com,fake,
wayneindependent.com,credible,
cartelpress.com,credible,
abeldanger.org,credible,
edweek.org,credible,-1.0
thetruthdivision.com,fake,
asamnews.com,credible,
puppetstringnews.com,fake,
sci-tech-today.com,credible,
ktla.com,credible,0.0
copblock.org,mixed,-1.0
thehofstrachronicle.com,credible,
headlinebrief.com,credible,
umn.edu,credible,
wyomingpublicmedia.org,credible,
mcgregormirror.com,credible,
newmexicopresswomen.org,credible,
dc-chronicle.com,credible,
prophecynewswatch.com,fake,
mvonline.com,credible,
newswriting.com,credible,
myprgenie.com,credible,
daily49er.com,credible,-1.0
brianaris.com,credible,
truthbroadcastnetwork.com,fake,
chicksontheright.com,fake,
reporter.net,credible,-1.0
reduxpictures.com,credible,
vactruth.com,fake,1.0
auroranewspaper.com,credible,
thedigitalnp.com,credible,
kadenapress.com,credible,
wakeup-world.com,credible,
rickwells.us,fake,
ncccusa.org,credible,
allnewspipeline.com,fake,1.0
abqjournal.com,credible,1.0
nationalufocenter.com,fake,
ihr.org,fake,1.0
bdnews24.com,fake,-1.0
kbc14.com,fake,
militarymedia.com,credible,
wamc.org,credible,
countyweekly.com,fake,
gwinnettdailypost.com,credible,
eastcountymagazine.org,credible,
internationalpress.org,credible,
tsl.news,credible,
akkadiantimes.com,credible,
batonrougepost.com,credible,
columbiamissourian.com,credible,
thedenverchannel.com,credible,0.0
3ccorp.net,credible,
updateamerica.com,credible,
nbcchicago.com,credible,-1.0
reliefweb.int,credible,
daily-journal.com,credible,0.0
islamicanews.com,mixed,
collegemagazine.com,credible,
registercitizen.com,credible,
cosmosmagazine.com,credible,
nashvillecitypaper.com,credible,
cooberpedynews.com.au,credible,
dailycorinthian.com,credible,
patch.com,credible,0.0
newsguild.org,credible,
undergroundworldnews.com,fake,
cp24.com,credible,0.0
jonesreport.com,fake,
houstonchronicle-tv.com,fake,
worldnewspapers.co,credible,
matthewteller.com,credible,
blackagendareport.com,fake,-1.0
canarsiecourier.com,credible,
kpbj.com,credible,
guns.com,credible,1.0
stateportpilot.com,credible,
allisonkennedy.com,credible,
informationclearinghouse.info,fake,-1.0
pravdareport.com,fake,1.0
verrit.com,credible,
nmws.us,credible,
floridafrontier.com,credible,
biomassmagazine.com,credible,
sconeadvocate.com.au,credible,
channel-7-news.com,fake,
energycitizens.org,mixed,1.0
sent-trib.com,credible,
portagedailygraphic.com,credible,
mlb.com,credible,
journalreview.com,credible,
guyraargus.com.au,credible,
drugsofficial.com,credible,
nottnews.com,credible,
cu-sentry.com,credible,
newcastlestar.com.au,credible,
colacherald.com.au,credible,
wazanews.tk,fake,
capecodtoday.com,credible,
havenews.com,credible,
aheadoftheherd.com,fake,
yourgv.com,credible,
chieftain.com,credible,-1.0
todaydispatch.com,credible,
journaldemourreal.com,credible,
cbs4local.com,credible,1.0
quadrant.org.au,fake,1.0
calgaryherald.com,credible,1.0
lbc.co.uk,mixed,1.0
enterprise-journal.com,credible,
ssentinel.com,credible,
broadcastmonitors.net,credible,
cochraneeagle.com,credible,
phoenixherald.com,credible,
qconline.com,credible,0.0
thetruthwins.com,fake,
epnewsleader.com,mixed,1.0
leftwingnation.org,credible,
host.madison.com,credible,
theseattletribune.com,fake,
fox6now.com,credible,0.0
dailyleader.com,credible,
tytnetwork.com,credible,
goodnewsagency.org,credible,
pjebsen.de,credible,
ktrh.com,credible,
nipponnews.net,credible,
mauitime.com,credible,
wunderground.com,credible,
photojournal.co.uk,credible,
ussanews.com,fake,1.0
holyobserver.com,mixed,
kswo.com,credible,0.0
factcheck.org,credible,0.0
iab.ch,credible,
debunkingskeptics.com,fake,
cfpmidweek.com,credible,
theguidon.com,credible,
newswithviews.com,fake,1.0
patriotledger.com,credible,-1.0
dpa-international.com,credible,
delaforum.com,credible,
rjhorton.com.au,credible,
hobbybroadcasting.com,credible,
menuez.com,credible,
afp.com,credible,
brookfieldcitizen.org,credible,
militarytimes.com,credible,0.0
speakgov.com,credible,
mercurynews.com,credible,-1.0
econdata.net,credible,
ntdaily.com,credible,
newsclipsonweb.com,credible,
washingtonpress.com,mixed,-1.0
franchising.com,credible,
lh-inc.ca,credible,
dapaan.com,credible,
westkentuckystar.com,credible,
bangor.ac.uk,credible,
techstartups.com,fake,1.0
csbj.com,credible,
tweeddailynews.com.au,credible,
americanbridgepac.org,mixed,-1.0
derbyinformer.com,credible,
coasttocoastam.com,fake,
responsibletechnology.org,fake,-1.0
americanconsequences.com,fake,1.0
boonvilledailynews.com,credible,0.0
unbiasedamerica.com,credible,
7days.ae,credible,
independenttribune.com,credible,0.0
free-times.com,credible,
abc40.com,credible,
ninertimes.com,credible,
komonews.com,credible,1.0
noticiasperu.com,credible,
asne.org,credible,
thirdway.org,credible,0.0
fakehatecrimes.org,mixed,1.0
metro.co.uk,mixed,-1.0
digitalspy.co.uk,credible,
toofab.com,fake,-1.0
newsdex.net,credible,
nationaleconomicseditorial.com,credible,
wallisnews.com,credible,
robertpronk.com,credible,
troyrecord.com,credible,0.0
reaganwasright.com,credible,
freebeacon.com,fake,1.0
roguebyline.wordpress.com,credible,
awdnews.com,fake,
11thhouronline.com,credible,
firstthings.com,mixed,1.0
itn.co.uk,credible,
mynews4.com,credible,1.0
ionone.com,credible,
voanews.com,credible,0.0
hcnews.com,credible,
grahamdenzler.com,credible,
shutterstock.com,credible,
pekintimes.com,credible,-1.0
omakchronicle.com,credible,
scanews.com,credible,
accuweather.com,credible,
contracostatimes.com,credible,
baltimorechronicle.com,credible,
24hrs.ca,credible,
therantidote.com,credible,
conservativepoliticus.com,fake,
heraldargus.com,credible,
kristv.com,credible,0.0
loveknowledge.org,credible,
theconcordian.org,credible,
presidentialvoting2016.com,fake,
kansaspolicy.org,mixed,1.0
aclj.org,mixed,1.0
kvlu.org,credible,
whoviating.blogspot.co.uk,credible,
naja.com,credible,
freedomnews.org.uk,credible,-1.0
brookskraft.com,credible,
littlegreenfootballs.com,credible,-1.0
liam-humor.blogspot.com,credible,
elelephantintheroom.blogspot.com,fake,
stegenherald.com,credible,
alligator.org,credible,-1.0
yumasun.com,credible,
forbesadvocate.com.au,credible,
thephoenix.com,credible,
oldriverpeddler.com,credible,
nwasianweekly.com,credible,
themadisonmisnomer.com,mixed,
scottstewartphotos.com,credible,
c4ss.org,mixed,-1.0
sacurrent.com,credible,-1.0
milwaukeesun.com,credible,
wbir.com,credible,0.0
waterfordwhispersnews.com,mixed,
americanlookout.com,fake,1.0
navytimes.com,credible,0.0
vueweekly.com,credible,
carldekeyzer.com,credible,
nla.gov.au,credible,
thesolexchange.com,fake,
halifaxcitizen.ca,credible,
patriotretort.com,credible,
countryworldnews.com,credible,
humanresourcesiq.com,credible,
geopoliticsalert.com,mixed,-1.0
blayneychronicle.com.au,credible,
quesnelobserver.com,credible,-1.0
aastocks.com,credible,
yesworld.my,credible,
boxingnews24.com,credible,
snpa.org,credible,
michellechaplow.com,credible,
iseeindia.com,credible,
defconwarningsystem.com,credible,0.0
blackamericaweb.com,mixed,-1.0
ldnews.com,credible,0.0
crowleypostsignal.com,credible,
newsline.com,credible,
arizona.edu,credible,
coveleaderpress.com,credible,
news-banner.com,credible,
thescinewsreporter.com,fake,
scoopwhoop.com,mixed,-1.0
cruxnow.com,credible,0.0
straight.com,credible,
lornacollier.com,credible,
polydoroff.com,credible,
churchmilitant.com,fake,1.0
eurasiagroup.net,credible,-1.0
myfoxmemphis.com,credible,
newslogue.com,fake,
inverse.com,credible,-1.0
rumormillnews.com,fake,1.0
walkleys.com,credible,
ogurlic.com,credible,
bwog.com,credible,
tokyofreelance.com,credible,
nyse.com,credible,
usanewstoday.com,fake,
popular.info,credible,-1.0
backedbyfact.com,credible,
mainebeacon.com,credible,-1.0
telegraaf.nl,credible,1.0
newsdeeply.com,credible,
harrodsburgherald.com,credible,
sookenewsmirror.com,credible,-1.0
emissourian.com,credible,
liberalamerica.org,fake,-1.0
myhighplains.com,credible,0.0
mavenroundtable.io,credible,
nouse.co.uk,credible,
cardiffstudentmedia.co.uk,credible,
thetimes-tribune.com,credible,0.0
allmediany.com,credible,
newamericamedia.org,credible,
the-american-interest.com,credible,
usnews.com,credible,-1.0
clintonnc.com,credible,
alaskahighwaynews.ca,credible,-1.0
thesuntimes.com,credible,1.0
dcleaks.com,fake,
rightwing.news,credible,
overtoncountynews.com,credible,
ktvn.com,credible,
freedomandprosperity.org,mixed,1.0
saukherald.com,credible,
indianexpress.com,mixed,-1.0
fakenewscodex.com,credible,
kcbd.com,credible,0.0
magicvalley.com,credible,0.0
yelmonline.com,credible,
jacksontelegraph.com,credible,
federalistnation.com,credible,
newsbuzzdaily.com,fake,
aip.org,credible,
itbusinessnet.com,credible,
stats.org,credible,
patriot.la,credible,
wnd.com,fake,1.0
benjaminfulford.typepad.com,fake,
southerndigest.com,credible,
modernhealthcare.com,credible,0.0
multichannel.com,credible,
queerty.com,credible,-1.0
sentinel-echo.com,credible,
americantruthseekers.com,credible,
belgique.actualites.co,fake,
politicops.com,fake,
liveactionnews.org,fake,
weyburnthisweek.com,credible,
washingtonevening.com,fake,
icrw.org,credible,-1.0
kingscountynews.ca,credible,
12news.com,credible,0.0
vwc.edu,credible,
ruralreflectionsblog.net,credible,
johnstoniannews.com,credible,
worldrumor.com,fake,
thedailyreporter.com,credible,-1.0
chomedeynews.ca,credible,
icenews.is,mixed,-1.0
jacksboronewspapers.com,credible,
politicaldig.com,credible,
thesentinel.com,credible,
southfront.org,fake,1.0
dailylocal.com,credible,0.0
blogher.com,credible,
uft.org,credible,-1.0
dukechronicle.com,credible,
bluefeathersonfire.co.uk,credible,
russia-insider.com,fake,1.0
kansas.com,credible,0.0
newyorklawjournal.com,credible,
nevo.news,fake,
wuwf.org,credible,
pgpost.com,credible,
southwestjournal.com,credible,
argus-press.com,credible,
loc.gov,credible,
bidnessetc.com,credible,
news.cgtn.com,credible,
alt-market.com,fake,
highline.huffingtonpost.com,credible,-1.0
americanindependent.com,mixed,-1.0
jta.org,credible,0.0
channel63news.com,fake,
intellicast.com,credible,
24usainfo.com,credible,
alliedpress.co.nz,credible,
navarrepress.com,credible,
interestingdailynews.com,fake,
bustle.com,credible,-1.0
grandtimes.com,credible,
talkradionews.com,credible,
americanewshub.com,credible,
advertisergleam.com,credible,
mattbarton.com,credible,
courthousenews.com,credible,0.0
nytimes.com,credible,-1.0
ejc.nl,credible,
schwegweb.com,credible,
laif.de,credible,
barnstablepatriot.com,credible,
gadsdenmessenger.com,credible,
georgehopkin.blogspot.com,credible,
wtaq.com,credible,
times-journal.com,credible,
cbs6albany.com,credible,
mentor2day.com,fake,
sofrep.com,credible,1.0
clearwatertribune.com,credible,
lewispnj.com,credible,
thebaffler.com,credible,-1.0
dailygamecock.com,credible,
recordstar.com,credible,
teaparty.org,fake,1.0
mataweb.com,credible,
the-global-news.com,fake,
wsls.com,credible,0.0
firstlightradio.com,credible,
imakecontent.net,credible,
intellihub.com,fake,
theweeklyreview.com.au,credible,
tcf.org,credible,-1.0
wshu.org,credible,
extraordinaryinfo.com,credible,
oudaily.com,credible,
sgtreport.com,fake,
americantoday.news,fake,
dailyeasternnews.com,credible,
heraldnews.com,credible,0.0
kittner.com,credible,
mtstandard.com,credible,0.0
eff.org,credible,-1.0
icr.org,fake,1.0
saukvalley.com,credible,
alanemmins.com,credible,
lcherald.com,credible,
propornot.com,credible,
wpxi.com,credible,0.0
goskagit.com,credible,
yarka.net,credible,
purdue.edu,credible,
promaccom.com.au,credible,
broadcastermagazine.com,credible,
msu-underground.com,credible,
streetinsider.com,credible,
calvin.edu,credible,
thepacepress.org,credible,
foxbangor.com,credible,
krbcnews.com,fake,
sojo.net,credible,-1.0
udel.edu,credible,
yucommentator.org,credible,
ciponline.org,credible,
newspapers-list.com,credible,
temporalimage.com,credible,
stlouisstar.com,credible,
latina.com,credible,
popularmechanics.com,credible,
campaignforliberty.org,mixed,1.0
china.org.cn,mixed,-1.0
powerengineeringint.com,credible,
oskaloosa.com,credible,-1.0
umich.edu,credible,
beebenews.com,credible,
beatworld.com,credible,
peterculpan.com,credible,
wftv.com,credible,0.0
louisdallara.com,credible,
damreports.com,credible,
cedarkeybeacon.com,credible,
daily-sun.com,credible,
hotspringsstar.com,credible,
cnn.com.de,fake,
gilmermirror.com,credible,
hawaii.edu,credible,
deepleftfield.info,credible,
fox10phoenix.com,credible,0.0
thedailybell.com,fake,1.0
lewistownsentinel.com,credible,
texarkanagazette.com,credible,
conspatriot.com,credible,
talk2cb.com,credible,
sacountrypress.com.au,credible,
sentinel-standard.com,credible,
prisonplanet.tv,fake,
michaelblanding.com,credible,
10news.com,credible,0.0
reporterpitch.tripod.com,credible,
themuse.ca,credible,
madamenoire.com,credible,
muwspectator.com,credible,
mahablog.com,credible,
avnwx.com,credible,
tdtnews.com,credible,
baystatebanner.com,credible,
mashable.com,credible,-1.0
automaticearth.com,fake,
boingboing.net,mixed,-1.0
hrw.org,credible,-1.0
plattecountylandmark.com,credible,
fsugatepost.tumblr.com,credible,
burnetbulletin.com,credible,
nowthisnews.com,fake,-1.0
ctctimes.com.au,credible,
qnews.com.au,credible,
der-postillon.com,mixed,
itccs.org,fake,
arktimes.com,credible,-1.0
newyorker.com,credible,-1.0
darkmoon.me,fake,
minotdailynews.com,credible,
ap.org,credible,
sc.edu,credible,
thinkprogress.org,credible,
antonnews.com,credible,
inmotionmagazine.com,credible,
marysvilleonline.net,credible,
house.gov,credible,0.0
silsbeebee.com,credible,
nantonnews.com,credible,1.0
washingtonjournal.com,credible,
cwuobserver.com,credible,
thenewsliteracyproject.org,credible,
campusecho.com,credible,
rte.ie,credible,0.0
myfoxchicago.com,credible,
ojaivalleynews.com,credible,
realnews24.com,fake,-1.0
mandurahmail.com.au,credible,
uncovercalifornia.com,credible,
weather.org,credible,
peoriapublicradio.org,credible,
wonkie.com,mixed,
austindailyherald.com,credible,-1.0
journoz.com,credible,
lewrockwell.com,fake,1.0
jwbartlett.com,credible,
nfpw.org,credible,
oilandwaterdontmix.org,credible,-1.0
stonecoldtruth.com,credible,
gmnews.com,credible,
phillyburbs.com,credible,
bu.edu,credible,
bannedinformation.com,credible,
markstahlphoto.com,credible,
wvasfm.org,credible,-1.0
fnewsmagazine.com,credible,
c4ads.org,credible,-1.0
daviddegner.com,credible,
correctionsone.com,credible,
bullionbullscanada.com,fake,
ourherald.com,credible,
freeinfomedia.com,fake,
movershakerbirthdaycakebaker.blogs.com,credible,
rttnews.com,credible,
newsphotos.com.au,credible,
cnnnext.com,fake,
thefoxgazette.com,credible,
worldfoto.com,credible,
thesylvaherald.com,credible,
bullardnews.com,credible,
timesherald.com,credible,0.0
orlandoecho.com,credible,
deplorablemovement2020.news,credible,
rutartan.com,credible,
thepolypost.com,credible,
nation.com.pk,fake,1.0
photoarts.com,credible,
ispp.org,credible,
mediamaxzone.com,fake,
wrno.com,credible,
boiseweekly.com,credible,
whale.to,credible,
newstodaynet.com,credible,
kty24news.com,fake,
realclearinvestigations.com,credible,1.0
summerpiercephotography.com,credible,
keithboykin.com,credible,
nodisinfo.com,fake,
politicalstorm.com,credible,
wmur.com,credible,0.0
change-links.org,credible,
mediaman.com.au,credible,
lincolnjournalinc.com,credible,
extraclubmagazine.com,fake,
christwire.org,mixed,
ktbs.com,credible,0.0
journalpioneer.com,credible,
noblescountyreview.net,credible,
followthemoney.org,credible,0.0
danielbrett.com,credible,
the-daily.buzz,mixed,-1.0
ocnus.net,credible,
scroll.in,credible,-1.0
fastcompany.com,credible,-1.0
steveraymer.com,credible,
aclu.org,mixed,-1.0
kxan.com,credible,0.0
geoengineeringwatch.org,fake,
meresearch.co.uk,credible,
wmtw.com,credible,0.0
meteoguru.org,credible,
currentargus.com,credible,-1.0
viralliberty.com,fake,
tahoedailytribune.com,credible,0.0
roundtop.com,credible,
gaynewsnetwork.com.au,credible,
bbc.com,credible,
economist.com,credible,0.0
late20thcenturyboy.com,credible,
skepticalraptor.com,mixed,
journal-news.com,credible,0.0
newseum.org,credible,
bookfinder.com,credible,
usadailyreview.com,credible,
dailyadvance.com,credible,
media.lsu.co.uk,credible,
edenmagnet.com.au,credible,
deadmedia.org,credible,
pqbnews.com,credible,-1.0
fraserinstitute.org,mixed,1.0
benallaensign.com.au,credible,
bients.com,fake,
ipmg.com.au,credible,
fridaymash.com,mixed,
americanheritage.com,credible,0.0
newsjustforyou1.blogspot.com,fake,
thehill.com,credible,0.0
inkbottlesyndicate.com,credible,
myeasternshoremd.com,credible,
thetomahawk.com,credible,
santafetimes.com,credible,
galvnews.com,credible,1.0
peters-place.ca,credible,
diageoafricabusinessreportingawards.com,credible,
bunyippress.com.au,credible,
egulphy.tripod.com,credible,
theprovince.com,credible,1.0
myrecordjournal.com,credible,0.0
annandaleadvocate.com,credible,
newrepublic.com,credible,-1.0
journalregister.com,credible,
itemlive.com,credible,
codepink.org,mixed,-1.0
waynesvilledailyguide.com,credible,
mathrubhumi.com,credible,
tribuneledgernews.com,credible,
jpfreek.com,credible,
keyt.com,credible,0.0
orlandoweekly.com,credible,-1.0
davidicke.com,fake,
shlomobenyaacov.com,credible,
gao.gov,credible,0.0
utata.org,credible,
cookcountynews-herald.com,credible,0.0
timbete.com,credible,
yc.news,fake,1.0
dailytrib.com,credible,
rearfront.com,fake,
forward.com,credible,-1.0
yoursun.com,credible,0.0
qnetnews.ca,credible,
paris.actualites.co,fake,
mankatofreepress.com,credible,-1.0
worldpressinstitute.org,credible,
ucaecho.net,credible,
kwwl.com,credible,0.0
pressmart.com,credible,
trentu.ca,credible,
deadstate.org,credible,-1.0
faribaultcountyregister.com,credible,
featurestorynews.com,credible,
reformer.com,credible,
citywatchla.com,credible,
weather2umbrella.com,credible,
abc6.com,credible,
bulldognews.net,credible,
lloydgarver.com,credible,
allianceforscience.cornell.edu,credible,
thedailyrash.com,credible,
good4utah.com,credible,
theloquitur.com,credible,
oceana.org,credible,
murraycountynews.net,credible,
lakeandpine.com,credible,
thinkamericana.com,credible,
studentprintz.com,credible,
news-journalonline.com,credible,
advertiserdemocrat.com,credible,
listofnewspapers.com,credible,
economicshelp.org,credible,-1.0
humanium.org,credible,-1.0
bluestemprairie.com,credible,-1.0
financialexpress.com,mixed,1.0
thepeoplescube.com,fake,1.0
nbcphiladelphia.com,credible,-1.0
foxillinois.com,credible,1.0
2ndvote.com,mixed,1.0
sentinelandenterprise.com,credible,0.0
freewebs.com,credible,
matteblack.com,credible,
thesmokymountaintimes.com,credible,
ucmessenger.com,credible,
goqnotes.com,credible,
cnet.com,credible,0.0
wtoe5news.com,fake,
golocalprov.com,credible,
ajaxnetphoto.com,credible,
concrete-online.co.uk,credible,
writingsolutions.com,credible,
tmzuncut.com,credible,
wesm913.org,credible,
ubm.com,credible,
news-journal.com,credible,0.0
ncpress.com,credible,
gippslandtimes.com.au,credible,
washingtoncitypaper.com,credible,
wsav.com,credible,0.0
hartfordinformer.com,credible,
news-herald.net,credible,
wbiw.com,credible,
liberationnews.org,mixed,-1.0
usanewspapers.com,credible,
princetonherald.com,credible,
wlrn.org,credible,
albanyherald.com,credible,
telesurtv.net,credible,
straitstimes.com,credible,1.0
psu.edu,credible,
thelinkpaper.ca,credible,
capitalgazette.com,credible,-1.0
cattlenetwork.com,credible,
populistwire.com,mixed,1.0
wanderer.com,credible,
themillerpress.com,credible,
altpress.org,credible,
expatica.com,credible,
bizarreville.com,credible,
channel55news.com,fake,
kvpr.org,credible,-1.0
centraljersey.com,credible,
usa-radio.com,fake,
koat.com,credible,0.0
filcro.com,credible,
myrightamerica.com,credible,
mitchellnews.com,credible,
sdnews.com,credible,
christinegoldbeck.com,credible,
newjerseyrock.com,credible,
perishablenews.com,credible,
botbox.com,credible,
screenshotsnews.net,credible,
fox42kptm.com,credible,1.0
liberalamerica.life,credible,
politicalwire.com,credible,0.0
ewg.org,fake,-1.0
channel5000.com,credible,
heraldbulletin.com,credible,-1.0
cbs3springfield.com,credible,
barenakedislam.com,fake,1.0
thenortherner.com,credible,
amazingnews.net,credible,
etvradio.org,credible,
cbsnews.com,credible,-1.0
justinwells.com,credible,
alternet.org,mixed,-1.0
economicvoice.com,credible,
mainenewsonline.com,credible,
bestofthewestcontest.org,credible,
washdiplomat.com,credible,
411mania.com,credible,
messenger-inquirer.com,credible,1.0
yanniskontos.com,credible,
metafilter.com,credible,
photowords.com,credible,
tccd.edu,credible,
newsgram.com,credible,
americanpatriotdaily.com,fake,1.0
zumbrota.com,credible,
oftwominds.com,fake,
townnews365.com,credible,
mobridgetribune.com,credible,
dailytribune.com,credible,
conservativestudio.com,credible,
oneidadispatch.com,credible,
engadget.com,credible,-1.0
carlislemosquito.org,credible,
asurampage.com,credible,
c21media.net,credible,
romesentinel.com,credible,
sunpatriot.com,credible,
wral.com,credible,-1.0
uchicago.edu,credible,
newjournal.us,credible,
stepfeed.com,mixed,-1.0
dailynewspix.com,credible,
parkrapidsenterprise.com,credible,1.0
thereisnews.com,mixed,
wsfa.com,credible,0.0
frionaonline.com,credible,
jackiejohnston.com,credible,
mennoboermans.nl,credible,
libertyunyielding.com,fake,
mackinac.org,mixed,1.0
healthnutnews.com,fake,1.0
newsfultoncounty.com,credible,
dailystatesman.com,credible,
ktre.com,credible,0.0
fredericksburg.com,credible,0.0
foxcarolina.com,credible,0.0
desertsun.com,credible,1.0
cbo.gov,credible,0.0
planetizen.com,credible,
uky.edu,credible,
theharbinger.org,credible,
baltimoreguide.com,credible,
rvcctherecord.com,credible,
lifeandabout.com,fake,
channel18news.com,fake,
christiantoday.com,mixed,1.0
6lawrence.com,credible,
commodityonline.com,credible,
theintellectualist.co,credible,
skiboards.com,credible,
aaronkaro.com,credible,
breakingnews.com,credible,
camera.org,credible,
ccclarion.com,credible,
newamericannews.com,credible,
journalistexpress.com,credible,
nowbreakingnews.com,credible,
gampell.com,credible,
redpolitics.us,fake,
remedydaily.com,fake,
theindependent.com,credible,0.0
thebatt.com,credible,
courier-journal.com,credible,-1.0
conservativedailypost.com,fake,1.0
pjsaine.com,credible,
11alive.com,credible,0.0
mcna.com,credible,
laloyolan.com,credible,
mancunion.com,credible,
meduza.io,credible,
alarabiya.net,credible,
aracontent.com,credible,
moviepilot.com,credible,
crispinhull.com.au,credible,
consumerist.com,credible,
theneed2know.com,credible,0.0
healthyfoodhouse.com,fake,
thevancougar.com,credible,
ajaonline.org,credible,
theineptowl.com,mixed,
bostontribune.com,fake,
wuwm.com,credible,
x22report.com,fake,1.0
demopolistimes.com,credible,1.0
belfercenter.org,credible,-1.0
niagara-gazette.com,credible,-1.0
observertoday.com,credible,
thebanneronline.com,credible,
ktbb.com,credible,
larknews.com,credible,
success-street.com,fake,
madisonet.com,credible,
florala.net,credible,
ffrf.org,mixed,-1.0
cananews.net,credible,
memphisdailynews.com,credible,
davidwarrenonline.com,credible,
postindependent.com,credible,0.0
taylorsvilletimes.com,credible,
hillcountrynews.com,credible,
duffelblog.com,fake,
hoax-slayer.com,credible,
ledevoir.com,credible,0.0
westhawaiitoday.com,credible,-1.0
bluevision.news,fake,
fairus.org,fake,1.0
fortsaskatchewanrecord.com,credible,1.0
fortherightnews.com,credible,
ic4u2.net,credible,
markjeffries.com,credible,
immortal.org,credible,
fox5vegas.com,credible,0.0
mikeyllo.com,credible,
hudsonreporter.com,credible,
usbacklash.org,fake,1.0
vulcanadvocate.com,credible,1.0
complinet.com,credible,
scottramsey.co.uk,credible,
thisistrue.com,credible,
wvgazette.com,credible,
eastvalleytribune.com,credible,0.0
comicbookresources.com,credible,
icij.org,credible,0.0
bom.gov.au,credible,
ktar.com,credible,
cowraguardian.com.au,credible,
atmoreadvance.com,credible,1.0
sentinelsource.com,credible,
truthfrequencyradio.com,fake,
conntact.com,credible,
aim.org,fake,1.0
whomakesthenews.org,credible,
barebonesnews.com,credible,
cio.com,credible,
wxpr.org,credible,
mcphersonsentinel.com,credible,0.0
wapt.com,credible,0.0
truthbrary.org,credible,
thephotographersgallery.org.uk,credible,
ifamericaknew.org,credible,-1.0
cnn.com,credible,-1.0
bluemountainsgazette.com.au,credible,
mainlinemedianews.com,credible,
dailytitan.com,credible,
9news.com,credible,0.0
notednews.com,credible,
mic.com,mixed,-1.0
mediadvise.com,credible,
unitednews.org,credible,
frontiersman.com,credible,1.0
planetjh.com,credible,
lsjournal.com,credible,
cojmc.webfactional.com,credible,
grumpyeditor.typepad.com,credible,
realestaterama.com,credible,
zootfeed.com,fake,
haughtline.net,credible,
freedomsphoenix.com,fake,
spokesman.com,credible,0.0
khq.com,credible,
goshen.edu,credible,
smdp.com,credible,
thelapost.com,credible,
disobedientmedia.com,fake,
columbiatribune.com,credible,-1.0
aspenfreepress.com,credible,
tribtoday.com,credible,
interpretermag.com,credible,-1.0
melaleucamedia.com.au,credible,
loudbassoon.com,credible,
thejewishweek.com,credible,
westondemocrat.com,credible,
uvm.edu,credible,
fox5sandiego.com,credible,0.0
jack-iddon.com,credible,
asiatimes.com,credible,0.0
kitv.com,credible,0.0
chicagomaroon.com,credible,
thevindicator.com,credible,
kiiitv.com,credible,0.0
thepiercecountytribune.com,credible,
observer-online.com,credible,
blacklivesmatter.com,mixed,-1.0
tasnimnews.com,credible,
fox28iowa.com,credible,
revelstokereview.com,credible,
feed43.com,credible,
anx.media,credible,
mountainstatesman.com,credible,
casw.org,credible,
auburnpub.com,credible,0.0
viraltitle.com,credible,
sarahandrews.com,credible,
hrmorning.com,credible,
roanoke.com,credible,0.0
sandmountainreporter.com,credible,
advancetitan.com,credible,
pineconearchive.com,credible,
newsmagazinenetwork.com,credible,
palyvoice.com,credible,
www.ncbi.nlm.nih.gov,credible,
herald-union.com,credible,
easybyte.com,credible,
nahadaily.com,mixed,
futurity.org,credible,
jlattre.free.fr,credible,
evonomics.com,credible,-1.0
sandiegouniontribune.com,credible,0.0
nextnewsnetwork.com,fake,1.0
verinhaottoni.com,credible,
news.unclesamsmisguidedchildren.com,credible,
thesorrentino.com,credible,
attitude.co.uk,fake,
manitoumessenger.com,credible,
independentcollegian.com,credible,
politicalite.com,credible,
americarisingpac.org,mixed,1.0
cgdev.org,credible,-1.0
newspapersperiodicos.com,credible,
bradenton.com,credible,
savejersey.com,credible,1.0
gympietimes.com.au,credible,
sovereignman.com,fake,
opednews.com,mixed,-1.0
tauntongazette.com,credible,-1.0
zanesvilletimesrecorder.com,credible,
mcclatchydc.com,credible,-1.0
kimballarea.com,credible,
lexisnexis.com,credible,
nbcmontana.com,credible,1.0
backchannel.com,credible,
judithcurry.com,fake,
secondnexus.com,mixed,-1.0
merrimackjournal.com,credible,
stategazette.com,credible,
page1publications.com,credible,
dibollfreepress.com,credible,
onlineconservativepress.com,fake,
photoshelter.com,credible,
bentspud.com,credible,
mna.org,credible,
superiortelegram.com,credible,
uslibertywire.com,credible,
clashdaily.com,fake,
thecipherbrief.com,credible,0.0
kabc.com,credible,
wspa.com,credible,0.0
davejanda.com,fake,
healthimpactnews.com,fake,1.0
shariawatch.org.uk,credible,
nationmaster.com,credible,0.0
thenationalmarijuananews.com,fake,
christinenesbitt.com,credible,
kjct8.com,credible,0.0
nwahomepage.com,credible,0.0
abc15.com,credible,0.0
newyorker.com/humor,mixed,
usuncut.com,fake,
aspentimes.com,credible,
gettyimages.com,credible,
wyandottedaily.com,credible,
theguardianonline.com,credible,
trurodaily.com,credible,
americandigitalnews.com,fake,
lethbridgeherald.com,credible,-1.0
keithbush.com,credible,
apa.org,credible,
variety.com,credible,-1.0
14news.com,credible,0.0
theburningspear.com,credible,-1.0
fbnewsleader.com,credible,
newscript.com,credible,
kktv.com,credible,0.0
wbaltv.com,credible,0.0
baltimoretimes-online.com,credible,
deathandtaxesmag.com,credible,
humphreyhawksley.com,credible,
huewire.com,credible,
satirelife.com,credible,
dailymail.co.uk,fake,1.0
project-syndicate.org,credible,-1.0
smhwtfnews.com,credible,
en-vovle.com,fake,
wtvbam.com,credible,
leader-news.com,credible,
e-sierrasage.com,credible,
michaelrunkel.com,credible,
france24.com,credible,
heave-ho.org,credible,
takepart.com,credible,
lithgowmercury.com.au,credible,
theknifemedia.com,credible,
oilvoice.com,credible,
nj.com,credible,
gypsy.ninja,credible,
americanimmigrationcouncil.org,credible,-1.0
news-medical.net,credible,
patheos.com,mixed,0.0
mustangnews.net,credible,
greenmedinfo.com,fake,
comicsands.com,mixed,-1.0
theconservativenut.gop,credible,
dcourier.com,credible,
madworldnews.com,fake,
iowaclimate.org,fake,1.0
hermancain.com,credible,
transdiffusion.org,credible,
fortstocktonpioneer.com,credible,
apost.com,fake,
americankabuki.blogspot.com,fake,
youthradio.org,credible,
vancouverinquirer.com,fake,
13newsnow.com,credible,0.0
sciencedebate.org,credible,0.0
greatamericandaily.com,fake,1.0
kionrightnow.com,credible,
sanevax.org,fake,
edgesanfrancisco.com,credible,
eng.majalla.com,fake,1.0
koreaherald.com,credible,1.0
campusreview.com.au,credible,
economistgroup.com,credible,
freshcontent.net,credible,
wethepeopledaily.com,fake,1.0
moraminn.com,credible,
charlie-gray.com,credible,
kens5.com,credible,0.0
utk.edu,credible,
plainsman.com,credible,
headlinespot.com,credible,
180report.com,credible,
negusmedia.com.au,credible,
prescottenews.com,credible,
seattletimes.com,credible,-1.0
moreover.com,credible,
northernpen.ca,credible,
aejmc.org,credible,
higherperspectives.com,fake,
wri.org,credible,-1.0
columbustelegram.com,credible,0.0
wadenapj.com,credible,
globalissues.org,credible,
waaytv.com,credible,0.0
h-net.org,credible,
markhertsgaard.com,credible,
dilbert.com,credible,
justsecurity.org,credible,-1.0
eurasiareview.com,credible,-1.0
barbadosunderground.wordpress.com,credible,
journalistically.com,credible,
newswire.com,credible,
thecatoctinbanner.com,credible,
theracquet.org,credible,
channel77news.com,fake,
dailymercury.com.au,credible,
newportri.com,credible,
thegatewaypundit.com,fake,1.0
kspr.com,credible,
streetlifepictures.com,credible,
coronavirus.gov,credible,0.0
cnsnews.com,fake,1.0
farzinews.com,credible,
rescue.org,credible,0.0
lasvegasweekly.com,credible,
redpeople.us,credible,
franklovece.com,credible,
pressreporter.com,credible,
theresurgent.com,credible,
zenark.com,credible,
musiconphoto.com,credible,
clickondetroit.com,credible,0.0
newsdaily.com,credible,
viralstupid.com,fake,
newshounds.us,mixed,-1.0
lynnedjohnson.com,credible,
jalopnik.com,credible,-1.0
plaindealer-sun.com,credible,
sciencebasedmedicine.org,credible,
sjuhawknews.com,credible,
sulphurdailynews.com,credible,
smoloko.com,credible,
369news.net,fake,
meadvilletribune.com,credible,
montenews.com,credible,0.0
cnycentral.com,credible,1.0
scribd.com,credible,
northerniowan.com,credible,
archpaper.com,credible,
akm.ru,credible,
connectamarillo.com,credible,
theeveningtimes.com,credible,
newsbiscuit.com,mixed,
viralspeech.com,credible,
aleteia.org,mixed,1.0
seriouslypolitics.com,credible,
aei.org,mixed,1.0
kingsvillerecord.com,credible,
moneymorning.com,credible,
usa-conservative.com,credible,
socialistworker.org,credible,-1.0
realnewsrightnow.com,fake,
iop.org,credible,
wmb36.com,fake,
content.news,credible,
healthyway.com,mixed,-1.0
kcci.com,credible,0.0
politicususa.com,fake,-1.0
thoughtcatalog.com,fake,
mercatornet.com,mixed,1.0
stephanieriggs.com,credible,
timdirven.com,credible,
crooked.com,mixed,-1.0
theindychannel.com,credible,
katytimes.com,credible,
cjr.org,credible,-1.0
goodgopher.com,fake,
addictinginfo.com,credible,
trueamericans.me,fake,
northernstar.info,credible,
newsplex.com,credible,
nynow.org,credible,
darkpolitricks.com,fake,
kirotv.com,credible,
truetrumpers.com,fake,
mediafactwatch.com,fake,1.0
stltoday.com,credible,-1.0
americanpoliticnews.co,fake,
networkworld.com,credible,
thelist.com,mixed,-1.0
theavocadonews.com,fake,
homertribune.com,credible,
legitgov.org,fake,1.0
puzzlesyndicate.com,credible,
ozarkareanetwork.com,credible,
russmaney.com,credible,
steelorbis.com,credible,
thatcoolbroad.com,credible,
usapubliclife.com,credible,
mysoutex.com,credible,
threeriverspublishing.com,credible,
prnewswire.mediaroom.com,credible,
longwarjournal.org,credible,1.0
orangeleader.com,credible,
publicnewsservice.org,credible,-1.0
pcworld.com,credible,
shu.ac.uk,credible,
goldtorchnews.com,credible,
covingtonleader.com,credible,
brexitcentral.com,credible,
usanewspolitics.com,fake,
criticism.com,credible,
redlandsdailyfacts.com,credible,0.0
news-record.com,credible,
adservicesohio.com,credible,
ihatethemedia.com,fake,1.0
suzannetoal.com,credible,
futurism.com,credible,
emarketsdaily.com,credible,
cityandstateny.com,credible,-1.0
gazette.net,credible,
cosmosphoto.com,credible,
umanitoba.ca,credible,
washingtonblade.com,credible,-1.0
charlieraven.com,credible,
lansingcitypulse.com,credible,
communitypapersofflorida.com,credible,
tomsperduto.com,credible,
lowcountryclassifieds.com,credible,
meoweather.com,credible,
carriagetownenews.com,credible,-1.0
standpointmag.co.uk,credible,
hooplaha.com,credible,
kmir.com,credible,
farmweekly.com.au,credible,
crossmap.com,credible,
polygon.com,credible,-1.0
private-eye.co.uk,mixed,-1.0
msu.edu,credible,
leoncountytoday.com,credible,
publishaletter.com,credible,
seacoastonline.com,credible,-1.0
ajr.org,credible,
pcmag.com,credible,
agwired.com,credible,
radio-classifieds.com,credible,
hgazette.com,credible,
myfoxla.com,credible,
henricocitizen.com,credible,
lpleader.com,credible,
charlestonbusiness.com,credible,
calthomas.com,credible,
selmatimesjournal.com,credible,1.0
studlife.com,credible,
wnyt.com,credible,0.0
leftscoop.com,credible,
washtimesherald.com,credible,
forexlive.com,credible,
ottawasun.com,credible,1.0
gummypost.com,fake,
confirmedia.com,credible,
newsmax.com,fake,1.0
briefing.com,credible,
authorsandexperts.com,credible,
libcom.org,mixed,-1.0
icyboards.net,credible,
satishdey.blogspot.com,credible,
economyincrisis.org,credible,
lbbizjournal.com,credible,
wsbt.com,credible,1.0
myrtlebeachonline.com,credible,
mysuburbanlife.com,credible,
ryanmauro.com,credible,
outabouter.com,credible,
canadiandimension.com,mixed,-1.0
itep.org,credible,-1.0
landoverbaptist.org,mixed,
responsesource.com,credible,
natwhitten.com,credible,
mcgilltribune.com,credible,
thegoldandoilguy.com/articles,fake,
truthsetter.com,credible,
springfieldnewssun.com,credible,0.0
newsdemocratleader.com,credible,
escapeallthesethings.com,fake,1.0
natives-today.com,fake,
wpsu.org,credible,
rocketnews.com,mixed,-1.0
oceanimages.com,credible,
citizenside.com,credible,
revolution-news.com,credible,
danielpipes.org,credible,
jackiepapandrew.com,credible,
fairfieldmirror.com,credible,
contrailscience.com,credible,
ipolitics.ca,credible,-1.0
dailyillini.com,credible,
capturednation.com,credible,
jeremynicholl.com,credible,
museum.tv,credible,
wokv.com,credible,
whatsupic.com,credible,
bredred.com,credible,
who.int,credible,
breakingdefense.com,credible,1.0
orientalreview.org,fake,
fitsnews.com,mixed,1.0
azcapitoltimes.com,credible,-1.0
modbee.com,credible,0.0
militarynews.com,credible,
moneyflowindex.org,credible,
38north.org,credible,0.0
thatviralfeed.net,fake,
freewoodpost.com,fake,
grundycountyherald.com,credible,
shopjackson.com,credible,
dicksonherald.com,credible,
nkytribune.com,credible,
theridernews.com,credible,
thetruthmainly.com,credible,
asamericanasapplepie.org,fake,
newspunch.com,credible,
atlanticfarmfocus.ca,credible,
madkane.com,credible,
cleburnetimesreview.com,credible,-1.0
nynewspapers.com,credible,
thedeplorablesociety.com,credible,
wkyc.com,credible,0.0
donaldsonvillechief.com,credible,
northcountrypublicradio.org,credible,
andrewreilly.org,credible,
wearethemighty.com,credible,0.0
wane.com,credible,0.0
dailynews10.com,fake,
individual.com,credible,
themontclarion.org,credible,
anews24.org,fake,
photoaccess.blogspot.com,credible,
commonwealmagazine.org,credible,-1.0
heresalink.com,credible,
dangerandplay.com,credible,
courierpostonline.com,credible,-1.0
galwaydailynews.com,credible,
farmwars.info,fake,
gaffneyledger.com,credible,
spectatornews.com,credible,
wuis.org,credible,
endingthefed.com,fake,
thenewsmachine.com,credible,
alfiegoodrich.com,credible,
bakken.com,credible,
newseagles.com,credible,
notrickszone.com,fake,1.0
ky12news.com,fake,
independentmail.com,credible,0.0
rrecord.com,credible,
simonwickstead.com,credible,
kathryncampbell.org,credible,
liberalplug.com,fake,
davidconger.com,credible,
mainstreetnews.com,credible,
krcgtv.com,credible,1.0
corbettreport.com,fake,1.0
dutchreview.com,credible,-1.0
maritime-executive.com,credible,
cincynation.com,credible,
neilcooper.co.uk,credible,
dailyjournal.net,credible,1.0
610kvnu.com,credible,
linxnet.com,credible,
estlow.org,credible,
constitution.com,credible,
nunadisbereel.com,fake,
trivalleycentral.com,credible,
bestdailynews.info,credible,
theteenappeal.wordpress.com,credible,
kirksvilledailyexpress.com,credible,
journal-news.net,credible,1.0
theihs.org,credible,1.0
theberrienpress.com,credible,
tribunist.com,credible,
1011now.com,credible,0.0
argusleader.com,credible,1.0
unc.edu,credible,
mediawatch.com,credible,
whatstheharm.net,fake,
kfiam640.com,credible,
witandwisdom.org,credible,
canadianchristianity.com,credible,
abcnews.go.com,credible,-1.0
globalskywatch.com,fake,
dailysignal.com,fake,1.0
conservativechronicle.com,credible,
drrichswier.com,fake,
catholicnewsagency.com,credible,
swvatoday.com,credible,0.0
abc7amarillo.com,credible,1.0
entrepreneur.com,credible,1.0
thechronicle.com,credible,
news-spider.com,credible,
ksut.org,credible,
carolinalive.com,credible,
redwoodfallsgazette.com,credible,0.0
newpittsburghcourieronline.com,credible,
williamtolan.com,credible,
oppositionreport.com,credible,
angel.dk,credible,
uweekly.com,credible,
wtol.com,credible,0.0
marketrealist.com,credible,-1.0
kqed.org,credible,-1.0
creativitymovement.net/category/news/,credible,
reedcooper.net,fake,
valleymorningstar.com,credible,
newswoman.de,credible,
fotophile.com,credible,
corpwatch.org,credible,
massachusettssun.com,credible,
althealthworks.com,fake,
altright.com,credible,
24wpn.com,fake,
manchestertimes.com,credible,
blogtalkradio.com,credible,
yourhoustonnews.com,credible,
tiscali.it,credible,
honeylocust.com,credible,
jeffcountynews.com,credible,
journalstandard.com,credible,0.0
brobible.com,credible,
ubspectrum.com,credible,
geneticliteracyproject.org,credible,
motherjones.com,credible,-1.0
natlawreview.com,credible,
aurora-news.us,fake,
stopfake.org,credible,-1.0
modernliberals.com,mixed,-1.0
whistleblower.org,credible,-1.0
wreg.com,credible,0.0
tricountyleader.com,credible,
dailycampus.com,credible,
bbci.co.uk,credible,
thebroadcaster.com,credible,
wptz.com,credible,
enterprise-security-today.com,credible,
cw39.com,credible,0.0
newsbreakers.org,mixed,
gotquestions.org,fake,1.0
redflagnews.com,fake,
cbc.ca,credible,
mavrixphoto.com,credible,
catholicleader.com.au,credible,
thebanner.com,credible,
standard-journal.com,credible,
mycnews.com,credible,
sunherald.com,credible,0.0
peacecountrysun.com,credible,1.0
southjerseymechanic.com,credible,
religionnews.com,credible,-1.0
usanews4u.us,fake,
northcountrynewsnh.com,credible,
gracenote.com,credible,
kiowacountypress.com,credible,
picayuneitem.com,credible,
discovery.com,credible,
themoscowtimes.com,credible,-1.0
ourtx.com,credible,
theunion.com,credible,0.0
defiantamerica.com,fake,1.0
net-infosnews.com,credible,
azdailysun.com,credible,-1.0
williamkdaby.com,credible,
novinite.com,credible,0.0
houstonpress.com,credible,
seidata.com,credible,
oxfordeagle.com,credible,
markcraemer.com,credible,
fox40.com,credible,0.0
wsws.org,credible,-1.0
livestockmedia.tripod.com,credible,
starofmysore.com,credible,
minutemannewscenter.com,credible,
thelibertyeagle.com,credible,
flyergroup.com,credible,
may-chang.com,credible,
internationalpolicy.org,credible,-1.0
navasotaexaminer.com,credible,
battypost.com,credible,
prri.org,credible,0.0
thejewishadvocate.com,credible,
wdiy.org,credible,
rachelnewcombe.com,credible,
satiratribune.com,fake,
grbj.com,credible,
themideastbeast.com,mixed,
appleinsider.com,credible,
usda.gov,credible,
nbc4i.com,credible,0.0
safehaven.com,credible,
northerndailyleader.com.au,credible,
deplorablekel.com,fake,1.0
wfsb.com,credible,0.0
worldbiztoday.com,credible,
blueinformer.com,credible,
infozine.com,credible,
odu.edu,credible,
myfox28columbus.com,credible,1.0
hudsonhubtimes.com,credible,
qgazette.com,credible,
laconiadailysun.com,credible,-1.0
pressargus.com,credible,
dailytargum.com,credible,
micksinclair.com,credible,
ossekeag.ca,credible,
southeastarrow.com,credible,
lee.net,credible,
ualr.edu,credible,
theknoxstudent.com,credible,
egypttoday.com,mixed,1.0
kotaku.com,credible,-1.0
upworthy.com,credible,-1.0
alicespringsnews.com.au,credible,
highlight.co.il,credible,
trftimes.com,credible,
hollywood.com,credible,
pipestonestar.com,credible,
wn.com,fake,
countercurrents.org,fake,-1.0
cityonahillpress.com,credible,
centralchronicle.com,credible,
infobae.com,credible,-1.0
nuvo.net,credible,
thegleaner.com,credible,-1.0
crookstontimes.com,credible,0.0
deleonfreepress.com,credible,
concordia.ca,credible,
marginalrevolution.com,credible,1.0
findlocalweather.com,credible,
westernjournal.com,fake,1.0
vaccinesrevealed.com,credible,
mydailyregister.com,credible,1.0
gluckman.com,credible,
conservativeinsider.co,credible,
iwpr.org,credible,0.0
fsutorch.com,credible,
express.co.uk,fake,1.0
huntnewsnu.com,credible,
caledonianrecord.com,credible,
gallatinnorthmissourian.com,credible,
estevanmercury.ca,credible,
taskandpurpose.com,credible,-1.0
dartreview.com,credible,
walkermn.com,credible,-1.0
newint.org,credible,-1.0
theglobeandmail.com,credible,1.0
dailycommercial.com,credible,-1.0
sunad.com,credible,
heresthescoop.com,credible,
leadstories.com,credible,0.0
diply.com,mixed,-1.0
breakthrough.holylandnutrition.com,credible,
timbullard.com,credible,
theitem.com,credible,1.0
unicornriot.ninja,credible,-1.0
healtheternally.com,credible,
cowichanvalleyvoice.com,credible,
davidchartrand.com,credible,
greenvillejournal.com,credible,
ign.com,credible,
tashnews.com,credible,
newsok.com,credible,
buffalonews.com,credible,0.0
amtvmedia.com,fake,1.0
deadspin.com,credible,-1.0
redinfo.us,fake,
newspapergiant.com,credible,
readingthepictures.org,mixed,-1.0
disclose.tv,fake,1.0
wowt.com,credible,0.0
freshdailyreport.com,fake,
kcst7.com,fake,
thesuburbanite.com,credible,
postcard.news,fake,
kutv.com,credible,1.0
marshillonline.com,credible,
neonnettle.com,fake,1.0
ac2news.com,mixed,1.0
coastreportonline.com,credible,
usafirstinformation.com,fake,
mun.ca,credible,
fairmontsentinel.com,credible,0.0
1701wire.com,credible,
verafiles.org,credible,-1.0
chinapost.com.tw,credible,
csun.edu,credible,
mountolivetribune.com,credible,
softpedia.com,credible,
witf.org,credible,
thetelegraph.com,credible,
panopticnews.com,credible,
liberalexaminer.com,credible,
thecallnews.com,credible,
tnledger.com,credible,
foreigncorrespondents.org.au,credible,
mirrorpix.com,credible,
alphanewsmn.com,credible,
themorningbulletin.com.au,credible,
metrowestdailynews.com,credible,0.0
thefencepost.com,credible,0.0
badgerinstitute.org,mixed,1.0
herald-citizen.com,credible,
chrisrainier.com,credible,
morganmessenger.com,credible,
midnighttrader.com,credible,
sourcewatch.org,mixed,-1.0
analyzingamerica.org,fake,1.0
globenewswire.com,credible,
competitrack.com,credible,
thenation.com,credible,-1.0
futureinamerica.com,credible,
twinterritories.com,credible,
newcastle.edu.au,credible,
freewheelus.com,credible,
gjsentinel.com,credible,
bluenewsnetwork.com,mixed,
alternativelyfacts.com,mixed,
fox30jax.com,credible,
conwebwatch.tripod.com,credible,
morningconsult.com,credible,0.0
redeyechicago.com,credible,
star-herald.com,credible,
cepr.net,credible,-1.0
shopperads.com,credible,
telegraphjournal.com,credible,
monmouth.edu,credible,
anonjekloy.tk,fake,
cyberwalker.com,credible,
lushforlife.com,mixed,
tdn.com,credible,0.0
woodtv.com,credible,0.0
weekendherald.com,credible,
margaretjones.com,credible,
lifespa.com,fake,
ourmidland.com,credible,
njbiz.com,credible,
thehoya.com,credible,
libertytribune.com,credible,
ijreview.com,credible,
wesa.fm,credible,
augusta.com,credible,
icforum.org,credible,
educate-yourself.org,fake,
topekasnews.com,mixed,
ybw.com,credible,
prweb.com,credible,
cmsstationbrokerage.com,credible,
fensinformation.com,credible,
capitalsoup.com,credible,
karenmccarthy.eu,credible,
gunviolencearchive.org,credible,-1.0
mediashift.org,credible,
whatmattersnews.com,credible,
activistpost.com,fake,-1.0
nature.com,credible,
dailyprincetonian.com,credible,
pressfortruth.ca,fake,1.0
my9nj.com,credible,0.0
usamagazinestudio.com,fake,
colemannews.com,credible,
lanehickenbottom.com,credible,
liberalbias.com,mixed,
virtuallrc.com,credible,
travography.com,credible,
ryankingimages.com,credible,
wishart.photography,credible,
leisure.ru,credible,
hometownstations.com,credible,0.0
enewscourier.com,credible,-1.0
pcmustdie.com,credible,
pueblolibrary.org,credible,
xs4all.nl,credible,
grantcountypress.com,credible,
anglicanjournal.com,credible,
winningpost.com.au,credible,
clickhole.com,mixed,
bocanews.com,credible,
themontrealeronline.com,credible,
marshallcountyjournal.com,credible,
timesrepublican.com,credible,0.0
portlandtribune.com,credible,
arklatexhomepage.com,credible,0.0
ericgrigorian.com,credible,
palomar.edu,credible,
illinoispress.org,credible,
newsbug.info,credible,
cartermatt.com,credible,
goldengatexpress.org,credible,
easynet.co.uk,credible,
independent.co.uk,credible,
clevelandjewishnews.com,credible,
portsmouth-dailytimes.com,credible,1.0
kxlf.com,credible,0.0
hotelnewsresource.com,credible,
charitynavigator.org,credible,0.0
theithacan.org,credible,
columbiadailyherald.com,credible,-1.0
channel60news.com,fake,
jacksoncountypilot.com,credible,
richardsonwriting.com,credible,
freepressonline.com,credible,
punchingbagpost.com,mixed,1.0
queensjournal.ca,credible,
reportage.org,credible,
daytondailynews.com,credible,0.0
catholicworldreport.com,mixed,1.0
milligazette.com,credible,
winthroptranscript.com,credible,
grahamstar.com,credible,
latestnewsheadline.com,credible,
thejustice.org,credible,
jewishjournal.com,credible,1.0
koamtv.com,credible,
craigdailypress.com,credible,0.0
tucson.com,credible,-1.0
piadvance.com,credible,
poconorecord.com,credible,0.0
greenleft.org.au,mixed,-1.0
conservativefighters.com,fake,
yudkin.com,credible,
wilsonmarkandrews.com,credible,
bleepingcomputer.com,credible,0.0
paho.org,credible,
thehour.com,credible,
ifj.org,credible,
uwindsor.ca,credible,
hydeparkmedia.com,credible,
kanerepublican.com,credible,
mrc.org,fake,1.0
patriotchronicle.com,fake,
worldbuddy.com,credible,
crossettar.com,credible,
acting-man.com,fake,1.0
politisite.com,credible,1.0
freshplaza.com,credible,
diyhours.net,fake,
radhikachalasani.com,credible,
thejacknews.com,credible,
elkharttruth.com,credible,1.0
amny.com,credible,-1.0
myprimeyears.com,credible,
mydigitalpublication.com,credible,
thestatesman.com,credible,
guccifer2.wordpress.com,fake,
theroot.com,credible,-1.0
wakingupwisconsin.com,fake,
pjstar.com,credible,0.0
hangthebankers.com,fake,
globalgrind.com,credible,
9and10news.com,credible,
kentsievers.com,credible,
newsandguts.com,credible,-1.0
uwrfvoice.com,credible,
chemainusvalleycourier.ca,credible,-1.0
thesleuthjournal.com,credible,
accuweather.name,credible,
butthatsnoneofmybusiness.com,credible,
kare11.com,credible,0.0
rinf.com,credible,
maysville-online.com,credible,
andrewscountynews.com,credible,
pmack.com,credible,
truthdig.com,credible,-1.0
hoax-slayer.net,credible,
marionstar.com,credible,
sportingo.com,credible,
brief.news,credible,
npcdaily.com,credible,
hardnews.network,credible,
islandpacket.com,credible,
protrumpnews.com,fake,1.0
thegazette.com,credible,1.0
performancephotography.com,credible,
usaviralnewstoday.com,credible,
ravallirepublic.com,credible,0.0
taiwannews.com.tw,credible,-1.0
tmzworldstar.com,credible,
examiner.net,credible,0.0
umkc.edu,credible,
channel40news.com,credible,
dailypoliticalnewswire.com,fake,1.0
otterrealm.com,credible,
stevestarr.com,credible,
womenspress.com,credible,
gatestoneinstitute.org,fake,1.0
slashfilm.com,credible,
rawconservativeopinions.com,credible,
newsfactor.com,credible,
mikejasper.com,credible,
politizoom.com,mixed,-1.0
jr-photos.com,credible,
transpartisanreview.com,credible,0.0
westernsentinel.com,credible,
eastvicmedia.com.au,credible,
chillicothenews.com,credible,0.0
ktvu.com,credible,0.0
mississippiherald.com,fake,
berkeley.edu,credible,
medicinehatnews.com,credible,
researchgate.net,credible,
sciwriter.us,credible,
meteoearth.com,credible,
towncrier.us,credible,
umass.edu,credible,
burrardstreetjournal.com,mixed,
delrionewsherald.com,credible,
kxlh.com,credible,0.0
picophotos.com,credible,
chilkatvalleynews.com,credible,
troymessenger.com,credible,1.0
hollandsentinel.com,credible,-1.0
hdtvmagazine.com,credible,
thephaser.com,fake,
starandtimes.ca,credible,
finance-commerce.com,credible,
pogo.org,mixed,-1.0
wetzelchronicle.com,credible,
dailyiowan.com,credible,
click2houston.com,credible,0.0
thecandor.wordpress.com,credible,
en.wikinews.org,credible,
timesleader.com,credible,
wiba.com,credible,
nypressclub.org,credible,
theweekbehind.com,credible,
ualrpublicradio.org,credible,-1.0
silive.com,credible,0.0
dcgazette.com,fake,
crayon.net,credible,
theboneonline.com,credible,
ohio.com,credible,
breaking911.com,fake,
residentadvisor.net,credible,
ajas.ca,credible,
usanewstoday.org,credible,
laboratoryequipment.com,credible,
earthnews2016.com,credible,
canadafreepress.com,fake,1.0
wjbc.com,credible,
sidneydailynews.com,credible,
aaaai.org,credible,
yonhapnews.co.kr,credible,
concisepolitics.com,fake,
 https.,credible,
orlandosentinel.com,credible,-1.0
omnibusonline.com,credible,
flanews.com,credible,
southendnewsnetwork.net,mixed,
tdnewswire.com,credible,
carolinetiger.com,credible,
bapla.org.uk,credible,
theadvance.ca,credible,
armscontrol.org,credible,-1.0
empirenews.net,fake,
vutorch.com,credible,
edhalliwell.com,credible,
thedailyjournal.com,credible,-1.0
ketv.com,credible,0.0
easternshorepost.com,credible,
ethicalperformance.com,credible,
latinfinance.com,credible,
worldstarhiphop.com,fake,-1.0
wsau.com,credible,
pitchfork.com,credible,
wcfcourier.com,credible,0.0
digifection.com,fake,1.0
interior-news.com,credible,-1.0
themonthlyview.home.mindspring.com,credible,
usasnich.com,fake,
naegelen.com,credible,
amac.us,mixed,1.0
southbendtribune.com,credible,0.0
e-journals.org,credible,
comingsoon.net,credible,
qanon.pub,fake,1.0
krqe.com,credible,0.0
newpoliticstoday.com,fake,
gadsdentimes.com,credible,-1.0
interlochenpublicradio.org,credible,
cacklinggrackle.blogspot.com,credible,
summerlandreview.com,credible,
hiphopwired.com,credible,
breakingnews365.net,fake,
peakuplink.com,credible,
eastlandcountytoday.com,credible,
nextobserver.com,credible,
libertarianism.org,credible,1.0
zebrameat.com,credible,
oregonstate.edu,credible,
leadingauthorities.com,credible,
brechner.org,credible,
willmarradio.com,credible,
idacountycourier.com,credible,0.0
chippewa.com,credible,0.0
natchitochestimes.com,credible,
godlikeproductions.com,fake,1.0
mbhs.edu,credible,
clear-politics.com,credible,
wjla.com,credible,1.0
gainesville.com,credible,-1.0
menarebetterthanwomen.com,credible,
picturehistory.com,credible,
doc.gov,credible,
off-guardian.org,fake,
vcpa.com.au,credible,
munciefreepress.com,credible,
planoprofile.com,credible,
myfox8.com,credible,0.0
lastphotographer.com,credible,
dresdenenterprise.com,credible,
michiganradio.org,credible,
fmhdaily.com,credible,
openthegovernment.org,credible,
en-bref.fr,credible,
maga2020.us,credible,
northplattebulletin.com,credible,
turlockjournal.com,credible,
wesleyanargus.com,credible,
idahostatesman.com,credible,0.0
nbpictures.com,credible,
indiaprwire.com,credible,
tsehanson.tripod.com,credible,
constitutionproject.org,credible,
worldji.com,credible,
ktiv.com,credible,0.0
thedodo.com,credible,-1.0
emptywheel.net,credible,-1.0
thescribeonline.com,credible,
paradisepost.com,credible,
newstimes.com,credible,-1.0
dailyfeed.news,fake,
pauldavisoncrime.com,credible,
alhayat.com,credible,
andyriga.wordpress.com,credible,
myfoxny.com,credible,
patdollar.com,fake,
rabble.ca,credible,-1.0
rockdalecitizen.com,credible,
retractionwatch.com,credible,
warmuseum.ca,credible,
americanflavor.news,fake,
steelerslounge.com,credible,
freemeteo.co.uk,credible,
the-leader.com,credible,-1.0
timesofsandiego.com,credible,0.0
paschoolpress.org,credible,
johnlazar.com,credible,
csmonitor.com,credible,0.0
nmass.org,credible,
newsoftheweird.com,credible,
thesantaclara.org,credible,
indigenous.club,credible,
wgowam.com,credible,
rense.com,fake,1.0
bongino.com,fake,1.0
truthfeednews.com,credible,
thecowl.com,credible,
newsgab.com,credible,
breakpoint.org,fake,
denverinquirer.com,fake,
theblaze.com,fake,1.0
alexcityoutlook.com,credible,1.0
eutimes.net,fake,1.0
politicer.com,credible,
metroweekly.com,credible,
portlandmercury.com,credible,
advance.net,credible,
paddocktalk.com,credible,
libertyisviral.com,credible,
dailygazette.com,credible,0.0
thunderlake.com,credible,
newtoncountynews.net,credible,
auspacmedia.com.au,credible,
stratfor.com,credible,0.0
eastbaytimes.com,credible,-1.0
neotrib.com,credible,
dissentmagazine.org,credible,-1.0
bridgeportindex.com,credible,
jdnews.com,credible,
redoubtnews.com,fake,1.0
tmzbreaking.com,credible,
robelder.com,credible,
themercury.com,credible,
centralctcommunications.com,credible,
thecragandcanyon.ca,credible,1.0
english.alarabiya.net,fake,1.0
repfoto.com,credible,
mtpr.org,credible,
americanlibertyreport.com,credible,
nwfdailynews.com,credible,0.0
northwestgeorgianews.com,credible,
redriverradio.org,credible,-1.0
mifox32.com,credible,
rmusentrymedia.com,credible,
wsiu.org,credible,
majorthoughts.com,fake,
howtogeek.com,credible,0.0
thepostmillennial.com,mixed,1.0
newatlas.com,credible,
saltlakecitysun.com,credible,
awarenessact.com,fake,
mdcoastdispatch.com,credible,
uatrav.com,credible,
newschannel20.com,credible,1.0
lightandchampion.com,credible,
thelandmark.com,credible,0.0
newsblues.com,credible,
goodnewsshared.com,credible,
tompurcell.com,credible,
publicintegrity.org,credible,-1.0
journalgazette.net,credible,0.0
hantsjournal.ca,credible,
civictribune.com,fake,
nationalfile.com,fake,1.0
vulture.com,credible,-1.0
helvidius.org,credible,-1.0
purdueexponent.org,credible,
wbrz.com,credible,
gawken.com,credible,
bankingday.com,credible,
ksusentinel.com,credible,
iea.org,credible,0.0
thelancasternews.com,credible,
ivarkreuger.com,credible,
wearyourvoicemag.com,credible,-1.0
thenewswheel.com,credible,
greenevillesun.com,credible,
americansfortruth.com,fake,1.0
diversityinc.com,credible,-1.0
manilatimes.net,mixed,1.0
thefairfieldrecorder.net,credible,
redice.tv,fake,
angusreid.org,credible,1.0
portlincolntimes.com.au,credible,
pmnightlynews.com,credible,
environmentguru.com,credible,
bloggernews.net,credible,
roj.as,credible,
loanpride.com,fake,
juliedenesha.com,credible,
econewsmedia.org,credible,
firstinfreedomdaily.com,fake,1.0
wnax.com,credible,
koorimail.com,credible,
theguardsman.com,credible,
hollywoodgazette.com,credible,
590kid.com,credible,
nashvillescene.com,credible,
paulickreport.com,credible,
flsentry.com,credible,
scienceworldreport.com,credible,
thepublicdiscourse.com,fake,1.0
occupyyourself.org,fake,
naturalgasintel.com,credible,
cro.net,credible,
techcrunch.com,credible,-1.0
newspapercountry.com,credible,
wdio.com,credible,0.0
dailyken.com,credible,
thecourier.com,credible,
marshallparthenon.com,credible,
kkoh.com,credible,
thetruthseeker.co.uk,fake,
proudleader.com,fake,
mediaspeak.com,credible,
cdispatch.com,credible,
erewhon.it,credible,
rawstory.com,fake,-1.0
ctnow.com,credible,
whistlerquestion.com,credible,
postandcourier.com,credible,0.0
abc22now.com,credible,
abc30.com,credible,-1.0
dreadcentral.com,credible,
hotnewspapers.com,credible,
thevalleychronicle.com,credible,
pentictonwesternnews.com,credible,
britainfirst.tv,credible,
usapoliticszone.com,fake,
montgomery-herald.com,credible,-1.0
hilite.org,credible,
thedickinsonian.com,credible,
projectveritas.com,fake,1.0
autisminvestigated.com,credible,
univsource.com,credible,
kimt.com,credible,0.0
cdfe.org,credible,
sandiegofreepress.org,credible,
berkshireeagle.com,credible,-1.0
mvtimes.com,credible,
registerguard.com,credible,-1.0
limitedinc.blogspot.com,credible,
kishkim.com,credible,
courier-tribune.com,credible,0.0
hayspost.com,credible,
thebroadsideonline.com,credible,
joshdean.com,credible,
codcourier.org,credible,
veteransfordonaldtrump.com,fake,
novanewsnow.com,credible,
nhregister.com,credible,-1.0
duquoin.com,credible,
undergroundhealth.com,credible,
ehealthonline.org,credible,
iijnm.org,credible,
trevoraaronson.com,credible,
kawc.org,credible,-1.0
galesburg.com,credible,
ms11.net,credible,
pnj.com,credible,0.0
willyloman.wordpress.com,fake,
mirror.co.uk,mixed,-1.0
metoffice.gov.uk,credible,
mychamplainvalley.com,credible,0.0
mayerthorpefreelancer.com,credible,1.0
antoniusaquinas.wp.com,fake,
focusnews.info,fake,
federalisttribune.com,fake,
wamis.org,credible,
journals.sagepub.com,credible,
kltv.com,credible,0.0
oldhamera.com,credible,
theverge.com,credible,-1.0
cardiff.ac.uk,credible,
bleedingcool.com,credible,
dailyitem.com,credible,
thebostonpilot.com,credible,
theadvertiser.com,credible,-1.0
myssnews.com,credible,
glasgowguardian.co.uk,credible,
euobserver.com,credible,-1.0
bipartisanpolicy.org,credible,1.0
neems.nl,credible,
delcotimes.com,credible,0.0
search-result.com,credible,
weatherline.net,credible,
ku.edu,credible,
gcnewsgazette.com,credible,
stgeorgegazette.com,fake,
dailyregister.com,credible,
snowalerts.eu,credible,
einpresswire.com,credible,
canadachinanews.com,credible,
prpn.com,credible,
agerpres.ro,credible,
bostonradio.org,credible,
maganews.co,fake,
nsnews.com,credible,-1.0
ewao.com,fake,
frontiersin.org,credible,
ccheadliner.com,credible,
msumadvocate.com,credible,
gebbieinc.com,credible,
theracketreport.com,fake,
healthycareandbeauty.com,fake,
foxwilmington.com,credible,
15minutelunch.blogspot.com,credible,
westlibertyindex.com,credible,
pamelageller.com,fake,
latintimes.com,credible,-1.0
ubyssey.ca,credible,
channelone.com,credible,
mrtimes.com,credible,
cbs19.tv,credible,0.0
alternativemediasyndicate.com,fake,
lawenforcementtoday.com,mixed,1.0
nahj.org,credible,
kvnf.org,credible,
southfloridagaynews.com,credible,
nevadabusiness.com,credible,
labortribune.com,credible,
ncnewsonline.com,credible,-1.0
americanreviewer.com,fake,
departedme.com,fake,
newsheist.com,fake,1.0
ariherzog.com,credible,
villagejournal.org.au,credible,
trib.com,credible,0.0
newsfeedobserver.com,credible,
mspress.org,credible,
avenuepost.com,credible,
alternativenews.com,fake,1.0
chicagonow.com,credible,
dailyrecord.co.uk,credible,-1.0
kdal610.com,credible,
allenbwest.com,credible,
theet.com,credible,
dailyjournalonline.com,credible,0.0
catholicculture.org,credible,
mediaite.com,credible,-1.0
crookwellgazette.com.au,credible,
swcbulletin.com,credible,
dailysnark.com,fake,
starnewsgroup.com.au,credible,
yourblackworld.net,credible,
proud-patriots.com,credible,
swarthmore.edu,credible,
vernonrecord.com,credible,
pamelaferdinand.com,credible,
ucsusa.org,credible,-1.0
ezine-dir.com,credible,
koaa.com,credible,0.0
edutopia.org,credible,
secondamendmentdaily.com,fake,1.0
livingresistance.com,credible,
tmzcomedy.com,credible,
eaglefordtexas.com,credible,
american-reporter.com,credible,
lincolnjournal.com,credible,
meteo-marine.com,credible,
subjectpolitics.com,fake,
whitehousewatch.com,credible,
scenicrangenewsforum.com,credible,
9news.com.au,credible,1.0
rstreet.org,credible,1.0
truthrevolt.org,fake,
universepolitics.com,fake,
upstatetoday.com,credible,
floydcountytimes.com,credible,
newswatchcanada.ca,credible,
thoughtco.com,credible,0.0
voat.co,credible,
ktva.com,credible,
samessenger.com,credible,
rollingstone.com,credible,-1.0
pharostribune.com,credible,-1.0
vnews.com,credible,
everynewshere.com,credible,
fuldafreepress.net,credible,
bevisfusha.com,credible,
leonardearljohnson.blogspot.com,credible,
vdare.com,fake,1.0
ncsl.org,credible,0.0
smu.ca,credible,
wickcommunications.com,credible,
thecitizen.org.au,credible,-1.0
publishers.org,credible,
defence.gov.au,credible,
wlwt.com,credible,0.0
wallowa.com,credible,
ihypocrite.net,fake,1.0
tsuthemeter.com,credible,
thegopwatchdog.com,credible,
dglobe.com,credible,1.0
medicalxpress.com,credible,
ncnewspress.com,credible,0.0
kgns.tv,credible,0.0
neighbornewspapers.com,credible,
unionrecorder.com,credible,-1.0
prnewswire.com,credible,0.0
idahostatejournal.com,credible,1.0
burlingtonfreepress.com,credible,
newser.com,credible,-1.0
sentinelksmo.org,mixed,1.0
nbr.co.nz,credible,
marinij.com,credible,0.0
dancooper.tv,credible,
globalcomment.com,credible,
jokerviral.com,fake,
thrasherbacker.com,credible,
rcrwireless.com,credible,
teenvogue.com,credible,-1.0
undergroundnewsreport.com,fake,
theplainsman.com,credible,
dailyme.com,credible,
beckershospitalreview.com,credible,
clarkshadows.com,credible,
foxreno.com,credible,1.0
jamierector.com,credible,
us.blastingnews.com,credible,0.0
alaraby.co.uk,credible,
andyphotos.com,credible,
newsradio1170.com,credible,
public.wmo.int,credible,
pfaw.org,mixed,-1.0
newsphd.com,fake,
boilingspringstoday.com,credible,
warwickonline.com,credible,
kosu.org,credible,
ucentralmedia.com,credible,
ourvoiceny.com,credible,
metromonitor.com,credible,
imowired.com,credible,
globetoday.com,credible,
kboi2.com,credible,
uvic.ca,credible,
wired.com,credible,-1.0
thederrick.com,credible,
masternewmedia.org,credible,
thecharger.org,credible,
johnsoncitypress.com,credible,
citizen.org,credible,-1.0
santamariatimes.com,credible,0.0
taxpolicycenter.org,credible,-1.0
coloradosun.com,credible,-1.0
clopezphotography.com,credible,
christianitytoday.com,credible,1.0
evolutionnews.org,fake,
thecirclenews.org,credible,
hometownnews.com,credible,
mexicoledger.com,credible,
koco.com,credible,-1.0
lowellsun.com,credible,0.0
michigandaily.com,credible,
blouinnews.com,credible,
konkonsagh.biz,fake,
theforbiddenknowledge.com,fake,
starbeacon.com,credible,
walkerviking.wordpress.com,credible,
altnews.in,credible,-1.0
atwonline.com,credible,
mediaweek.co.uk,credible,
washingtoninformer.com,credible,
webreference.com,credible,
openmagazines.com,fake,
jeffreymatephoto.com,credible,
wjcl.com,credible,0.0
cityworldnews.com,fake,
weatherforddemocrat.com,credible,
broowaha.com,credible,
juancole.com,mixed,-1.0
penbaypilot.com,credible,
lambcountyleadernews.com,credible,
personcountylife.com,credible,
crooksandliars.com,credible,-1.0
thenationalpulse.com,fake,1.0
westfieldpost.com,fake,
thereminder.com,credible,
wyff4.com,credible,0.0
sundaysportonline.co.uk,mixed,
middlesborodailynews.com,credible,
creativitymovement.net,credible,
idahopress.com,credible,-1.0
bigamericannews.com,fake,
lampasasdispatchrecord.com,credible,
thedailysentinel.com,credible,
wildernesspost.com,credible,
ucla.edu,credible,
dailynews11.com,credible,
theblogismine.com,credible,
careerpage.org,credible,
lapresse.ca,credible,-1.0
cedarrepublican.com,credible,
usviewer.com,fake,
imediaethics.org,credible,
news-graphic.com,credible,
keyetv.com,credible,
10news.one,credible,
1stheadlines.com,credible,
wpri.com,credible,0.0
wchstv.com,credible,1.0
lakeforest.edu,credible,
highlandstoday.com,credible,
pressclubonline.com,credible,
stevesimonphoto.com,credible,
snoopack.com,fake,
kinyradio.com,credible,
heterodoxacademy.org,credible,0.0
newspress.com,mixed,1.0
kurv.com,credible,
inverelltimes.com.au,credible,
thedigitalcourier.com,credible,1.0
channel24news.com,fake,
gipp.ru,credible,
monett-times.com,credible,
spillingcoffee.com,credible,
wthitv.com,credible,0.0
globalresearch.ca,fake,
whartonjournal.com,credible,
ubc.ca,credible,
newswealth.com,credible,
sunshinecoastdaily.com.au,credible,
rsf.org,credible,
stateline.org,credible,
theaware.net,credible,
newsuptoday.com,fake,
yesmagazine.org,credible,-1.0
callutheran.edu,credible,
recordernews.com,credible,
naturalhealth365.com,fake,
reflector-online.com,credible,
thetimesoftheworld.com,mixed,
iowastatedaily.com,credible,
failuremag.com,credible,
westernu.ca,credible,
tmnews.com,credible,-1.0
mosaicscience.com,credible,
calu.edu,credible,
jutiagroup.com,credible,
camdencourier.com.au,credible,
anneapplebaum.com,credible,
catholicsentinel.org,credible,
thelibertarianrepublic.com,credible,1.0
greenemessenger.com,credible,
cbs58.com,credible,
atkinschronicle.com,credible,
pineandlakes.com,credible,
iainmasterton.com,credible,
sfchronicle.com,credible,-1.0
universitybusiness.com,credible,-1.0
businessinsurance.com,credible,
butlercountytimesgazette.com,credible,0.0
shorenewstoday.com,credible,
greatbendpost.com,credible,
gigwise.com,credible,
intellectualtakeout.org,credible,1.0
tridget.com,credible,
themanitoban.com,credible,
dailyuw.com,credible,
capecodonline.com,credible,
abc7.com,credible,0.0
wwd.com,credible,
nebpress.com,credible,
connecttristates.com,credible,
pottsmerc.com,credible,0.0
teleclip.com,credible,
demotix.com,credible,
wfdd.org,credible,
keenestar.net,credible,
forestlaketimes.com,credible,
intoday.in,credible,
duluthnewstribune.com,credible,0.0
nwkansas.com,credible,
kvoa.com,credible,0.0
photographyisnotacrime.com,credible,
cadillacnews.com,credible,
redstate.com,fake,1.0
weatherwatchservice.com,credible,
jeffgaulin.com,credible,
albionpleiad.com,credible,
thebradentontimes.com,credible,
bluestatedaily.com,credible,
redstatewave.com,credible,
speakeasyohiou.com,credible,
unisys.com,credible,
reddeeradvocate.com,credible,
iprsoftware.com,credible,
rightandfree.com,mixed,1.0
hawaiinewsnow.com,credible,0.0
pinchercreekecho.com,credible,1.0
freepressunlimited.org,credible,
realfarmacy.com,fake,
sachsenews.com,credible,
dailybreeze.com,credible,0.0
news.mongabay.com,credible,-1.0
wangarattachronicle.com.au,credible,
dailyorange.com,credible,
pinalcentral.com,credible,
thewalrus.ca,credible,-1.0
gurufocus.com,credible,
redozone.addr.com,credible,
ewu.edu,credible,
fortmilltimes.com,credible,
timesonline.co.uk,credible,
myfoxorlando.com,credible,
breckenridgeamerican.com,credible,
intrepidreport.com,fake,-1.0
jihadwatch.org,fake,
observer-reporter.com,credible,
billsbitterpills.blogspot.com,credible,
cato.org,credible,1.0
iconnect007.com,credible,
dispatchnews.com,credible,
earthmagazine.org,credible,
wegener.nl,credible,
tonycharnock.co.uk,credible,
rossheim.com,credible,
firstpost.com,fake,1.0
usaconservativereport.com,fake,
tmn.today,credible,
megafreshnews.com,fake,
nnettle.com,fake,
sprucegroveexaminer.com,credible,1.0
saturdayeveningpost.com,credible,
steelonsteel.com,credible,
nathanwelton.com,credible,
thevoiceofkapolei.com,credible,
banner-tribune.com,credible,
truththeory.com,credible,-1.0
pcnr.com,credible,
dixieweb.com,credible,
ifwtwa.org,credible,
mprnews.org,credible,-1.0
gnews.org,fake,1.0
myfoxdc.com,credible,
putintrump.org,credible,
kerngoldenempire.com,credible,
marydambrosio.com,credible,
networks.org,credible,
designntrend.com,credible,
melvindurai.com,credible,
limaohio.com,credible,
pulaskinews.net,credible,
worldpress.org,mixed,-1.0
censored.news,credible,
themothhouse.com,credible,
wirenews.co.uk,credible,
foreverconscious.com,fake,
agweek.com,credible,
nbcmiami.com,credible,-1.0
survivalblog.com,fake,1.0
dldewey.com,credible,
stuppid.com,mixed,
caj.ca,credible,
gallup.com,credible,
wsaw.com,credible,
scientificamerican.com,credible,-1.0
cnbc.com,credible,-1.0
kccommunitynews.com,credible,
bl.uk,credible,
prfire.co.uk,credible,
usadailythings24.com,fake,
breitbartunmasked.com,credible,
consinfo.us,credible,
democrats.org,fake,-1.0
gatehousemedia.com,credible,
greatlakesadvocate.com.au,credible,
theminaretonline.com,credible,
vibe.com,mixed,-1.0
mtairynews.com,credible,
lebanon-express.com,credible,0.0
njherald.com,credible,-1.0
onenewsnow.com,credible,
wixsite.com,credible,
sltrib.com,credible,-1.0
smh.com.au,credible,-1.0
wkuherald.com,credible,
flatheadbeacon.com,credible,
avonadvocate.com.au,credible,
thetimestribune.com,credible,
rajubist.tripod.com,credible,
xxlmag.com,credible,
africamediaonline.com,credible,
mediaskopas.lt,credible,
hopkinsmedicine.org,credible,
autismspeaks.org,fake,
sherrybarnettphotography.com,credible,
thebostontribune.com,fake,
classifiedgroup.com,credible,
newslab.org,credible,
denverguardian.com,fake,
heraldnet.com,credible,-1.0
lportepilot.ca,credible,
ganderbeacon.ca,credible,
wy21news.com,fake,
enduringvision.com,fake,
gastongazette.com,credible,-1.0
britannica.com,credible,
10tv.com,credible,0.0
actualidadpanamericana.com,fake,
wect.com,credible,0.0
humansarefree.com,fake,1.0
nsns.org,credible,
ctpost.com,credible,-1.0
visaliatimesdelta.com,credible,-1.0
tvnz.co.nz,credible,
thomaslfriedman.com,credible,
beaconhilltimes.com,credible,
fashthenation.com,credible,
kittsonarea.com,credible,
salon.com,mixed,-1.0
technologyreview.com,credible,
vosizneias.com,credible,
consciouslyenlightened.com,credible,
aol.com,credible,-1.0
thetrumpmedia.com,fake,
dailyclimate.org,credible,-1.0
maggiehallahan.com,credible,
cfr.org,credible,0.0
jasontowlen.com,credible,
ontarioproud.ca,credible,1.0
merimbulanewsweekly.com.au,credible,
everythinglubbock.com,credible,0.0
ktrs.com,credible,
freepatriot.org,mixed,
dagmarschwelle.com,credible,
fairfaxmedia.com.au,credible,
berkeleybeacon.com,credible,
kyforward.com,credible,
halturnershow.com,credible,
moberlymonitor.com,credible,
kfor.com,credible,0.0
lasvegasmagazine.com,credible,
luminanews.com,credible,
en.mercopress.com,fake,-1.0
livingeconomiesforum.org,credible,
mrconservative.com,fake,
reflectionofmind.org,fake,
conservativeview.info,fake,
wfae.org,credible,
etonline.com,credible,
law.com,credible,0.0
creightonian.com,credible,
thehindu.com,credible,-1.0
gritpost.com,credible,
wmdt.com,credible,
miltontimes.com,credible,
alibi.com,credible,
ronjonesphoto.com,credible,
onmilwaukee.com,credible,
fox21news.com,credible,0.0
naa.org,credible,
bowienewsonline.com,credible,
karenback.com,credible,
saja.org,credible,
knoxreport.com,credible,
backfence.com,credible,
spectator.us,credible,1.0
votevets.org,mixed,-1.0
nepr.net,credible,
reporterslab.org,credible,0.0
starcourier.com,credible,
kitsapsun.com,credible,
newsleadernow.com,credible,
refinery29.com,credible,-1.0
gulfislandsdriftwood.com,credible,
copyright.gov,credible,
alokemitra.com,credible,
wric.com,credible,0.0
kalw.org,credible,
nripress.com,credible,
icfj.org,credible,
marionkaplan.com,credible,
thecarthaginian.com,credible,
joplinglobe.com,credible,
usforacle.com,credible,
frankrothe.com,credible,
witscience.org,mixed,
forwardprogressives.com,credible,
tryondailybulletin.com,credible,
decaturdaily.com,credible,
theacornonline.com,credible,
wleb21.com,credible,
organicfacts.net,fake,
lafollettepress.com,credible,
socialeverythings.com,fake,
geek.com,credible,0.0
snyderdailynews.com,credible,
kearneyhub.com,credible,0.0
gawker.com,mixed,-1.0
usaphase.com,fake,
kake.com,credible,
filmingcops.com,fake,-1.0
dcbluedot.com,credible,
occupyindependents.com,credible,
newsweek.com,credible,1.0
whittierdailynews.com,credible,0.0
wlky.com,credible,0.0
batimes.com.ar,credible,1.0
hoover.org,credible,1.0
discoverhometown.com,credible,
news-press.com,credible,
civilbeat.com,credible,
manchesterjournal.com,credible,
wvmetronews.com,credible,
rheaheraldnews.com,credible,
darientimes.com,credible,0.0
timesreporter.com,credible,-1.0
naturallysavvy.com,fake,
hypergene.net,credible,
mohavedailynews.com,credible,
borderlandalternativemedia.com,credible,
weny.com,credible,0.0
devilslakejournal.com,credible,
sandovalsignpost.com,credible,
en.hawarnews.org,fake,-1.0
usus.org,credible,
grizzlyweb.com,credible,
greenshootmedia.com,credible,
mickrock.com,credible,
fcba.org,credible,
mbj.com,credible,
freedomdaily.com,fake,
georgetownvoice.com,credible,
suddenlysenior.com,credible,
lewisandclarkjournal.com,credible,
monticellotimes.com,credible,
topix.net,credible,
conservativebuzz.com,credible,
brotherjohnf.com,fake,
newshub.us,credible,
fury.news,credible,
cranbrooktownsman.com,credible,
thewrap.com,mixed,-1.0
sacbee.com,credible,-1.0
wwl.com,credible,
reason.org,credible,
wcpo.com,credible,0.0
clipping.com.hk,credible,
tricountynewsmn.net,credible,
wxworx.com,credible,
cabinet.com,credible,
freedomforceinternational.com,fake,
griffindailynews.com,credible,1.0
wibiti.com,credible,
battlecreekenquirer.com,credible,-1.0
issues.org,credible,
radioiowa.com,credible,
mnnews.com,credible,
rodkaye.com,credible,
clarionledger.com,credible,-1.0
pennavepost.com,credible,
the-tidings.com,credible,
newscuts.com,credible,
openmindmagazine.com,fake,
syriana-analysis.com,fake,-1.0
houstonherald.com,credible,
steveliss.com,credible,
970wzan.com,credible,
adn.com,credible,0.0
al-sura.com,mixed,-1.0
loneconservative.com,mixed,1.0
boundingintocomics.com,mixed,1.0
newswiretoday.com,credible,
knightstemplarinternational.com,credible,
lopezreport.com,fake,
thelastgreatstand.com,fake,
mybulletinnewspaper.com,credible,
ahwatukee.com,credible,0.0
national-aircheck.com,credible,
bradleyscout.com,credible,
bdemo.com,credible,
bnn.ca,credible,
nhbr.com,credible,
kunc.org,credible,
mimages.com,credible,
nni.ie,credible,
morphemetales.wordpress.com,credible,
fosters.com,credible,0.0
chinadaily.com.cn,fake,-1.0
irib.ir,credible,
grenfellrecord.com.au,credible,
truthchannelpolitics.com,credible,
aier.org,mixed,1.0
bccourier.com,credible,
clutchmagonline.com,credible,
davidbrabyn.com,credible,
kaweahcommonwealth.com,credible,
thesuffolkjournal.com,credible,
hometown-pages.com,credible,
mainepressassociation.org,credible,
newsguardtech.com,credible,0.0
worldaffairsboard.com,credible,
mantecabulletin.com,credible,
myarklamiss.com,credible,0.0
fotograaf.com,credible,
voxtribune.com,fake,
panews.com,credible,
excal.on.ca,credible,
pbskids.org,credible,
mediamiser.com,credible,
sickchirpse.com,fake,
sctimes.com,credible,0.0
canadians.org,credible,-1.0
rose-hulman.edu,credible,
junkscience.com,fake,1.0
toinformistoinfluence.com,credible,
politicsintheusa.com,fake,
thepolitic.com,credible,
capoliticalreview.com,mixed,1.0
republicreport.org,credible,-1.0
newsite.thehindu.com,credible,
adbusters.org,credible,
parramattasun.com.au,credible,
headtopics.com,credible,
790waeb.com,credible,
brewtonstandard.com,credible,1.0
cafe52.com,credible,
mycentraloregon.com,credible,
newsknowledge.com,credible,
media-visions.com,credible,
lincolntimesnews.com,credible,
progressive.org,credible,-1.0
middletownpress.com,credible,
nanaimobulletin.com,credible,-1.0
burlingtoncountytimes.com,credible,-1.0
jimmacmillan.com,credible,
kmphotos.com,credible,
usainfront.com,credible,
thestylus.net,credible,
conservativeinfocorner.us,credible,
ospreyobserver.com,credible,
247wallst.com,credible,0.0
viraldevil.com,credible,
newswire-24.com,fake,
weather.gov,credible,
autonews.com,credible,
wetaskiwintimes.com,credible,1.0
socalnews.com,credible,
ericmargolis.com,credible,
fultonsun.com,credible,
aljazeera.com,mixed,-1.0
dawsontrail.ca,credible,
ucsdguardian.org,credible,
scad.edu,credible,
csis.org,credible,0.0
businessoffashion.com,credible,
mariettatimes.com,credible,0.0
holfuy.com,credible,
uhclthesignal.com,credible,
prensaescrita.com,credible,
globalnews.ca,credible,-1.0
worldcantwait.net,mixed,-1.0
ischoolguide.com,credible,
surenews.com,credible,
lottaimage.com,credible,
actionnewsnow.com,credible,0.0
wabash.edu,credible,
channel46news.com,fake,
thewesternstar.com,credible,
witbones.blogspot.com,credible,
journalism4schools.com,credible,
cherwell.org,credible,
buquad.com,credible,
thepeoplestruth.com,credible,
pauldagys.com,credible,
wfp.org,credible,
sunews.net,credible,
thedailynewsonline.com,credible,
nowtoronto.com,credible,-1.0
tnonline.com,credible,1.0
defensenews.com,credible,0.0
conservativeoutfitters.com,fake,
techxplore.com,credible,
votesmart.org,credible,
enquirerherald.com,credible,
readynutrition.com,fake,
yarrawongachronicle.com.au,credible,
bust.com,mixed,-1.0
rhondarhea.blogspot.com,credible,
petermarkphotography.com,credible,
thepoliticalcesspool.com,credible,
labornet.org,credible,
rep-am.com,credible,1.0
commoncause.org,credible,-1.0
cnpa.com,credible,
whio.com,credible,0.0
wcoapensacola.com,credible,
bignuggetnews.com,fake,
photo.net,credible,
amfmjobs.com,credible,
turnto23.com,credible,0.0
realtimepolitics.com,fake,
theness.com,credible,
stuffnewspaper.com,credible,
truthuncensored.net,credible,
newsrescue.com,fake,1.0
heralddemocrat.com,credible,
politicoinfo.com,credible,
conservativehq.com,fake,
inserttexthere.com,credible,
isubengal.com,credible,
defenseusa.club,fake,
blogoffanddie.wordpress.com,credible,
kremenphoto.com,credible,
thehealthconsciousness.com,credible,
norwichbulletin.com,credible,-1.0
lbccviking.com,credible,
allmountainholidays.com,credible,
rageboy.com,credible,
newswire.net,credible,
newsprogress.com,credible,
dailyprogress.com,credible,0.0
cpac.ca,credible,
mvtelegraph.com,credible,
granitefallsnews.com,credible,0.0
africanews.com,credible,-1.0
mcd.ie,credible,
sclawyersweekly.com,credible,
journalismjobs.com,credible,
robertcorwin.com,credible,
mydigitalfc.com,credible,
americanborderpatrol.com,credible,
dentonorator.com,credible,
margaretrivermail.com.au,credible,
ns-news.com,credible,
themarketsdaily.com,credible,
abc27.com,credible,0.0
campusreform.org,mixed,1.0
thefranklintimes.com,credible,
uncp.edu,credible,
neshobademocrat.com,credible,
comicbook.com,credible,
hobbsnews.com,credible,
theleafchronicle.com,credible,
pixintl.com,credible,
deepstatenation.com,credible,
greenllama.net,credible,
lakenewsonline.com,credible,
ejta.eu,credible,
rapidpressrelease.com,credible,
shelbyvilledailyunion.com,credible,
financialsurvivalnetwork.com,fake,
cachevalleydaily.com,credible,
arkvalleynews.com,credible,
bigblendmagazine.com,credible,
cochranetimes.com,credible,1.0
247newsmedia.com,fake,
jewsnews.co.il,fake,
transcontinental.com.au,credible,
rollingout.com,mixed,-1.0
earthjustice.org,credible,-1.0
thegazette.com.au,credible,
examiner.com,credible,
mndaily.com,credible,
mondediplo.com,credible,
southpeacenews.com,credible,
wrur.org,credible,
atlasobscura.com,credible,0.0
lamag.com,credible,-1.0
journal-neo.org,fake,1.0
stevemccurry.com,credible,
curvemag.com,credible,-1.0
sharoncavanagh.com,credible,
phoenixnewtimes.com,credible,-1.0
newsmutiny.com,fake,
truebluescoop.com,credible,
postchronicle.com,credible,
marshfieldmail.com,credible,
joeforamerica.com,credible,
kfoxtv.com,credible,1.0
thereporteronline.com,credible,0.0
your4state.com,credible,
stanforddaily.com,credible,-1.0
nationalreview.com,credible,1.0
vancourier.com,credible,
uafsunstar.com,credible,
thebreakthrough.org,credible,1.0
exchangemagazine.com,credible,
biconews.com,credible,
charlatan.ca,credible,
tcu360.com,credible,
defendevropa.org,credible,
stlamerican.com,credible,
onthesnow.com,credible,
dailysabah.com,credible,
presstelegram.com,credible,0.0
umd.edu,credible,
bostonglobe.com,credible,-1.0
represent.us,credible,-1.0
newcenturytimes.com,fake,
crainsdetroit.com,credible,0.0
mediacircus.com,credible,
vinx.co.uk,credible,
nowtheendbegins.com,fake,1.0
cap-news.com,fake,
fortcampbellcourier.com,credible,
borgernewsherald.com,credible,
marinscope.com,credible,
dailysentinel.com,credible,
easttennessean.com,credible,
louisvillecardinal.com,credible,
unwatch.org,credible,1.0
fredericknewspost.com,credible,0.0
timescall.com,credible,0.0
tallahassee.com,credible,-1.0
voicenews.com,credible,
honestreporting.com,mixed,1.0
sky.com,credible,
news.hjnews.com,credible,
ca-political.com,credible,
norfolkdailynews.com,credible,0.0
thehawkeye.com,credible,-1.0
localnews8.com,credible,0.0
hawkesburygazette.com.au,credible,
alamosanews.com,credible,
newspaperindex.com,credible,
libertywritersnews.com,fake,
ebolahoax.com,fake,
wor710.com,credible,
twcnews.com,credible,
ips-dc.org,mixed,-1.0
redoakrecord.com,credible,
science.energy.gov,credible,
prestonpictures.com,credible,
dailyutahchronicle.com,credible,
dailybulletin.com,credible,0.0
bannergraphic.com,credible,
durangoherald.com,credible,1.0
thenews-gazette.com,credible,
olivierasselin.com,credible,
econintersect.com,credible,
nypress.com,credible,
congress.gov,credible,0.0
lafayettestudentnews.com,credible,
defenseone.com,credible,0.0
gridleyherald.com,credible,
broadsideonline.com,credible,
thenews-democrat.com,credible,
13wmaz.com,credible,0.0
amityunderground.com,credible,
hdnews.net,credible,0.0
usa-television.com,fake,
seeingtheforest.com,credible,
communitynews.com.au,credible,
themichigantimes.com,credible,
morning-times.com,credible,
suncitynews.com.au,credible,
buckslocalnews.com,credible,
intercooleronline.com,credible,
claycountyleader.com,credible,
cornellsun.com,credible,
williamsondailynews.com,credible,
thelastlineofdefense.org,fake,
ruidosonews.com,credible,0.0
independentaustralia.net,credible,-1.0
georgewaters.net,credible,
galacticconnection.com,fake,
affinitymagazine.us,mixed,-1.0
douglasmcgray.com,credible,
the-dispatch.com,credible,
educateinspirechange.org,credible,
crescent-news.com,credible,
temple-news.com,credible,
financearmageddon.blogspot.co.uk,credible,
wtvm.com,credible,0.0
anthropocenemagazine.org,credible,-1.0
news10.com,credible,0.0
liberalmountain.com,credible,
governing.com,credible,-1.0
passageweather.com,credible,
dailyrepublic.com,credible,
kansaspublicradio.org,credible,
davecruz.com,credible,
videojournalist.nl,credible,
vauxhalladvance.com,credible,
curbed.com,credible,
publicpolicypolling.com,credible,0.0
patriotcrier.com,fake,
skunkfeathers57.blogspot.com,credible,
unitedmediapublishing.com,fake,
pnwpioneer.com,credible,
atlanticmedia.com,credible,-1.0
insidehighered.com,credible,-1.0
stwnewspress.com,credible,
wbur.org,credible,
adelaidehillsweekender.com.au,credible,
gonzalesinquirer.com,credible,
fox-news24.com,fake,
washingtoninstitute.org,mixed,1.0
kcet.org,credible,
atlantablackstar.com,credible,-1.0
clarissahyman.wix.com,credible,
photozen.com,credible,
kotatv.com,credible,0.0
cscmediagroupus.com,credible,
commentarymagazine.com,mixed,1.0
henrichs.net,credible,
flyinglionproductions.com,credible,
kitco.com,credible,
a-news24.com,fake,
jasonbye.co.uk,credible,
madamericannetwork.com,credible,
business.financialpost.com,credible,
swopey.blogspot.com,credible,
winnipegfreepress.com,credible,0.0
businessweek.com,credible,
cloverchronicle.com,fake,1.0
truth-out.org,credible,
blithespirit.wordpress.com,credible,
pittsburghstar.com,credible,
therepublic.com,credible,0.0
citypages.com,credible,
krisbordessa.com,credible,
burlington-record.com,credible,
dcreport.org,credible,-1.0
thesunflower.com,credible,
dailynews33.com,fake,
sfweekly.com,credible,
wypr.org,credible,
bc.edu,credible,
courier.net.au,credible,
erlc.com,mixed,1.0
theoutline.com,credible,
homelandsecuritynewswire.com,credible,0.0
patriotupdate.com,fake,
merrittherald.com,credible,
michaelmoore.com,credible,
sciencefactz.com,credible,
baynews9.com,credible,
syr.edu,credible,
katu.com,credible,1.0
wkyt.com,credible,
techsonian.com,credible,
kfgo.com,credible,
mcgill.ca,credible,
gmb-akash.com,credible,
researchantisemitism.ca,credible,
healthcarefinancenews.com,credible,0.0
chilliwacktimes.com,credible,
rutlandherald.com,credible,
prpeak.com,credible,-1.0
theaggie.org,credible,
freep.com,credible,-1.0
smartnews.com,credible,
thenewsnerd.com,mixed,
summit.news,fake,1.0
spinzon.com,fake,
dal.ca,credible,
recorderonline.com,credible,
thewichitan.com,credible,
keepandbear.com,credible,
christianpost.com,mixed,1.0
topcover.com,credible,
molad.org,credible,
milawyersweekly.com,credible,
worldpressphoto.org,credible,
catchnews.com,mixed,-1.0
adsenseandsearch.blogspot.com,credible,
abovethelaw.com,credible,-1.0
spokanepublicradio.org,credible,
bellinghamherald.com,credible,-1.0
thenet24h.com,fake,
credoaction.com,credible,
aattp.org,credible,
longisland.com,credible,
journalnow.com,credible,0.0
wausharaargus.com,credible,
thepoliticalinsider.com,fake,1.0
continentaldivide.us,credible,
democracychronicles.org,credible,
ndtv.com,mixed,-1.0
sparkmediaproject.org,credible,
kctv5.com,credible,0.0
ced.org,credible,0.0
oklahoman.com,credible,1.0
lockportjournal.com,credible,-1.0
pinejournal.com,credible,
media-underground.net,credible,
faithfamilyamerica.com,mixed,1.0
therealstrategy.com,fake,
thetyee.ca,credible,-1.0
rivertowns.net,credible,
allcommunitymedia.org,credible,
conchovalleyhomepage.com,credible,
globalexchange.org,credible,
macedoniaonline.eu,fake,
dailynorthwestern.com,credible,0.0
realjewnews.com,fake,
milforddailynews.com,credible,-1.0
oplao.com,credible,
conservativeshere.com,credible,
onlineconcepts.com,credible,
todayifoundout.com,credible,0.0
scienceillustrated.com.au,credible,
alertchild.com,credible,
elnuevodia.com,credible,
challismessenger.com,credible,
areyouasleep.com,fake,
local8now.com,credible,
amnews.com,credible,1.0
nigelhenderson.co.uk,credible,
ocala.com,credible,-1.0
dbrent.com,credible,
unewsonline.com,credible,
thegatewayonline.ca,credible,
towncourier.com,credible,
siliconrepublic.com,credible,
tor.com,credible,
theday.com,credible,-1.0
reggaephotos.com,credible,
tmzbusiness.com,fake,
devex.com,credible,
baxterbulletin.com,credible,-1.0
yaledailynews.com,credible,
milliganstampede.com,credible,
knoxfocus.com,credible,
kf13.com,fake,
israelnationalnews.com,mixed,1.0
watchdog.org,credible,
commercial-news.com,credible,-1.0
dailyliberal.com.au,credible,
methowvalleynews.com,credible,
healthline.com,credible,
southernpatriotnews.com,credible,
voiceofalexandria.com,credible,
thenorthernlight.org,credible,
alisonchurch.com,credible,
nationinstitute.org,credible,
researchsea.com,credible,
cuny.edu,credible,
watchlistnews.com,credible,
wyomingnews.com,credible,
thebulwark.com,credible,1.0
photobrazil.com,credible,
auroraphotos.com,credible,
annawebber.com,credible,
michelletricca.com,credible,
aap.com.au,credible,0.0
theafronews.com,credible,
realclimatescience.com,fake,1.0
scout.com,credible,
gwu.edu,credible,
kttc.com,credible,0.0
naturalsociety.com,fake,-1.0
freemanjournal.net,credible,
brandonsun.com,credible,
harvardindependent.com,credible,
aseonline.org,credible,
redwhiteandbluenews.com,credible,
sedonaeye.com,credible,
nationonenews.com,fake,
democratandchronicle.com,credible,-1.0
observeronline.news,fake,
nativetimes.com,credible,
winkprogress.com,mixed,
gatesvillemessenger.com,credible,
fashionnstyle.com,credible,
girlsjustwannahaveguns.com,fake,1.0
dandrollette.com,credible,
journal-advocate.com,credible,0.0
hintonparklander.com,credible,
saltspringnews.com,credible,
delmarvanow.com,credible,-1.0
press-herald.com,credible,
thehrdirector.com,credible,
therecordlive.com,credible,
saludastandard-sentinel.com,credible,
citizentribune.com,credible,
chrisalden.co.uk,credible,
bitchmedia.org,credible,-1.0
katv.com,credible,1.0
sciencehistory.org,credible,
oaklandpostonline.com,credible,
delta-optimist.com,credible,-1.0
biv.com,credible,
snowdeal.org,credible,
angiebrennan.com,credible,
interlaketoday.ca,credible,
therationalradical.com,credible,
cryptogon.com,fake,
time.com,credible,-1.0
taylorpress.net,credible,
krwg.org,credible,
conspiracydailyupdate.com,fake,1.0
theconcordian.com,credible,
sbs.com.au,credible,-1.0
fifthestate.org,credible,-1.0
josephgamble.com,credible,
libero.it,credible,
southcoastregister.com.au,credible,
taftmidwaydriller.com,credible,
nynganobserver.com.au,credible,
hannibal.net,credible,
flyernews.com,credible,
conservativetribune.com,fake,
browardpalmbeach.com,credible,
democratherald.com,credible,0.0
lmtonline.com,credible,1.0
binghamtonhomepage.com,credible,0.0
thedmonline.com,credible,
heraldonline.com,credible,-1.0
ripserve.com,credible,
mrdot.co.uk,credible,
channel56news.com,fake,
mcall.com,credible,0.0
hollisgillespie.com,credible,
austin360.com,credible,
cpnsw.org.au,credible,
toledonewsnow.com,credible,
communityadvocate.com,credible,
healthday.com,credible,
beaveronline.co.uk,credible,
dailynebraskan.com,credible,
newvoiceofnewyork.tripod.com,credible,
nashobavalleyvoice.com,credible,
inquirer.net,credible,-1.0
squaredmonitoring.com,credible,
makeuseof.com,credible,0.0
kristinelowe.blogs.com,credible,
enlightened-planet.com,credible,
gbpnews.com,credible,
newmatilda.com,credible,-1.0
photofeatures.com,credible,
usafacts.org,credible,0.0
theeagle.com,credible,0.0
wikispooks.com,fake,1.0
osoyoostimes.com,credible,
electoral-vote.com,credible,-1.0
utdmercury.com,credible,
journalismcenter.org,credible,
geelongindy.com.au,credible,
grandhaventribune.com,credible,1.0
dailytexanonline.com,credible,
dailyworldupdate.com,credible,
oberonreview.com.au,credible,
thepoliticalbouillon.com,credible,
abc17news.com,credible,0.0
nevadaappeal.com,credible,
wimsradio.com,credible,
aerotechnews.com,credible,
concordmonitor.com,credible,0.0
todaysinterestingfacts.com,credible,
conservativestate.com,fake,
parkrecord.com,credible,0.0
thedcgazette.com,credible,
oldhamcounty.com,credible,
renews.biz,credible,
adaa.org,credible,
metronewsclips.com,credible,
nuggetnews.com,credible,
michiganreview.com,credible,
saintpetersblog.com,credible,
jkampfner.net,credible,
corydondemocrat.com,credible,
emtoast.com,credible,
alternativeradio.org,credible,
tracknewsonline.com,credible,
observatorial.com,credible,
theeyeopener.com,credible,
iphotographmusic.com,credible,
spectrumreport.com,credible,
bipartisanreport.com,fake,-1.0
amarillo.com,credible,0.0
katehon.com,fake,1.0
themindunleashed.com,fake,
hcn.org,credible,-1.0
westernjournalism.com,fake,
freelancedirectory.org,credible,
fox4beaumont.com,credible,1.0
nzherald.co.nz,credible,0.0
radaronline.com,credible,
producer.com,credible,
bignewsnetwork.com,credible,0.0
badcriminals.com,credible,
wibx950.com,credible,
bruceandrewpeters.com,credible,
kyfreepress.com.au,credible,
search-22.com,credible,
americasquarterly.org,credible,1.0
jewwatch.com,credible,
thenewstribune.com,credible,-1.0
alpineavalanche.com,credible,
rediff.com,credible,
ecowatch.com,mixed,-1.0
abc2news.com,credible,
fedsalert.com,fake,
bgnews.com,credible,
kxxv.com,credible,0.0
ironcountyreporter.com,credible,
arabiadeserta.com,credible,
kenweingart.com,credible,
givemeliberity01.com,fake,
insightphotos.co.uk,credible,
lastresistance.com,fake,
thewiremegazine.com,credible,
world.politics.com,fake,
mdwyer.com,credible,
pnna.com,credible,
crainsnewyork.com,credible,
classicrockconcertphotos.net,credible,
newburyportnews.com,credible,
theticker.org,credible,
countdowntozerotime.com,fake,
texasguardian.com,credible,
firstamendmentcenter.org,credible,
informationweek.com,credible,
thecomanchechief.com,credible,
techradar.com,credible,
herald-journal.com,credible,
reporterherald.com,credible,0.0
arcamax.com,credible,1.0
healthy-holistic-living.com,fake,
valleybugler.com,credible,
mankowitz.com,credible,
wabi.tv,credible,0.0
studentnewsgrid.com,credible,
xbn-news.com,credible,
thehardtimes.net,mixed,
eastietimes.com,credible,
oann.com,credible,
newssafety.com,credible,
wistv.com,credible,0.0
nationalpost.com,credible,1.0
out.com,mixed,-1.0
lincolnspector.wordpress.com,credible,
christianaction.org,fake,1.0
sdpb.org,credible,
camerapress.com,credible,
publicinterestlegal.org,mixed,1.0
theweeklyadvertiser.com.au,credible,
hillreporter.com,credible,-1.0
newsammo.com,fake,1.0
jawaddington.co.uk,credible,
oklahomacitysun.com,credible,
chicoer.com,credible,0.0
illicitinfo.com,fake,1.0
the-efa.org,credible,
cgpix.com,credible,
en.radiovaticana.va,credible,
redlandcitybulletin.com.au,credible,
thereflector.ca,credible,
skift.com,credible,
cbs4indy.com,credible,0.0
ktvl.com,credible,1.0
quickscan.net,credible,
christiannewsalerts.com,mixed,1.0
mcgillreport.org,credible,
escapism.com.au,credible,
matthieucolin.com,credible,
singletonargus.com.au,credible,
cei.org,fake,1.0
nctj.com,credible,
wilderness.org,credible,-1.0
livetradingnews.com,credible,
inquisitr.com,credible,
endoftheamericandream.com,fake,
portlavacawave.com,credible,
cccvoice.com,credible,
allaboutjazz.com,credible,
psypost.org,credible,
statejournal.com,credible,
shirlaine.co.uk,credible,
foxbororeporter.com,credible,
americannewsx.com,fake,
teddchurch.com,credible,
safiyahsrant.blogspot.com,credible,
djournal.com,credible,
mansfieldcourier.com.au,credible,
rockportpilot.com,credible,
cannasos.com,fake,
timesdelphic.com,credible,
thetd.com,credible,
bigeye.com,credible,
 http.,credible,
wcmessenger.com,credible,
podgerufo.blogspot.co.uk,credible,
waow.com,credible,0.0
fellowshipoftheminds.com,fake,
rightsmarts.com,credible,
healio.com,credible,
europa.eu,credible,
nptelegraph.com,credible,0.0
rivals.com,credible,
buckscountycouriertimes.com,credible,
greensboro.com,credible,-1.0
stuartbuck.blogspot.com,credible,
news-expressky.com,credible,
citynews.com.au,credible,
tbo.com,credible,
newsadvertiser.com,credible,
news4jax.com,credible,0.0
nwcn.com,credible,
mv-photo.com,credible,
indiana.edu,credible,
jamespomerantz.com,credible,
channel68news.com,fake,
pierpaoloscavuzzo.it,credible,
nysepost.com,credible,
hoggwatch.com,fake,1.0
prisonplanet.com,fake,
genengnews.com,credible,
ellicottvillenews.com,credible,
heresyblog.net,fake,
livestrong.com,fake,
theclockonline.com,credible,
hastingsstargazette.com,credible,
dailydem.com,credible,
jewishnews.net.au,credible,
news.com.au,credible,1.0
johnharrington.com,credible,
mikemason.net,credible,
themaneater.com,credible,
crowrivermedia.com,credible,
timesargus.com,credible,
juddhandler.com,credible,
plenglish.com,credible,
camrosecanadian.com,credible,
friendsofsyria.wordpress.com,credible,
tombarton.co.uk,credible,
wtma.com,credible,
aurorasentinel.com,credible,
geodesicsolutions.com,credible,
smnweekly.com,credible,
astateherald.com,credible,
thepacket.ca,credible,
care2.com,mixed,-1.0
ajot.com,credible,
bjr.org.uk,credible,
naturalnewsblogs.com,fake,1.0
greaterkashmir.com,credible,
lsu.co.uk,credible,
boernestar.com,credible,
goleader.com,credible,
kste.com,credible,
aranews.net,credible,
niskanencenter.org,credible,-1.0
naturalcures.com,fake,
gonzalescannon.com,credible,
cubreporters.org,credible,
steamboattoday.com,credible,
trinitymirror.com,credible,
usueagle.com,credible,
wjhnews.com,credible,
pittsfieldgazette.com,credible,
flashinfo.org,credible,
theeconomiccollapseblog.com,fake,
bdtonline.com,credible,-1.0
130.212.44.98.,credible,
mediaequalizer.com,credible,
northerncalifornian.com,credible,
sheppadviser.com.au,credible,
progressivearmy.com,credible,
uniondemocrat.com,credible,
cookpolitical.com,credible,0.0
caldronpool.com,fake,1.0
foxbaltimore.com,credible,1.0
phogle.com,credible,
rcfp.org,credible,
albanyenterprise.com,credible,
wltribune.com,credible,-1.0
levineroberts.com,credible,
navscout.com,credible,
fiftyplusadvocate.com,credible,
winonastateu.com,credible,
knowherenews.com,credible,0.0
austinglobe.com,credible,
justice.gov,credible,
bigspringherald.com,credible,
radiotower.com,credible,
thinkingmomsrevolution.com,credible,
realitybitesback.blogspot.com,credible,
keysnews.com,credible,0.0
gpb.org,credible,
dailyfinance.com,credible,
paoutdoornews.com,credible,
thesil.ca,credible,
wunc.org,credible,
supremepatriot.com,fake,
hpj.com,credible,
thelantern.com,credible,
oceancity.com,credible,
journalists.org,credible,
seattlepress.com,credible,
lancastereaglegazette.com,credible,
elisabethparker.com,credible,
apalachtimes.com,credible,
oureyeonislam.com,credible,
talentrefresh.com,credible,
thechanticleer.wordpress.com,credible,
kingsmannews.com,credible,
savannahnow.com,credible,1.0
opslens.com,mixed,1.0
weatherbadger.com,credible,
therehearsalstudio.blogspot.com,credible,
thelaughclub.net,fake,
aprilwrites.com,credible,
fastweatherforecast.com,credible,
pointerview.com,credible,
press-citizen.com,credible,-1.0
our-hometown.com,credible,
thedalharttexan.com,credible,
globalrevolutionnetwork.com,fake,
wmcactionnews5.com,credible,
ronreason.com,credible,
democracy21.org,credible,-1.0
afr.com,credible,1.0
cannonfalls.com,credible,
travelpulse.com,credible,
kmov.com,credible,0.0
montgomeryherald.com,credible,
thecolgatemaroonnews.com,credible,
lawrentian.com,credible,
nomadcamera.com,credible,
nbc29.com,credible,0.0
aap.org,credible,
fbi.gov,credible,
johnhumble.com,credible,
delawarepublic.org,credible,
cftni.org,mixed,1.0
cdanews.com,credible,
awazetribune.com,mixed,
bastapinoy.com,credible,
rockawave.com,credible,
yourvalleyvoice.com,credible,
holmescountyherald.com,credible,
pagesix.com,credible,
mountainmessenger.com,credible,
businesswireindia.com,credible,
whnt.com,credible,0.0
newsbrowse.com,credible,
floridalink.com,credible,
journalism.co.uk,credible,
worldtribune.com,fake,1.0
indianagazette.com,credible,
thenationalsun.com,credible,
digitaljournalist.org,credible,
dcmilitary.com,credible,
geekwire.com,credible,0.0
utsandiego.com,credible,
azfreespeech.az,credible,
meowhousemedia.com,credible,
americanprides.org,credible,
laurenbamford.com,credible,
neontommy.com,credible,
crimeola.com,credible,
louderwithcrowder.com,fake,1.0
walb.com,credible,0.0
media-alliance.org,credible,
rbr.com,credible,
nbcconnecticut.com,credible,
tuftsobserver.org,credible,
brandeishoot.com,credible,
groundreport.com,credible,
acsh.org,credible,1.0
ppindependent.net,credible,
michronicleonline.com,credible,
canoe.ca,credible,
freedomcrossroads.com,mixed,
wrkf.org,credible,
peicanada.com,credible,
thenews.com.pk,mixed,1.0
cootamundraherald.com.au,credible,
chronicle.com,credible,-1.0
nature.org,credible,-1.0
climatecentral.org,credible,-1.0
duclarion.com,credible,
dartcenter.org,credible,
weirs.com,credible,
terangexpress.com.au,credible,
redcountry.us,fake,
earshotmedia.com,credible,
healthy-vibes.com,credible,
haarp.net,credible,
customscoop.com,credible,
thehilltalk.com,credible,
kgmi.com,credible,
yankeeinstitute.org,credible,1.0
inequalitymedia.org,credible,-1.0
dailybruin.com,credible,
cjonline.com,credible,-1.0
bucksfreepress.co.uk,credible,0.0
krdo.com,credible,0.0
rigzone.com,credible,
uexpress.com,credible,
superstation95.com,credible,
andrepichette.com,credible,
worldflash.com,credible,
blackprwire.com,credible,
nycnews.net,credible,
chomsky.info,credible,
endtime.com,fake,
wnmunews.wordpress.com,credible,
agencevu.com,credible,
trinicenter.com,credible,
thebottomlinenews.com,credible,
pressherald.com,credible,-1.0
fox14tv.com,credible,
insideworld.com,credible,
kpho.com,credible,
adh-oneday.blogspot.com,credible,
justfactsdaily.com,mixed,1.0
actualidad.com,credible,
investorplace.com,credible,
jacksonville.com,credible,-1.0
thesunmagazine.org,credible,-1.0
flkeysnews.com,credible,
healingoracle.ch,fake,
santacruzsentinel.com,credible,0.0
en.mehrnews.com,fake,1.0
pittnews.com,credible,
thedailytimes.com,credible,
irvinphotography.com,credible,
sentinelassam.com,credible,
washingtonsblog.com,fake,
digitalmediawire.com,credible,
journalisted.com,credible,
heritage.org,mixed,1.0
donaldtrumppotus45.com,fake,
kalonanews.com,credible,
sbphoto.com.au,credible,
news-mail.com.au,credible,
thenewstrack.com,credible,
braidwoodtimes.com.au,credible,
thedailyconspiracy.com,credible,
whitsundaytimes.com.au,credible,
trumptrainnews.com,fake,1.0
kashgt.com,credible,
newswatch33.com,fake,
powerofnative.com,credible,
readingeagle.com,credible,
freedomainradio.com,fake,1.0
newswatch28.com,fake,
beforeitsnews.com,fake,1.0
simplysoutherncappy.com,credible,
pnas.org,credible,
mixi.media,fake,1.0
nymag.com,credible,-1.0
worldpoliticus.com,credible,
demo-mo.com,credible,
factrider.com,fake,
patrioticmillionaires.org,credible,-1.0
oceancountyjournal.com,credible,
hannapub.com,credible,
space.news,fake,1.0
vermillionsd.com,credible,
mccallstarnews.com,credible,
natkin.net,credible,
kstp.com,credible,0.0
jonesborosun.com,credible,1.0
gopusa.com,fake,1.0
thisweeknews.com,credible,
amren.com,fake,1.0
portclintonnewsherald.com,credible,
politicaltribune.org,credible,
buvoice.com,credible,
8m.com,credible,
resourcegovernance.org,credible,-1.0
newshub.org,credible,
laweekly.com,mixed,-1.0
kupr7.com,credible,
wcbe.org,credible,
altondailynews.com,credible,
andreo.ch,credible,
newsthinking.com,credible,
wingsoverscotland.com,credible,
kodiakdailymirror.com,credible,
americanprides.com,credible,
state.gov,credible,
reagancoalition.com,fake,
timesonline.com,credible,
htrnews.com,credible,
castanet.net,credible,0.0
collectivelyconscious.net,fake,
mansfieldnewsjournal.com,credible,
latimes.com,credible,-1.0
kstatecollegian.com,credible,
archaeology-world.com,fake,
lebanondailyrecord.com,credible,
radioaustralia.net.au,credible,
unz.com,fake,1.0
wthr.com,credible,0.0
craveonline.com,credible,
opposingviews.com,mixed,1.0
redstatewatcher.com,fake,
universalweather.com,credible,
edmontonjournal.com,credible,1.0
abcnews-us.com,fake,
mtlakenews.com,credible,
hotindienews.com,credible,
mondoweiss.net,fake,-1.0
tommykile.com,credible,
oanow.com,credible,0.0
whec.com,credible,0.0
thetacomaledger.com,credible,
radioopensource.org,credible,
burnabynow.com,credible,-1.0
capitalism.org,credible,
postbulletin.com,credible,1.0
tveyes.com,credible,
cc.com,credible,
valleycentral.com,credible,0.0
dailyleak.org,fake,
wartburgcircuit.org,credible,
cortes.com,credible,
albertleatribune.com,credible,1.0
liveleak.com,credible,
ydr.com,credible,-1.0
hondoanvilherald.com,credible,
statesman.com,credible,-1.0
theolathenews.com,credible,
foxbusiness.com,credible,1.0
greensburgdailynews.com,credible,-1.0
lifeasnick.com,credible,
livingwhole.org,fake,1.0
newsfrompolitics.com,fake,
wbay.com,credible,0.0
tennesseedaily.com,credible,
echocantley.ca,credible,
nab.org,credible,
chickashanews.com,credible,-1.0
cbn.com,credible,
climatefeedback.org,credible,
turningpointsonline.com,credible,
irinnews.org,credible,
truomega.ca,credible,
independentsciencenews.org,fake,
newschannel10.com,credible,0.0
villagevoice.com,credible,-1.0
therightists.com,fake,
unkantelope.com,credible,
metrotimes.com,credible,-1.0
news.cn,fake,-1.0
americanflare.com,credible,
hesperianbeacononline.com,credible,
brucecmoore.com,credible,
wellingtondailynews.com,credible,0.0
navlost.eu,credible,
cmmintelligence.com,credible,
bbc.co.uk,credible,
rachelpalmer.co.uk,credible,
worldinformation24.info,credible,
usinfonews.com,fake,
worldnewsdailyreport.com,fake,
guernicamag.com,credible,
centralfloridafuture.com,credible,
realclimate.org,credible,
heartlandconnection.com,credible,
wy.edu,credible,
americandailynews.org,credible,
queanbeyanagechronicle.com.au,credible,
pressmonitor.com,credible,
record-eagle.com,credible,0.0
rustybrain.com,credible,
phtimes.net,credible,
tmz.com,mixed,-1.0
thecoast.ca,credible,
poynter.org,credible,0.0
newspoweronline.com,credible,
mynews13.com,credible,
nbc.com.co,fake,
texasstandard.org,credible,0.0
sharonherald.com,credible,
weeklytimesnow.com.au,credible,
972mag.com,credible,-1.0
kfyrtv.com,credible,0.0
aim4truth.org,fake,1.0
13wham.com,credible,1.0
stpete4peace.org,mixed,-1.0
bellingcat.com,credible,-1.0
trincoll.edu,credible,
aqsher.blogspot.co.uk,credible,
relevantmagazine.com,credible,-1.0
bradleyosborn.com,credible,
differencebetween.net,credible,0.0
disasternews.net,credible,
elmundotoday.com,mixed,
publishersweekly.com,credible,
christophermorris.com,credible,
24x365live.com,fake,
lorenholmes.com,credible,
virginiastar.net,credible,
naturalawakeningsmag.com,credible,
gaia.com,fake,
chroniclesofdemocracy.com,credible,
redding.com,credible,-1.0
wsvn.com,credible,-1.0
themedialine.org,credible,
wctrib.com,credible,1.0
ozonastockman.com,credible,
busseltonmail.com.au,credible,
ithacajournal.com,credible,-1.0
northernbcbusiness.com,credible,
therightstuff.biz,fake,1.0
nbcnews.com,credible,-1.0
bb4sp.com,fake,1.0
elonnewsnetwork.com,credible,
wlox.com,credible,0.0
cdt.org,credible,0.0
thecollegefix.com,mixed,1.0
blacklistednews.com,fake,
thexunewswire.com,credible,
beaufortcountynow.com,credible,
teoinfo.com,fake,
sean.co.uk,credible,
quillnewspaper.com,credible,
clapway.com,credible,
abercap.com,credible,
kusi.com,credible,
cbpp.org,credible,-1.0
newsandsentinel.com,credible,1.0
wltz.com,credible,
acculturated.com,credible,
carillonregina.com,credible,
vice.com,credible,-1.0
breitbart.com,fake,1.0
internet.lu,credible,
weatherzombie.com,credible,
thebadgeronline.com,credible,
spearmanreporter.com,credible,
magazine.atavist.com,credible,-1.0
newsninja2012.com,fake,
city.ac.uk,credible,
scripps.com,credible,
anews24.org/,credible,
popsci.com,credible,
ibrattleboro.com,credible,
experimentalvaccines.org,fake,
beholdisrael.org,fake,1.0
investors.com,mixed,1.0
carscoops.com,credible,
bluegrasspundit.com,credible,
delawareonline.com,credible,-1.0
pressandguide.com,credible,
elgincourier.com,credible,
muswellbrookchronicle.com.au,credible,
lobservateur.com,credible,1.0
vtsports.com,credible,
associatedmediacoverage.com,fake,
newportnewstimes.com,credible,
heraldsun.com,credible,0.0
groesbeckjournal.com,credible,
peacock-panache.com,credible,
pinecitymn.com,credible,
equities.com,credible,
therooster.com,fake,
newsleak.co,fake,
rochsent.com,credible,1.0
gulagbound.com,fake,
resistancemedia.org,credible,
mijo.com,credible,
pineislandnews.com,credible,
mytwintiers.com,credible,0.0
siouxlandnews.com,credible,1.0
faithpanda.com,fake,
science20.com,credible,
mab.org,credible,
salemnews.net,credible,
isthatlegit.com,fake,
sfu.ca,credible,
timesleaderonline.com,credible,
citizennewspaper.com,credible,
kmt11.com,fake,
whotv.com,credible,
lecanadian.com,credible,
artscenecal.com,credible,
tvadindx.com,credible,
amplifyingglass.com,fake,
businessinsider.com,credible,-1.0
grist.org,credible,-1.0
lse.ac.uk,credible,
nachrichten365.com,fake,
huffpost.com,mixed,-1.0
unclesamsmisguidedchildren.com,fake,
ncpolicywatch.com,credible,
therecordofwilkes.com,credible,
newsoptimist.ca,credible,
gazetteweekly.com,credible,
telegraphsun.com,credible,
claycountyfreepress.com,credible,
nutritionalanarchy.com,fake,
wlac.com,credible,
nbcsandiego.com,credible,
grunge.com,fake,-1.0
1010wins.radio.com,credible,
leftvoice.org,mixed,-1.0
voice-tribune.com,credible,
camdenadvertiser.com.au,credible,
nhpr.org,credible,
nvic.org,fake,
mondaq.com,credible,
advocate-online.net,credible,
everydayfeminism.com,mixed,-1.0
dewitt-ee.com,credible,
pressenterpriseonline.com,credible,
sj-r.com,credible,-1.0
cowgernation.com,fake,1.0
oedigital.com,credible,
speld.nl,mixed,
hamlethub.com,credible,
youthrights.org,credible,-1.0
flathatnews.com,credible,
begadistrictnews.com.au,credible,
nhgazette.com,credible,
thejakartapost.com,credible,-1.0
climatism.blog,credible,
greatneckrecord.com,credible,
leftexposed.org,credible,
viralmugshot.com,credible,
theblackandwhite.net,credible,
mcrecord.com,credible,
theprairienews.com,credible,
simonwilson.ca,credible,
usherald.com,fake,
rochesterfirst.com,credible,0.0
thesandb.com,credible,
skapunkphotos.com,credible,
ourquadcities.com,credible,0.0
myfoxhouston.com,credible,
prospectmagazine.co.uk,credible,-1.0
classichitsandoldies.com,credible,
alvinsun.net,credible,
conservativefiringline.com,fake,1.0
ntknetwork.com,mixed,1.0
mcclatchy.com,credible,
wbko.com,credible,0.0
thecommondenominator.com,credible,
marineweather.net,credible,
kennethelamb.com,credible,
journaltimes.com,credible,0.0
chadneuman.com,credible,
atlantadailyworld.com,credible,
quackwatch.org,credible,
browndailyherald.com,credible,
loonwatch.com,credible,
thelevel.org,credible,
monroenews.com,credible,-1.0
theorion.com,credible,
duke.edu,credible,
dailytorch.com,credible,1.0
financialwisdomworks.com,credible,
baytownsun.com,credible,
maderatribune.com,credible,
thestar.com.au,credible,
oilgeopolitics.net,fake,
rockefeller.edu,credible,
agriculture.com,credible,-1.0
freepressjournal.in,credible,
io9.com,credible,
nutpub.net,credible,
radioconnection.com,credible,
amie.org,credible,
wusa9.com,credible,0.0
thepostemail.com,fake,1.0
wrex.com,credible,0.0
lacombeglobe.com,credible,
thealpenanews.com,credible,0.0
abovetopsecret.com,fake,1.0
syossetjerichotribune.com,credible,
steynonline.com,credible,
mininggazette.com,credible,1.0
liberty-courier.com,fake,
jamestown.org,credible,0.0
universalhub.com,credible,
capecodchronicle.com,credible,
clarkcollegeindependent.com,credible,
warrandytediary.com.au,credible,
kgw.com,credible,0.0
arkansasmatters.com,credible,
woai.com,credible,
usapoliticsnow.com,fake,
inma.org,credible,
insideedition.com,credible,-1.0
talesoftheidiot.com,credible,
ww4report.com,credible,
corvospro.com,credible,
krmg.com,credible,
theboar.org,credible,
broadcast-live.com,credible,
neverrepublican.com,credible,
daily-times.com,credible,1.0
starherald.com,credible,0.0
childrenshealthdefense.org,fake,1.0
tentacle.net,credible,
politifact.news,fake,
lanthorn.com,credible,
answersingenesis.org,fake,1.0
robertniles.com,credible,
climateactiontracker.org,credible,
yellowstone-online.com,credible,
csicop.org,credible,
iwanttoexplore.com,fake,
ladiesofliberty.net,credible,
theamericanindependent.wordpress.com,fake,
counterjihad.com,fake,
aldianews.com,mixed,-1.0
itwire.com,credible,
dailyiowegian.com,credible,
felixonline.co.uk,credible,
duxburyclipper.com,credible,
planet-ralph.de,credible,
kunm.org,credible,
wordgames.co.uk,credible,
progresstribune.com,credible,
citylab.com,credible,
washingtonbabylon.com,credible,-1.0
daily-jeff.com,credible,
objectiveministries.org,mixed,
bostonirish.com,credible,
weathercity.com,credible,
simedia.org,credible,
buffalobulletin.com,credible,
wbt.com,credible,
carepublican.com,credible,
ajnews.com,credible,
esciencenews.com,credible,
coloradostar.com,credible,
mailtimes.com.au,credible,
tripathi.blogspot.com,credible,
independentsentinel.com,fake,1.0
brownsvilleherald.com,credible,
yolamda.net,credible,
buffalochronicle.com,fake,1.0
seminoleproducer.com,credible,
overpassesforamerica.com,fake,1.0
westhartfordnews.com,credible,
fpinfomart.ca,credible,
ndsmcobserver.com,credible,
citizensforethics.org,mixed,-1.0
herefordbrand.com,credible,
progressiverevelations.com,credible,
community-news.com,credible,
libertyalliance.com,fake,
eyeopening.info,fake,
beehivebugle.com,mixed,
fox8.com,credible,0.0
arielis.com,credible,
csusmchronicle.com,credible,
israelhayom.com,mixed,1.0
webnewsmonitor.com,credible,
channel62news.com,fake,
minnpost.com,credible,-1.0
eurweb.com,credible,
eastbayexpress.com,credible,
aldipest.com,credible,
dailyemerald.com,credible,
ktvq.com,credible,0.0
dailyworldupdate.us,mixed,
johngaltfla.com,credible,
theherald.com.au,credible,
villagesoup.com,credible,
wintertexantimes.com,credible,
cobramcourier.com.au,credible,
hjnews.com,credible,0.0
theskunk.org,mixed,
theonlinerocket.com,credible,
sources.com,credible,
ninamunk.com,credible,
usaspending.gov,credible,0.0
checkpointasia.net,credible,
thesheridanpress.com,credible,
onepoliticalplaza.com,fake,
dailycal.org,credible,
freezerbox.com,credible,
chestertontribune.com,credible,
politicsthatwork.com,credible,
www.msk.kp.ru,credible,
wausaudailyherald.com,credible,
casscountynow.com,credible,
wsbtv.com,credible,0.0
15minutenews.com,credible,
thedailycourier.com,credible,
stjoechannel.com,credible,
melrosebeacon.com,credible,
wonkette.com,mixed,-1.0
freestonecountytimesonline.com,credible,
thecampanil.com,credible,
kcchronicle.com,credible,
cincinnatisun.com,credible,
universetoday.com,credible,
waff.com,credible,0.0
financialbuzz.com,credible,
revolutions2040.com,fake,
tenterfieldstar.com.au,credible,
bostinno.streetwise.co,credible,
conservativeinfidel.com,fake,
news14now.com,fake,
nativestuff.us,fake,
surveyoronline.wordpress.com,credible,
thebeltwayreport.com,fake,1.0
thebigriddle.com,fake,
timeline.com,credible,
france24-tv.com,credible,
wlsam.com,credible,
union-bulletin.com,credible,
ktul.com,credible,1.0
dailynews3.com,credible,
thechartonline.com,credible,
nujournal.com,credible,0.0
astronomylinks.com,credible,
24aktuelles.com,credible,
theuspoliticalpost.com,credible,
infogalactic.com,fake,1.0
blackshadow.com.au,credible,
wehuntedthemammoth.com,credible,-1.0
indeonline.com,credible,-1.0
beaumontenterprise.com,credible,
thegardenisland.com,credible,-1.0
dailypoliticsusa.com,fake,
lzs.lt,credible,
foreignpolicyi.org,fake,
michaeldupras.com,credible,
politicass.com,fake,
kmbc.com,credible,0.0
sanfordherald.com,credible,1.0
mediaed.org,credible,
burlesonstar.net,credible,
richmondregister.com,credible,-1.0
davidgordon.co.uk,credible,
earncentral.org,credible,
themillenniumreport.com,fake,1.0
lpra.org,credible,
palestineherald.com,credible,-1.0
ballotpedia.org,credible,
esquire.com,mixed,-1.0
kimatv.com,credible,1.0
kuaf.com,credible,-1.0
michaelwilliams.co.uk,credible,
intrendtoday.com,fake,
damaso.com,credible,
limacharlienews.com,credible,
townhall.com,fake,1.0
syracuse.com,credible,0.0
conservative7.com,fake,
rexfeatures.com,credible,
wfin.com,credible,
wjbf.com,credible,0.0
mid-day.com,credible,
totaltele.com,credible,
edmondsun.com,credible,
doaneline.com,credible,
currypilot.com,credible,
newsleader.com,credible,
tickertech.com,credible,
buffalo.edu,credible,
kiamaindependent.com.au,credible,
mcmaster.ca,credible,
politichicks.com,fake,1.0
soas.ac.uk,credible,
thepremiumnews.com,fake,
reviewjournal.com,credible,1.0
bigislandnow.com,credible,
thebraziltimes.com,credible,
scarymommy.com,mixed,-1.0
occupydemocrats.com,fake,-1.0
sbindependent.org,credible,
theestablishment.co,credible,
fortworthbusiness.com,credible,
spaceref.com,credible,
thestreet.com,credible,1.0
btcnews.com,credible,
nasa.gov,credible,
gloucesteradvocate.com.au,credible,
redrocktribune.com,fake,
niacc.edu,credible,
matadornetwork.com,credible,
thespectator.info,fake,1.0
dailytelegraph.com.au,fake,1.0
satnews.com,credible,
billingsgazette.com,credible,1.0
newsgru.com,credible,
tanosborn.com,credible,
ufoholic.com,fake,
newsbusters.org,mixed,1.0
standardspeaker.com,credible,0.0
ljworld.com,credible,
newsexaminer.com,credible,1.0
whitehorsestar.com,credible,
dailytoreador.com,credible,
americatalks.com,credible,
anh-usa.org,fake,
fairfaxtimes.com,credible,
twst.com,credible,
smithvillereview.com,credible,
cm-life.com,credible,
nbcdfw.com,credible,-1.0
fox4kc.com,credible,0.0
newsnow17.com,fake,
bcpix.com,credible,
newrichlandstar.com,credible,
dchieftain.com,credible,
wbtw.com,credible,0.0
phillytrib.com,credible,-1.0
cioj.co.uk,credible,
firearmsnews.com,credible,1.0
kcra.com,credible,0.0
globalhealingcenter.com,fake,
jacksonfreepress.com,credible,-1.0
jewishpolicycenter.org,credible,1.0
messagemedia.co,credible,
chello.nl,credible,
kensingtonreview.com,credible,
politicalstate.org,credible,
janetjarman.com,credible,
centretownnews.ca,credible,
dailyvoice.com,credible,
overdog-group.com,credible,
cosmopolitan.com,mixed,-1.0
dailyexcelsior.com,credible,
news10.net,credible,
tass.com,fake,1.0
dailytribune.net,credible,
wmal.com,credible,
kypress.com,credible,
earthfirstjournal.org,credible,
alamogordonews.com,credible,-1.0
westernfrontonline.net,credible,
kpvi.com,credible,0.0
iolaregister.com,credible,
redbrick.me,credible,
fairobserver.com,credible,-1.0
sweetwaterreporter.com,credible,
paragoulddailypress.com,credible,1.0
nwitimes.com,credible,0.0
darrinzammitlupi.com,credible,
aaas.org,credible,
boisestatepublicradio.org,credible,
borderwatch.com.au,credible,
michaelsd.tripod.com,credible,
ecommerce-journal.com,credible,
the-review.com,credible,
wjtv.com,credible,0.0
theintell.com,credible,
hepburnadvocate.com.au,credible,
sergiosfstop.com,credible,
kestenmedia.com,credible,
globest.com,credible,
vaxopedia.org,credible,
americamagazine.org,credible,-1.0
lex18.com,credible,0.0
diversitychronicle.wordpress.com,mixed,
barometersurveys.com,credible,
whlt.com,credible,
newpaltz.edu,credible,
conservativeflashnews.com,fake,
dailyrecord.com,credible,0.0
hartfordcitynewstimes.com,credible,
forimmediaterelease.net,credible,
musichost.com,credible,
jimromenesko.com,credible,
therural.com.au,credible,
worldtruth.tv,fake,1.0
viewnews.com.au,credible,
ff911truthandunity.org,credible,
thepeoplestribune.com,credible,
eurekalert.org,credible,
oneindia.com,mixed,-1.0
fhsu.edu,credible,
dailyexaminer.com.au,credible,
politicalcritique.org,credible,
wqad.com,credible,0.0
thelowell.org,credible,
billcurtsingerphoto.com,credible,
archiviofotografico.com,credible,
albuquerqueexpress.com,credible,
businessnews.com.au,credible,
thenewsherald.com,credible,
citypaper.com,credible,
fortmorgantimes.com,credible,0.0
vcpost.com,credible,
stocknewsusa.com,credible,
medianation.blogspot.com,credible,
lgbtqnation.com,mixed,-1.0
thenationalpatriot.com,fake,1.0
wkrg.com,credible,0.0
spectacle.org,credible,
scoopnest.com,mixed,0.0
thestrategybridge.org,credible,0.0
chronicle-independent.com,credible,
newsobserver.com,credible,-1.0
silkroadreporters.com,credible,
fanspace.com,credible,
martlet.ca,credible,
sleekmoney.com,credible,
krtv.com,credible,0.0
uniondailytimes.com,credible,
freedomalliance.org,credible,1.0
markhancock.blogspot.com,credible,
surrealscoop.com,mixed,
pantagraph.com,credible,1.0
truepundit.com,fake,
blackeyepolitics.com,fake,1.0
wgan.com,credible,
southernconservativeextra.com,fake,
independent.com,credible,-1.0
tmzurban.com,credible,
fox2now.com,credible,0.0
yournewsnet.com,credible,
jjphoto.co.za,credible,
pennywiser.com,credible,
buffaloreflex.com,credible,
timesofbhatkal.com,credible,
gonzagabulletin.com,credible,
dntownsend.com,credible,
heraldnewstn.com,credible,
cernovich.com,fake,
dakotastudent.com,credible,
wfmj.com,credible,
princegeorgecitizen.com,credible,-1.0
thespectrum.com,credible,
opendoorsusa.org,credible,
msvu.ca,credible,
therunneronline.com,credible,
hotpagenews.com,credible,
beloit.edu,credible,
nj1015.com,credible,1.0
burrellesluce.com,credible,
thecollegevoice.org,credible,
japantoday.com,credible,-1.0
southernmanitobareview.com,credible,
worldne.ws,credible,
thedailyvox.co.za,credible,-1.0
cairomessenger.com,credible,
theheartysoul.com,fake,
populartechnology.net,credible,
thedickinsonpress.com,credible,1.0
martinsvillebulletin.com,credible,0.0
thegoldandoilguy.com,credible,
aboutourtown.com,credible,
lenconnect.com,credible,-1.0
apn.com.au,credible,
uh.edu,credible,
draytonvalleywesternreview.com,credible,1.0
times-publications.com,credible,
pjmedia.com,fake,1.0
elitedaily.com,mixed,-1.0
carolinianuncg.com,credible,
mediatico.com,credible,
walesonline.co.uk,credible,-1.0
rawforbeauty.com,fake,
newsresearch.blogspot.com,credible,
amgreatness.com,mixed,1.0
jasminfischer.de,credible,
nationalvanguard.org,fake,1.0
bucknell.edu,credible,
abc.net.au,credible,-1.0
toptechnews.com,credible,
evil.news,fake,1.0
remnantnewspaper.com,fake,1.0
electronicintifada.net,credible,-1.0
wikinews.org,credible,
thenewsclub.info,credible,
securingdemocracy.gmfus.org,credible,0.0
ukcolumn.org,fake,1.0
columbianprogress.com,credible,
citizensvoice.com,credible,0.0
newsradio1310.com,credible,
nrtoday.com,credible,
the-insider.co,fake,
realcleardefense.com,credible,1.0
thepeoplenews.com,credible,
keranews.org,credible,
bea.gov,credible,
sciencecodex.com,credible,
poclad.org,credible,
bunabeacon.com,credible,
thrivemovement.com,fake,
pnwlocalnews.com,credible,
jefflarsen.com,credible,
www.godlikeproductions.cobmmmmbmmbhhmbbmhmbbmmmmmhhhhbmhbbbbmmhmhmbbbmmm.,credible,
vtdigger.org,credible,-1.0
exworld.org,credible,
telecompaper.com,credible,
bransontrilakesnews.com,credible,
carlesdomenec.com,credible,
stevedavey.com,credible,
opinion-exchange.com,credible,
medusamagazine.com,credible,
cbs46.com,credible,0.0
aaaphotos.org,credible,
weatherforyou.com,credible,
topix.com,credible,
tctimes.com,credible,
usnpl.com,credible,
piquenewsmagazine.com,credible,-1.0
ulmhawkeyeonline.com,credible,
newsandtribune.com,credible,-1.0
magadailyreport.com,credible,
kristysparow.com,credible,
daily.jstor.org,credible,-1.0
paintsvilleherald.com,credible,
dasilvaphoto.com,credible,
millercountyliberal.com,credible,
beltonjournal.com,credible,
mountaineagle.com,credible,
lcsun-news.com,credible,0.0
sunpeaksnews.com,credible,
oregoncommentator.com,credible,
nationindistress.weebly.com,fake,
mentalfloss.com,credible,0.0
houstonleader.com,fake,
winonapost.com,credible,
tuftsdaily.com,credible,
19actionnews.com,credible,
ccnycampus.org,credible,
jazzphoto.ch,credible,
bridgemi.com,credible,-1.0
metrojacksonville.com,credible,
out-law.com,credible,
wilsoncenter.org,credible,-1.0
bowislandcommentator.com,credible,
ktoo.org,credible,-1.0
theamericanmirror.com,fake,1.0
newssportsheadlines.com,credible,
kpcnews.com,credible,
timporter.com,credible,
yorkdispatch.com,credible,-1.0
southerngazette.ca,credible,
christinemckenna.com,credible,
megastories.com,credible,
kdlt.com,credible,
theinformedamerican.net,fake,
foreignpolicynews.org,mixed,-1.0
resistancereport.com,fake,
newsherald.com,credible,-1.0
newslookup.com,mixed,0.0
naturalblaze.com,fake,
krgv.com,credible,
universityofcalifornia.edu,credible,
houstonianonline.com,credible,
seymourtelegraph.com.au,credible,
wbaa.org,credible,
firearmscoalition.org,fake,
murphymonitor.com,credible,
ushealthylife.com,fake,
yournationnews.com,fake,
plos.org,credible,
ucsc.edu,credible,
google.com,credible,
smithsonianmag.com,credible,
laprensasa.com,credible,
thechronicleherald.ca,credible,
pahomepage.com,credible,0.0
nashuatelegraph.com,credible,
neagle.com,credible,
nikkeiwest.com,credible,
worcestermag.com,credible,
ryot.org,credible,
themonitor.com,credible,
freetimes.com.au,credible,
financialspots.com,credible,
northcrane.com,fake,
columbiachronicle.com,credible,
fsne.org,credible,
theadvocate.com,credible,-1.0
ips.org,credible,
marketsandmorality.com,credible,
noticias-frescas.com,credible,
americanintelligencereport.com,credible,
news.sky.com,credible,0.0
kxii.com,credible,0.0
space.com,credible,
singularityhub.com,credible,
ageofshitlords.com,credible,
nerdist.com,credible,
kval.com,credible,
afpc.org,mixed,1.0
unmultimedia.org,credible,
bcn-news.com,credible,
patricerutledge.com,credible,
ihealthtube.com,fake,
mad-yet.blogspot.com,fake,
maywoodpost.com,credible,
universal-info.com,credible,
pressofatlanticcity.com,credible,0.0
wate.com,credible,0.0
timsnopek.com,credible,
nberra.com,credible,
usairnet.com,credible,
denblanken.com,credible,
hammontongazette.com,credible,
republic-online.com,credible,0.0
thebreakingnews.co,fake,
courierherald.com,credible,
thepoliticalbrief.com,credible,
dailyamerican.com,credible,
conservativedailynews.com,fake,1.0
theuspatriot.com,fake,
trunews.com,fake,1.0
melfortjournal.com,credible,
enpa.be,credible,
smirkingchimp.com,mixed,-1.0
noctrl.edu,credible,
dannyclifford.com,credible,
thegramblinite.com,credible,
therecorder.ca,credible,
ananews.com,credible,
europeanvibe.com,credible,
nationalreport.net,fake,
billoreilly.com,credible,
fox11online.com,credible,1.0
phillymag.com,credible,
thedailywtf.com,mixed,
anthonycorreia.com,credible,
theatlantic.com,credible,-1.0
morningnewsusa.com,fake,
batesvilleheraldtribune.com,credible,
nsunews.com,credible,
sys-con.com,credible,
mccourier.com,credible,
thesternfacts.com,credible,
goldthwaiteeagle.com,credible,
truthcommand.com,credible,
shorelinetimes.com,credible,
newportindependent.com,credible,
rightweb.irc-online.org,credible,
mopress.com,credible,
legalinsurrection.com,credible,1.0
dailyworldinformation.com,credible,
mytjnow.com,credible,
wsfx.com,credible,
thegriffonnews.com,credible,
grafwv.com,credible,
sandiego6.com,credible,
angelahubbard.com,credible,
marinecorpstimes.com,credible,
thebreezepaper.com,credible,
myzonetoday.com,fake,
moultonadvertiser.com,credible,
gearsofbiz.com,credible,
wcti12.com,credible,1.0
krcrtv.com,credible,
francetvinfo.fr,credible,-1.0
posner.com,credible,
thefiscaltimes.com,credible,1.0
excellentcontent.com,credible,
newarkpostonline.com,credible,0.0
theseahawk.org,credible,
azcentral.com,credible,-1.0
nwnews.com,credible,
elitereaders.com,fake,
wrpt16.com,credible,
hawkeyenews.biz,credible,
artforum.com,credible,
pressexaminer.com,credible,
970wfla.com,credible,
weshapelife.org,fake,
westseattleherald.com,credible,
fredericksburgstandard.com,credible,
almasdarnews.com,fake,1.0
exposingtruth.com,credible,-1.0
gustavus.edu,credible,
billgallery.com,credible,
jewishpress.com,credible,1.0
presstv.ir,fake,1.0
businesstoday.org,credible,
carma.com,credible,
mybiglake.com,credible,
21stcenturywire.com,fake,1.0
avpress.com,credible,
worldaffairsbrief.com,fake,1.0
buffaloriverreview.com,credible,
sackvilletribunepost.com,credible,
kwbu.org,credible,
muncievoice.com,mixed,-1.0
jackchester.com,credible,
theautochannel.com,credible,
baltimorestar.com,credible,
christiantimesnewspaper.com,fake,
lawbulletin.com,credible,
conservativeinfocorner.com,fake,
peacockpic.com,credible,
newsteam.co.uk,credible,
scholarsavenue.org,credible,
theutcecho.com,credible,
themoralofthestory.us,fake,
satirewire.com,mixed,
examine.com,credible,
sourcepolitics.com,credible,
sputniknews.com,fake,
channel66news.com,fake,
pv-magazine.com,credible,
morrisworkman.com,credible,
whitecourtstar.com,credible,1.0
kxly.com,credible,0.0
montgomerynews.com,credible,
humanevents.com,mixed,1.0
timesreview.com,credible,
lindalenews-times.com,credible,
mintpressnews.com,fake,-1.0
winknews.com,credible,0.0
hampshirereview.com,credible,
theskimm.com,credible,-1.0
jeffereyjaxen.com,credible,
voiceofeurope.com,credible,
uproxx.com,mixed,-1.0
thepointfitchburgstate.wordpress.com,credible,
tharawat-magazine.com,mixed,1.0
bizjournals.com,credible,
ctmirror.org,credible,-1.0
exclaim.ca,credible,
chelsearecord.com,credible,
indexjournal.com,credible,
dannykucharsky.com,credible,
newshubs.info,credible,
sayfiereview.com,credible,0.0
washingtonfeed.com,fake,
nationalinterest.org,credible,1.0
metcheck.com,credible,
asu.edu,credible,
dandygoat.com,mixed,
fsunews.com,credible,
therconline.com,credible,
ideaspots.com,fake,
ottawaherald.com,credible,0.0
vsuspectator.com,credible,
newleftreview.org,credible,-1.0
fahrenheit128.com,credible,
factcheckingturkey.com,fake,1.0
starcommunity.com.au,credible,
whyallanewsonline.com.au,credible,
freshare.net,credible,
davidlevenson.com,credible,
gsabusiness.com,credible,
keepmecurrent.com,credible,
sartma.com,credible,
centredaily.com,credible,
reporters.be,credible,
medialiteracy.net,credible,
phocalmedia.com,credible,
thepacker.com,credible,
csbsjurecord.com,credible,
mikelynaugh.com,credible,
angelfire.com,credible,
epa.eu,credible,
ironbladeonline.com,credible,
journalpress.com,credible,
onlinemadison.com,credible,
wina.com,credible,
gregkessler.com,credible,
sdcitybeat.com,credible,
delconewsnetwork.com,credible,
wtoc.com,credible,
fortbendstar.com,credible,
bendigoadvertiser.com.au,credible,
wkrn.com,credible,0.0
nnsl.com,credible,
nolabels.org,credible,0.0
thirdestatenewsgroup.com,fake,
pantsonfirenews.com,fake,1.0
dont-tread-on.me,fake,
multilingualbooks.com,credible,
telegraphindia.com,credible,
apmreports.org,credible,-1.0
patriotsvoice.info,credible,
coloradoan.com,credible,-1.0
wivb.com,credible,0.0
semissourian.com,credible,
ladylibertynews.com,fake,
pjnet.org,credible,
mitchellrepublic.com,credible,1.0
cbs2iowa.com,credible,1.0
versen.blogspot.com,credible,
yourstephenvilletx.com,credible,
ronpaulinstitute.org,fake,
newsforum.com,credible,
nclawyersweekly.com,credible,
swarthmorephoenix.com,credible,
downsizinggovernment.org,credible,1.0
swoknews.com,credible,
nachrichten.de.com,credible,
sitsshow.blogspot.com,credible,
faireconomy.org,credible,
wgno.com,credible,0.0
eastidahonews.com,credible,0.0
aps.org,credible,
willistonherald.com,credible,
enterprisepub.com,credible,
globemagazine.com,fake,
paherald.sk.ca,credible,
siliconvalley.com,credible,
coffscoastadvocate.com.au,credible,
kplu.org,credible,
aceflashman.wordpress.com,mixed,
blogulator.blogspot.com,credible,
frc.org,fake,1.0
lyonent.net,credible,
thepolitics.online,fake,1.0
starnewsonline.com,credible,-1.0
sourceplanet.net,credible,
recode.net,credible,
thatsprettygoodscience.com,credible,
xmission.com,credible,
amherst.edu,credible,
kpn.nl,credible,
illuminati-news.com,fake,
zivkoren.com,credible,
veteranstoday.com,fake,
labourstart.org,credible,
ibiblio.org,credible,
41nbc.com,credible,
sharperstill.com,credible,
sewanee.edu,credible,
cair.com,fake,1.0
defensemaven.io,credible,
ronaldkessler.com,credible,
americanfirearms.org,credible,1.0
tri-cityherald.com,credible,0.0
kwit.org,credible,
chicagoreporter.com,credible,-1.0
wcax.com,credible,0.0
gmgplc.co.uk,credible,
dl-online.com,credible,1.0
projectcensored.org,credible,-1.0
thejournal.ie,credible,-1.0
oobdoo.com,credible,
lhindependent.com,credible,
riverbender.com,credible,0.0
enterprisenews.com,credible,-1.0
hy5.tripod.com,credible,
mediazone.news,fake,
wwe.com,credible,
southernriverinanews.com.au,credible,
scaryhours.com,fake,
sonsoflibertyradio.com,fake,
usdefensewatch.com,fake,
nextgov.com,credible,0.0
laverne.edu,credible,
milo.yiannopoulos.net,credible,
thecaptainslog.org,credible,
reason.com,credible,1.0
certifiedpolitics.com,credible,
ncse.com,credible,
mfrtech.com,credible,
zmescience.com,credible,
cape-coral-daily-breeze.com,credible,
ihavethetruth.com,fake,
theringer.com,credible,-1.0
emorywheel.com,credible,
wishtv.com,credible,-1.0
macleans.ca,credible,-1.0
staugustine.com,credible,-1.0
signonsandiego.com,credible,
winnipegfirst.ca,credible,
thedailybeast.com,mixed,-1.0
deltanewsweb.com,credible,
famousviralstories.com,credible,
emirates247.com,fake,1.0
thetrace.org,credible,-1.0
freelancesuccess.com,credible,
waintal.com,credible,
schreiberapfel.atspace.com,credible,
infiniteunknown.net,fake,1.0
newsfeedhunter.com,fake,
euro-correspondent.com,credible,
spritelyspoofs.blogspot.com,credible,
rationalwiki.org,credible,
canadalandshow.com,credible,
indystar.com,credible,0.0
suntimesnews.com,credible,
floridatoday.com,credible,
gloucestertimes.com,credible,-1.0
mytechbits.com,credible,
boilingfrogspost.com,fake,
dailyfinesser.com,credible,
alec.org,mixed,1.0
ktxs.com,credible,
androidheadlines.com,credible,
umassmedia.com,credible,
janes.com,credible,0.0
spectator.co.uk,credible,1.0
nautil.us,credible,
zavalacountysentinel.net,credible,
msnbc.com,credible,
areporter.com,credible,
pewresearch.org,credible,0.0
wbap.com,credible,
northernstar.com.au,credible,
campusvoiceonline.com,credible,
zdf.de,credible,0.0
nunatsiaqonline.ca,credible,
heraldpub.com,credible,
intekom.com,credible,
unknowncountry.com,credible,
abcnewsradioonline.com,credible,
eaglerising.com,fake,
wemu.org,credible,
vote.us.org,credible,
thesuburban.com,credible,
gellerreport.com,fake,1.0
thenews-messenger.com,credible,
thedailycheese.co.uk,credible,
egyptianstreets.com,mixed,-1.0
sweekly.blogspot.com,credible,
patricioespinoza.com,credible,
winchestersun.com,credible,1.0
megynkelly.us,fake,
usbiz.ro,credible,
health.com,mixed,-1.0
telegram.com,credible,0.0
happy-foxie.com,credible,
www1.cbn.com,fake,1.0
gcsunade.com,credible,
americannewspapers.net,credible,
hreonline.com,credible,
franklincenterhq.org,credible,
gbtimes.com,credible,
dailysurge.com,fake,1.0
iowabroadcasters.com,credible,
urdoca.com,fake,
in5d.com,fake,
twincities.com,credible,1.0
adfontesmedia.com,credible,0.0
nvdaily.com,credible,
migrationpolicy.org,credible,-1.0
shelbynews.com,credible,1.0
brokenworldnews.com,credible,
stanfordreview.org,credible,
wordpros.com,credible,
newswest9.com,credible,0.0
howstuffworks.com,credible,0.0
zap2it.com,credible,
thebppa.com,credible,
richmond.com,credible,1.0
upi.com,credible,0.0
iwindsurf.com,credible,
alabamaobserver.com,fake,
camperdownchronicle.com.au,credible,
wltx.com,credible,0.0
jointcommunications.com,credible,
dailytrojan.com,credible,
dailyreporter.com,credible,
givemeliberty01.com,fake,
montrealgazette.com,credible,1.0
kogo.com,credible,
rhotv.com,fake,
wvgazettemail.com,credible,-1.0
leadertelegram.com,credible,0.0
knau.org,credible,-1.0
oxfordstudent.com,credible,
cptech.org,credible,
thesimpsonian.com,credible,
philly.com,credible,
fox13now.com,credible,0.0
mainecampus.com,credible,
theretrospect.com,credible,
noozhawk.com,credible,0.0
thekansan.com,credible,0.0
fannincountyleader.info,credible,
freeinquirer.com,fake,
dowjones.com,credible,
redpepper.org.uk,credible,-1.0
morrisherald-news.com,credible,
pauldaviddrabble.co.uk,credible,
caglecartoons.com,credible,
thetechtalk.org,credible,
morrisdye.com,credible,
geoffwilliamson.com,credible,
thesmujournal.ca,credible,
realplanetnews.com,fake,
dailyheadlines.net,fake,1.0
elkintribune.com,credible,
anticipatingempire.blogspot.com,credible,
aryannationswordwide1488.org,credible,
onspiracy.com,credible,
conservativebyte.com,fake,
americanoverlook.com,fake,
clarkecountydemocrat.com,credible,
kinston.com,credible,
patribotics.blog,credible,
numbersusa.com,mixed,1.0
unconfirmedsources.com,mixed,
weatherforecast10day.com,credible,
americanpublicmedia.org,credible,-1.0
dailytidings.com,credible,
riverfallsjournal.com,credible,
kcentv.com,credible,0.0
delgazette.com,credible,1.0
citizenfreepress.com,mixed,1.0
pinknews.co.uk,credible,
tnhdigital.com,credible,
findlaw.com,credible,
theweek.com,credible,-1.0
stamfordadvocate.com,credible,-1.0
southernminn.com,credible,
pamplinmediagroup.com,credible,
facebook.com,credible,
crozetgazette.com,credible,
cochrane.org,credible,
gantdaily.com,credible,
themarshallproject.org,credible,0.0
clarendononline.com,credible,
eastoregonian.com,credible,
svijmedia.com,credible,
imao.us,mixed,
journal.frontiersin.org,credible,
csglobe.com,fake,
thewatchtowers.com,fake,
astronomy.com,credible,
lohud.com,credible,-1.0
frazeeforum.com,credible,
biologos.org,fake,
newpol.org,mixed,-1.0
welovenative.com,fake,
wtnh.com,credible,0.0
kurdistan24.net,mixed,-1.0
dev.tv,credible,
tv-wire.com,credible,
wtxl.com,credible,0.0
valuewalk.com,credible,1.0
allthatsfab.com,credible,
vocus.com,credible,
magafeed.com,fake,
cbs12.com,credible,1.0
uticaod.com,credible,-1.0
sydneybulletin.com,fake,
charismanews.com,fake,1.0
mentaldaily.com,credible,
councilforthenationalinterest.org,fake,-1.0
worldaffairsjournal.org,credible,
landrypost.com,credible,
dailypresser.com,credible,
empiresports.co,fake,
mynewsla.com,credible,0.0
clantonadvertiser.com,credible,1.0
radimbeznoska.cz,credible,
thebreakingnews.today,credible,
ladysmithchronicle.com,credible,-1.0
derrynews.com,credible,-1.0
picturemaxx.com,credible,
fin24.com,credible,
cvrnews.com,credible,
wvxu.org,credible,
justthefacts.org,credible,
rapturenewsnetwork.com,fake,
myjournalcourier.com,credible,
loganbanner.com,credible,
traveldailynews.com,credible,
blog.countable.us,credible,
picayune-times.com,credible,
stereogum.com,credible,
countercurrentnews.com,fake,
brunswickbeacon.com,credible,
hannahhayes.com,credible,
bhpioneer.com,credible,
mediasmarts.ca,credible,
truthfeed.com,fake,
ipl.org,credible,
city-herald.com,fake,
thesaint-online.com,credible,
nassauweekly.com,credible,
aaskolnick.com,credible,
freilich.com,credible,
weathershack.com,credible,
utv44.com,credible,
usadailypost.us,fake,
news-photographer.com,credible,
hillsnews.com.au,credible,
philippineasiannewstoday.com,credible,
newpraguetimes.com,credible,
newsserviceflorida.com,credible,
richardsimko.com,credible,
hartfordbusiness.com,credible,
reporterandfarmer.com,credible,
heraldstaronline.com,credible,
truthinmedia.com,fake,1.0
samfordcrimson.com,credible,
dailyinsidernews.com,credible,
whurl.com,credible,
xpn.org,credible,
webjosh.com,credible,
hayriverhub.com,credible,
fortmyersbeach.news,credible,
bvanews.com,fake,
rpi.edu,credible,
rcinet.ca,credible,
benningtonbanner.com,credible,
grazianoarici.it,credible,
wrcbtv.com,credible,
annistonstar.com,credible,-1.0
unothegateway.com,credible,
abcnewspapers.com,credible,
shoppernewsnow.com,credible,
thetab.com,credible,-1.0
about.com,credible,
mt-peaks.com,credible,
skicentral.com,credible,
comicsalliance.com,credible,
sciencemag.org,credible,
bustatroll.org,credible,
eprretailnews.com,credible,
echopress.com,credible,1.0
crrstv.net,credible,
recordpub.com,credible,
ktvh.com,credible,0.0
woonsocketcall.com,credible,
nuigalway.ie,credible,
insideclimatenews.org,credible,-1.0
ijr.com,fake,1.0
jointcenter.org,credible,-1.0
southernhighlandnews.com.au,credible,
gazette.com,credible,1.0
mcsweeneys.net,mixed,
capeandislands.org,credible,
waynedupree.com,fake,1.0
mherrera.org,credible,
kelo.com,credible,
secretsofthefed.com,fake,
goodnewsnetwork.org,credible,0.0
sanantoniopost.com,credible,
bloodandsoil.org,credible,
explainlife.com,credible,
haysfreepress.com,credible,
thenews.mx,mixed,0.0
rosemarybasil.net,credible,
deccanchronicle.com,credible,1.0
roysecityheraldbanner.com,credible,-1.0
blockislandtimes.com,credible,
abcbusinessnews.com,credible,
airwars.org,credible,0.0
dailyinfobox.com,fake,
tvamediagroup.com,credible,
pickyournewspaper.com,credible,
oathkeepers.org,fake,
dscohen.com,credible,
inboxrobot.com,credible,
sourcediverse.blogspot.com,credible,
artdaily.com,credible,
shawnolson.net,credible,
gazettextra.com,credible,
khon2.com,credible,0.0
thepinelog.com,credible,
duhprogressive.com,mixed,
toledoblade.com,credible,1.0
welloffside.com,credible,
thecanadianpress.com,credible,0.0
abc7news.com,credible,-1.0
bubblegun.com,credible,
ktvz.com,credible,0.0
news-sentinel.com,credible,
adorraeli.com,credible,
yourfunpage.com,fake,
libertytalk.fm,fake,1.0
mcdowellnews.com,credible,0.0
billmoyers.com,mixed,-1.0
pagosasun.com,credible,
middleeastmonitor.com,mixed,-1.0
coldlakesun.com,credible,1.0
bainbridgereview.com,credible,
takimag.com,fake,1.0
freeuk.com,credible,
ipatriot.com,fake,1.0
panampost.com,credible,1.0
kypo6.com,credible,
amivitale.com,credible,
bostonhaitian.com,credible,
imogenmatthews.co.uk,credible,
rivernewsonline.com,credible,
breakingburgh.com,mixed,
dariennewsonline.com,credible,
thetrumpet.com,fake,1.0
reductress.com,mixed,
thescope.ca,credible,
fourwinds10.net,fake,
gomerblog.com,mixed,
cosmicintelligenceagency.com,fake,
fivecolleges.edu,credible,
readfrontier.org,credible,-1.0
nbc24.com,credible,1.0
cbs8.com,credible,0.0
fpif.org,credible,-1.0
alpineobserver.com.au,credible,
thoughtcrimeradio.net,fake,1.0
tfp.org,fake,1.0
theblueroute.org,credible,
stjamesnews.com,credible,0.0
friendsofscience.org,fake,1.0
wenatcheeworld.com,credible,
andrewniesen.com,credible,
tmzworldnews.com,fake,
kardum.com,credible,
shelbystar.com,credible,-1.0
carmelzucker.com,credible,
kvue.com,credible,0.0
pjgach.tripod.com,credible,
newzmagazine.com,fake,
foxnews.com,fake,1.0
kmuw.org,credible,
wsu.edu,credible,
impeachdjtnow.com,credible,
niemanwatchdog.org,credible,
nonpareilonline.com,credible,0.0
sanjuanislander.com,credible,
palmbeachpost.com,credible,-1.0
newsfeedmaker.com,credible,
oye.news,credible,
americannews.com,fake,
egbertowillies.com,credible,-1.0
mainerepublicemailalert.com,credible,
eyretribune.com.au,credible,
dentonrc.com,credible,0.0
focustaiwan.tw,credible,-1.0
georgegeorgiou.net,credible,
retirementrevised.com,credible,
durangotelegraph.com,credible,
local31news.com,fake,
wmanfm.com,credible,
healthjournalism.org,credible,
reviewtimes.com,credible,
thebatesstudent.com,credible,
harvard.edu,credible,
asiancorrespondent.com,credible,
thecadreupei.com,credible,
realclearscience.com,credible,
canberra.edu.au,credible,
thetrussvillenews.com,credible,
nysun.com,credible,1.0
newobserveronline.com,credible,
botswanamedia.bw,credible,
jgiesen.de,credible,
heightpost.com,fake,
nationalmemo.com,mixed,-1.0
blastvalve.com,credible,
sandiegosun.com,credible,
greenvilleadvocate.com,credible,1.0
newwavephotos.com,credible,
fandompost.com,credible,
920whjj.com,credible,
hyperallergic.com,credible,
inquirelive.co.uk,credible,
thegriff.ca,credible,
psychologytoday.com,credible,
macon.com,credible,0.0
metropolitanworlds.com,fake,
highwayshopper.com,credible,
denverpost.com,credible,-1.0
delaware1059.com,credible,
basslakebeacon.com,credible,
itemonline.com,credible,
davidduke.com,credible,
personneltoday.com,credible,
att.ne.jp,credible,
dispatch.com,credible,-1.0
irena.org,credible,
wtop.com,credible,0.0
graemehunterpictures.com,credible,
al.com,credible,1.0
hsuoracle.com,credible,
islandsunnews.com,credible,
orovillemr.com,credible,0.0
kcsg.com,credible,
atholdailynews.com,credible,
westport-news.com,credible,
montgomerycountynews.net,credible,
thenewcivilrightsmovement.com,mixed,-1.0
channel4000.com,credible,
newschannel9.com,credible,1.0
wkbn.com,credible,0.0
newslanc.com,credible,
nashobapublishing.com,credible,
stockhouse.com,credible,
dodgeglobe.com,credible,0.0
ft.com,credible,0.0
informedowners.com,credible,
surreytelegraph.com,fake,
760kfmb.com,credible,
lyincomey.com,credible,
proudcons.com,fake,
ijpr.org,credible,-1.0
salemstate.edu,credible,
inanews.com,credible,
alestlelive.com,credible,
goldseek.com,credible,
webring.org,credible,
swbooster.com,credible,
wkow.com,credible,0.0
columbusstate.edu,credible,
joeuser.com,credible,
business-standard.com,credible,1.0
adirondackdailyenterprise.com,credible,
colorado.edu,credible,
rumorjournal.com,fake,
thelibertybeacon.com,fake,1.0
merinews.com,credible,
source1news.com,credible,
ruralstrategies.org,credible,
pocahontastimes.com,credible,
cantonrep.com,credible,-1.0
asia.nikkei.com,credible,1.0
winchesterstar.com,credible,1.0
ktvb.com,credible,0.0
vicnews.com,credible,-1.0
reverejournal.com,credible,
dewittobserver.com,credible,
geoffhowe.ca,credible,
journal-spectator.com,credible,
globegazette.com,credible,0.0
georgiastatesignal.com,credible,
downtrend.com,fake,
dailydemocrat.com,credible,0.0
70news.wordpress.com,fake,
topsailadvertiser.com,credible,
highlinetimes.com,credible,
fotofija.com,credible,
thelastlineofdefense.online,credible,
ajc.com,credible,-1.0
thetelegram.com,credible,
peninsuladailynews.com,credible,1.0
musictimes.com,credible,
everydaycitizen.com,credible,
cainimages.com,credible,
timesledger.com,credible,
savethemales.ca,fake,1.0
goneleft.com,fake,
shootingrockstars.com,credible,
openix.com,credible,
pulitzer.org,credible,
crestviewbulletin.com,credible,
dailysidnews.com,fake,
thefreepatriot.org,fake,
unitynewsnetwork.co.uk,fake,1.0
globalrealnews.com,credible,
danwhite.org,credible,
thecord.ca,credible,
pvvt.com,credible,
jewishbreakingnews.com,mixed,1.0
medicalkidnap.com,fake,1.0
coshoctontribune.com,credible,
epra.org,credible,
taipeitimes.com,credible,-1.0
oswegonian.com,credible,
peninsulaclarion.com,credible,
dinocrat.com,credible,
freedomlibertynews.com,credible,
xtremeinformation.com,credible,
pvtrib.com,credible,
dairyherd.com,credible,
tbrnews.com,credible,
wcvb.com,credible,0.0
promopress.com,credible,
ennisdailynews.com,credible,
guampdn.com,credible,0.0
allnewspapers.info,credible,
freerepublic.com,fake,1.0
drainingtheswamp.info,credible,
musicphotographer.co.uk,credible,
maryannebilhamphotography.com,credible,
websterjournal.com,credible,
huntersvilleherald.com,credible,
wakingtimes.com,fake,
peta.org,fake,-1.0
imeu.org,credible,-1.0
bakersfieldnow.com,credible,1.0
criticalmention.com,credible,
theepochtimes.com,fake,1.0
thedailydefender.com,credible,
klfy.com,credible,0.0
andovertownsman.com,credible,-1.0
uniquewebmagazine.com,credible,
weeklystandard.com,fake,
moonofalabama.org,fake,-1.0
ems1.com,credible,
noticias365.info,fake,
hometownargus.com,credible,
reddit.com,credible,
medicaldaily.com,fake,
chakranews.com,credible,
newsargus.com,credible,1.0
amusmentic.com,fake,
panarc.com,credible,
abcnews4.com,credible,1.0
garyyounge.com,credible,
pontiacdailyleader.com,credible,-1.0
dmlnews.com,credible,
news.grabien.com,mixed,1.0
hungryphotographer.org,credible,
mypanhandle.com,credible,0.0
opb.org,credible,
lexingtonchronicle.com,credible,
wdsu.com,credible,0.0
knowthisnews.com,credible,
quillandscroll.org,credible,
fremonttribune.com,credible,0.0
newstatesman.com,credible,-1.0
jailface.com,credible,
karenmcbride.com,credible,
cbsnews.com.co,fake,
wakemag.org,credible,
current.org,credible,
rochdaleherald.co.uk,credible,
thebusinessjournal.com,credible,
news-herald.com,credible,1.0
yourglenrosetx.com,credible,
ballstatedaily.com,credible,
altmanphoto.com,credible,
newrichmond-news.com,credible,
hngnews.com,credible,
indianapolisrecorder.com,credible,
france.actualites.co,fake,
gladewatermirror.com,credible,
monbiot.com,credible,
parkeschampionpost.com.au,credible,
cc.org,mixed,1.0
prairiebizmag.com,credible,
forexcrunch.com,credible,
cleantechnica.com,credible,-1.0
mywebermedia.com,credible,
mth.blogspot.com,credible,
latinpost.com,credible,
mscnews.net,credible,
alaskastar.com,credible,
thenewsdoctors.com,fake,
understandingthethreat.com,fake,1.0
cgg.org,credible,
callthecops.net,mixed,
livingstonparishnews.com,credible,
noelchenier.ca,credible,
uwimprint.ca,credible,
theenvironmentshow.com,credible,
alaskawriters.com,credible,
therealdeal.com,credible,
lewiscountyherald.com,credible,
cecildaily.com,credible,-1.0
news24.com,credible,0.0
nwmissourinews.com,credible,
saladovillagevoice.com,credible,
rogue-nation3.com,fake,
middleamericandemocrat.com,credible,
theworldofnews.com,credible,
monthlyreview.org,credible,-1.0
ammoland.com,fake,1.0
columbusfreepress.com,mixed,-1.0
harlandaily.com,credible,
dailypost.ng,credible,
lotterypost.com,credible,
alongview.blogspot.com,credible,
europepress.com,credible,
scicentral.com,credible,
uwyo.edu,credible,
kfbb.com,credible,
fox59.com,credible,0.0
americansarepissed.com,fake,
independentlivingnews.com,credible,
wsjonline.com,credible,
thedp.com,credible,
deplorablesreport.com,credible,
ohmynews.com,credible,
notallowedto.com,fake,
lamonitor.com,credible,
aflcio.org,credible,
theappalachianonline.com,credible,
crusaderjournal.com,credible,
wilx.com,credible,0.0
abyznewslinks.com,credible,
baycitytribune.com,credible,
capitalpress.com,credible,
patriotnewsalerts.com,mixed,1.0
osceolaiowa.com,credible,0.0
thestar.com,mixed,-1.0
newsthump.com,mixed,
learnliberty.org,credible,1.0
northernpublicradio.org,credible,
svsphoto.com,credible,
dcu.ie,credible,
inhabitat.com,credible,
njeffersonnews.com,credible,
kclu.org,credible,
prospect.org,credible,-1.0
insidertradingreport.org,credible,
theearthchild.co.za,credible,
revolutionradio.org,fake,
dailynewsbin.com,fake,-1.0
dalgazette.com,credible,
theenergycollective.com,credible,
thedailyaccount.com,credible,
dmcityview.com,credible,
checkoutthehealthyworld.com,fake,
foto8.com,credible,
redegni.com,credible,
hola-arkansas.com,credible,
reporter.org,credible,
godutch.com,credible,
conspiracywire.com,fake,
readersupportednews.org,credible,
pv-tech.org,credible,
dataasylum.com,fake,
somdnews.com,credible,
daylightbooks.org,credible,
redstatepundit.com,credible,
byuiscroll.org,credible,
theindependent.ca,credible,
houstontribune.com,credible,
komu.com,credible,
news.abs-cbn.com,credible,0.0
streetwisereport.com,credible,
statesboroherald.com,credible,
abeldanger.net,fake,
larouchepac.com,fake,1.0
newstangle.com,credible,
lakechelanmirror.com,credible,
forfreedomworld.com,fake,
hollywoodreporter.com,credible,-1.0
kfdm.com,credible,1.0
earthpulse.com,fake,
ebu.ch,credible,
grantky.com,credible,
weather.net,credible,
newsisfree.com,credible,
kilgorenewsherald.com,credible,-1.0
thedailyliberator.com,mixed,1.0
ourlandofthefree.com,fake,
fortnightlyreview.co.uk,credible,1.0
freemedia.at,credible,
leesvilledailyleader.com,credible,
dailydems.com,credible,
abcnews.com,credible,
agassizharrisonobserver.com,credible,-1.0
metro.lu,credible,
tricities.com,credible,
theeastcarolinian.com,credible,
americanupdater.com,credible,
thepublicopinion.com,credible,
redandblack.com,credible,
stneotscitizen.com,mixed,
globalvoicesonline.org,credible,
primepublishers.com,credible,
readconservatives.news,fake,
needtoknow.news,fake,
volanteonline.com,credible,
wowktv.com,credible,0.0
emporiagazette.com,credible,
therogersvillereview.com,credible,
flake.news,mixed,
brennan.us,credible,
dolphin-news.com,credible,
i24news.tv,mixed,0.0
detroitnews.com,credible,1.0
ajuanews.com,credible,
lutherchips.com,credible,
chinookobserver.com,credible,0.0
nknews.org,credible,0.0
dcrepublican.com,credible,
english.aawsat.com,credible,
gp.se,credible,1.0
kpopstarz.com,credible,
nydailynews.com,credible,-1.0
torresnews.com.au,credible,
metabunk.org,credible,1.0
bayweekly.com,credible,
wxresearch.com,credible,
lacrossetribune.com,credible,0.0
readio.com,credible,
theredshtick.com,mixed,
climatechangedispatch.com,fake,
csucauldron.com,credible,
consumerreports.org,credible,0.0
everythingnewengland.com,credible,
theunionjournal.com,fake,
patriotfires.com,credible,
humanitariannews.org,credible,
southcom.mil,credible,
familysecuritymatters.org,fake,
crittendenpress.blogspot.com,credible,
psmag.com,credible,-1.0
wtsp.com,credible,0.0
juneauempire.com,credible,
thestoppedclock.blogspot.com,credible,
flickeringmyth.com,credible,
altnewsmedia.net,fake,1.0
washingtonsources.org,fake,-1.0
statista.com,credible,0.0
nationalpress.org,credible,
federalistpress.com,fake,1.0
realtimesmedia.com,credible,
timescontent.com,credible,
dailydot.com,credible,-1.0
healthleadersmedia.com,credible,
wiscnews.com,credible,
darkhorsenews.com,credible,
freespeech.org,mixed,-1.0
progressiveliberal.net,credible,
mpnnow.com,credible,-1.0
msfanpage.link,credible,
thediplomat.com,credible,0.0
bloodybloggard.blogspot.com,credible,
mises.org,mixed,1.0
theweatherspace.com,credible,
carbonated.tv,credible,
upnorthlive.com,credible,1.0
juliabuckley.co.uk,credible,
thecash-book.com,credible,
newnownext.com,credible,
factbox.tv,credible,
nicoletanner.com,credible,
whatech.com,credible,
taxfoundation.org,credible,1.0
thebisbeeobserver.com,credible,
state.co.us,credible,
madblast.com,credible,
freedumjunkshun.com,credible,
floridastatesman.com,credible,
journalism.org,credible,
heraldtribune.com,credible,0.0
algemeiner.com,credible,1.0
theargus.ca,credible,
themilitant.com,mixed,-1.0
libertyvideos.org,fake,
ripr.org,credible,
wikitribune.com,credible,
ulsterpublishing.com,credible,
globalcapital.com,credible,
armidaleexpress.com.au,credible,
marketpulse.com,credible,
lapress.com,credible,
dcdirtylaundry.com,fake,1.0
fullfact.org,credible,0.0
debbiekruger.com,credible,
nyunews.com,credible,
maitlandmercury.com.au,credible,
billericanews.com,credible,
libertynation.com,mixed,1.0
towleroad.com,credible,-1.0
beaware.one,credible,
animenewsnetwork.com,credible,
foodbabe.com,fake,
tiftongazette.com,credible,-1.0
gothamist.com,credible,-1.0
idahocountyfreepress.com,credible,
palatkadailynews.com,credible,
loudountimes.com,credible,
concertscenes.com,credible,
moundcitynews.com,credible,
herald-review.com,credible,0.0
mrnewswatch.com,credible,
heraldbanner.com,credible,-1.0
wallstreetonparade.com,fake,-1.0
newsandgutsmedia.com,credible,
readjulia.com,credible,
elpasotimes.com,credible,-1.0
skepticink.com,fake,
haaretz.com,credible,-1.0
wm21news.com,credible,
thebipartisanpress.com,credible,-1.0
directorstalkinterviews.com,credible,
jcfloridan.com,credible,
antonymedley.co.uk,credible,
stgeorgeutah.com,credible,
desertdispatch.com,credible,
uab.edu,credible,
macarthuradvertiser.com.au,credible,
theduran.com,fake,1.0
pgpf.org,credible,0.0
proamericanews.com,fake,
thesidellreporter.com,credible,
parade.com,credible,
12newsnow.com,credible,0.0
haidagwaiiobserver.com,credible,-1.0
eaglelakeheadlight.com,credible,
newsandfeatures.com,credible,
dailybuzzlive.com,fake,
americasnewssource.com,fake,1.0
krb7.com,fake,
bluntforcetruth.com,fake,1.0
sissetoncourier.com,credible,
capitolfax.com,credible,0.0
halcyon.com,credible,
fresnobee.com,credible,-1.0
latitudes.org,fake,
transcripts.ie,credible,
claremont.org,mixed,1.0
quchronicle.com,credible,
brownfieldagnews.com,credible,
politicalo.com,fake,
ecfr.eu,credible,-1.0
powerlineblog.com,mixed,1.0
currentsaucenews.com,credible,
hippopress.com,credible,
nique.net,credible,
afcp.org,credible,
bt.dk,credible,1.0
magicgravy.com,credible,
najlahfeanny.com,credible,
davidlimbaugh.com,credible,
thewhim.com,credible,
israelislamandendtimes.com,credible,
tribunenews.com,credible,
bigcountryhomepage.com,credible,0.0
pressinfo.co.uk,credible,
nytco.com,credible,
galuschka.de,credible,
kcby.com,credible,1.0
themaven.net,credible,
iotwreport.com,credible,
citizendaily.news,credible,
wdrb.com,credible,0.0
kalb.com,credible,0.0
lifesitenews.com,fake,1.0
theage.com.au,credible,-1.0
indypendent.org,credible,-1.0
gleninnesexaminer.com.au,credible,
digg.com,credible,-1.0
epmag.com,credible,
ivpressonline.com,credible,
a1apac.org,mixed,1.0
breakingnews247.net,fake,
agprofessional.com,credible,
imperialvalleynews.com,credible,
order-order.com,mixed,1.0
qpolitical.com,fake,
manhattan-institute.org,mixed,1.0
manningrivertimes.com.au,credible,
philadelphiaplayer.blogspot.com,credible,
thespoof.com,mixed,
republicanherald.com,credible,0.0
vermontphotographer.com,credible,
standardbanner.com,credible,
americanlampoon.com,credible,
armstrongeconomics.com,mixed,1.0
araratadvertiser.com.au,credible,
wvtf.org,credible,
carolinapublicpress.org,credible,-1.0
rebeccalweber.com,credible,
crisismagazine.com,mixed,1.0
kentucker.net,credible,
nmsuroundup.com,credible,
southernhumorists.com,credible,
eacourier.com,credible,
fauquier.com,credible,
moultrieobserver.com,credible,-1.0
addictinginfo.org,fake,
straightstoned.com,credible,
autisticadvocacy.org,credible,
usatoday.com.co,fake,
publicopiniononline.com,credible,
nwherald.com,credible,
kristenscolumn.blogspot.com,credible,
abc13.com,credible,-1.0
wkar.org,credible,
fox34.com,credible,
shareably.net,mixed,0.0
peterbyrne.info,credible,
magapill.com,credible,
world-design-directory.com,credible,
recordnet.com,credible,0.0
brookings.edu,credible,-1.0
pecos.net,credible,
select-info.net,credible,
thecomicnews.com,credible,
irishtimeswatch.blogspot.com,credible,
lavendermagazine.com,credible,-1.0
justmeans.com,credible,
newzgroup.com,credible,
counterpropa.com,credible,
worldpolicy.org,credible,
nomorefakenews.com,fake,1.0
coffeebreakforyou.com,fake,
jonathan-cook.net,credible,
qctonline.com,credible,
islandgazette.net,credible,
whig.com,credible,
clreporter.com,credible,0.0
burknews.com,credible,
krem.com,credible,0.0
newsy.com,credible,
pilotonline.com,credible,-1.0
worldsocialism.org,credible,
newsbreakhere.com,fake,
theeventchronicle.com,fake,
globaltimes.cn,fake,-1.0
afro.com,credible,
gelatinpixel.com,credible,
designnews.com,credible,
un.org,credible,
feministcurrent.com,mixed,-1.0
synapse.net,credible,
kron4.com,credible,0.0
uga.edu,credible,
sanbenitocountytoday.com,credible,
statehornet.com,credible,
pbs.org,credible,
reporternews.com,credible,
sunraysiadaily.com.au,credible,
jeffersonpost.com,credible,
feministing.com,credible,
tcpalm.com,credible,-1.0
eonline.com,credible,
lisleuth.com,credible,
americanpresident.co,fake,
interfax.com,credible,
morningledger.com,fake,
stiltonsplace.blogspot.com,mixed,1.0
thecitizen.com,credible,
africacheck.org,credible,0.0
helsinkitimes.fi,credible,-1.0
randomdigressions.com,credible,
progressivestoday.com,fake,
nwpr.org,credible,
annapoliscountyspectator.ca,credible,
dcstatesman.com,mixed,1.0
aikenstandard.com,credible,
iflscience.com,credible,-1.0
empirehearland.com,fake,
ozarksfirst.com,credible,0.0
fightthebias.com,credible,
ottawaphotographerblairgable.com,credible,
usainfobox.com,fake,
onlineathens.com,credible,-1.0
en-volve.com,fake,1.0
alternativenewsnetwork.net,credible,
digbycourier.ca,credible,
fillmorecountyjournal.com,credible,
satirev.org,mixed,
army.mil,credible,
aftonbladet.se,mixed,-1.0
alleghanynews.com,credible,
timeswv.com,credible,
johnwfarrell.blogspot.com,credible,
kulr8.com,credible,
usa2016elections.com,fake,
grossepointenews.com,credible,
malakoffnews.net,credible,
softballplayer.com,credible,
edmontonsun.com,credible,1.0
themoderatevoice.com,credible,-1.0
eveningpostindustries.com,credible,
antiwar.com,fake,1.0
honisoit.com,credible,
kios.org,credible,
mstarz.com,credible,
santafenewmexican.com,credible,-1.0
theclarionnews.com,credible,
postech.com,credible,
briankilmeade.com,credible,
msnewsnow.com,credible,
spokesman-recorder.com,credible,
knowledgeoftoday.org,fake,
kansan.com,credible,
yoogi.com,credible,
ynetnews.com,credible,-1.0
counterpunch.org,credible,-1.0
newsrecord.org,credible,
geologyin.com,fake,
cornell.edu,credible,
dewittcountytoday.com,credible,
thecabin.net,credible,1.0
channel33news.com,fake,
en.hawarnews.com,credible,
redalertpolitics.com,credible,1.0
wnmtradio.com,credible,
centralmaine.com,credible,
mnn.com,credible,-1.0
wrestlinginc.com,credible,
noscomunicamos.com,credible,
myfoxphilly.com,credible,
sensationalisttimes.com,mixed,
parsonsadvocate.com,credible,
revealnews.org,credible,-1.0
beacononlinenews.com,credible,
resourcewatch.org,credible,
tpusa.com,credible,
memri.org,fake,1.0
timesofisrael.com,credible,-1.0
minnedosatribune.com,credible,
grenadastar.com,credible,
magportal.com,credible,
johngress.com,credible,
numberwatch.co.uk,credible,
en.newsner.com,fake,
azfamily.com,credible,0.0
kashmirherald.com,credible,
fayettetribune.com,credible,
nbcneb.com,credible,
tribtown.com,credible,1.0
inthesetimes.com,mixed,-1.0
milduraweekly.com.au,credible,
woodburybulletin.com,credible,
adaherald.com,credible,
newscollege.ca,credible,
vivaliberty.com,credible,
wetheproudpatriots.com,fake,
lsunow.com,credible,
ultravires.ca,credible,
democratichub.com,mixed,-1.0
conservativefreepress.com,fake,1.0
webmd.com,credible,
abc11.com,credible,-1.0
globalpoliticsnow.com,fake,
nber.org,credible,0.0
hillarydaily.com,credible,
starobserver.com.au,credible,
gcdsu.ie,credible,
rationalpsychic.wordpress.com,credible,
phys.org,credible,
redyouth.org,credible,
videtteonline.com,credible,
federalreserve.gov,credible,
mexiadailynews.com,credible,
theantimedia.com,credible,
undark.org,credible,-1.0
6abc.com,credible,-1.0
wafreepress.org,credible,
getoffthebs.com,credible,
joeclark.org,credible,
nakedcapitalism.com,credible,-1.0
freepatriotpost.com,credible,
westernherald.com,credible,
jusiper.blogspot.com,credible,
chicagotribune.com,credible,1.0
sequimgazette.com,credible,
dazeddigital.com,credible,
sanmarcosrecord.com,credible,0.0
mediahelpingmedia.org,credible,
drudgereport.com.co,fake,
tvw.org,credible,0.0
umt.edu,credible,
365usnews.com,credible,
us-newspapers-online.com,credible,
reuters.com,credible,0.0
mlive.com,credible,0.0
elpasoinc.com,credible,
andrewsantella.com,credible,
democracynow.org,credible,-1.0
msmagazine.com,credible,-1.0
texasipa.org,credible,
homenewshere.com,credible,
robertmulder.nl,credible,
kspm33.com,credible,
thesmithsophian.com,credible,
mygoogle.ca,credible,
toutelinfo.fr,credible,
volkskrant.nl,credible,1.0
thedailymash.co.uk,mixed,
marketwatch.com,credible,1.0
wranglernews.com,credible,
asiasentinel.com,mixed,-1.0
creationwiki.org,credible,
livescience.com,credible,
xconomy.com,credible,
africanexponent.com,fake,-1.0
tickerreport.com,credible,
embols.com,fake,
kentuckynewera.com,credible,1.0
somerset-kentucky.com,credible,-1.0
michigansthumb.com,credible,
buzzfeedusa.com,fake,
lozierinstitute.org,mixed,1.0
t0.or.at,credible,
sherwoodparknews.com,credible,1.0
prwatch.org,credible,-1.0
daily-tribune.com,credible,
tabloidcolumn.com,credible,
ladbible.com,fake,
mountainenterprise.com,credible,
inautonews.com,credible,
commdiginews.com,credible,
myfoxaustin.com,credible,
lawnewz.com,credible,
thedestinlog.com,credible,
coloradocountycitizen.com,credible,
thebirdseye.ca,credible,
theprogressnews.com,credible,
oakridger.com,credible,
eveningtribune.com,credible,-1.0
wustl.edu,credible,
astw.org.au,credible,
phillyvoice.com,credible,-1.0
ucdavis.edu,credible,
thevanguard.ca,credible,
robinagrant.com,credible,
rappler.com,credible,-1.0
choiceandtruth.com,credible,
whsv.com,credible,0.0
wsaz.com,credible,0.0
americantruthtoday.com,credible,
headlinennews.com,credible,
bangordailynews.com,credible,-1.0
mcdonoughvoice.com,credible,-1.0
15rounds.com,credible,
highlandsnews.com,credible,
yorktonthisweek.com,credible,
piie.com,credible,0.0
postnewspapers.com.au,credible,
kdminer.com,credible,
magavoter.com,credible,
flashnewscorner.com,fake,
kff.org,credible,-1.0
jhsph.edu,credible,
columbian.com,credible,0.0
harpers.org,credible,-1.0
electionnightgatekeepers.com,fake,
theeagleonline.com,credible,
thenewscaster.com,credible,
channel3000.com,credible,0.0
famous.uk.com,credible,
conservativereview.com,mixed,1.0
mtulode.com,credible,
hopestar.com,credible,
cnyhomepage.com,credible,
sciencefeedback.co,credible,
wuky.org,credible,
ulrichsweb.com,credible,
leicestermercury.co.uk,credible,1.0
7online.com,credible,
texomashomepage.com,credible,0.0
bradford-delong.com,credible,-1.0
aa.com.tr,credible,
thevarsity.ca,credible,-1.0
twitchy.com,fake,1.0
vt.edu,credible,
freewestmedia.com,fake,1.0
dutchdailynews.com,credible,
suffolkgazette.com,mixed,
ag-ip-news.com,credible,
bredband.net,credible,
navhindtimes.in,credible,
nextleveluk.com,credible,
thesouthern.com,credible,0.0
so-co-it.com,credible,
thelibertymill.com,fake,
firstthreenoflash.london,credible,
sbgi.net,mixed,1.0
timesenterprise.com,credible,-1.0
rdmag.com,credible,
shareblue.com,fake,-1.0
clickorlando.com,credible,0.0
positivedaily.com,fake,
lacampana.us,credible,
impactdigitals.com,credible,
ianhomerphotography.co.uk,credible,
jamesrgrangerjr.com,fake,
ourfutureinamerica.org,credible,
news.groopspeak.com,credible,
stljewishlight.com,credible,
kesq.com,credible,0.0
thrillist.com,credible,-1.0
parsonssun.com,credible,
thesetonian.com,credible,
identityevropa.com,credible,
flagandcross.com,fake,1.0
jacconline.org,credible,
jordantimes.com,mixed,0.0
bharattimes.com,credible,
the-daily-record.com,credible,-1.0
paulruschmann.com,credible,
coastsider.com,credible,
clancyreport.com,credible,
strathmorestandard.com,credible,
mixeye.com,credible,
wellingtontimes.com.au,credible,
catholicreview.org,credible,
wvva.com,credible,0.0
bonnercountydailybee.com,credible,0.0
northernexpress.com,credible,
cnn-globalnews.com,fake,
monticelloexpress.com,credible,
wflx.com,credible,0.0
thetruthasiseeit.com,credible,
wabe.org,credible,
kbtx.com,credible,0.0
.k12.or.us,credible,
dinofracchia.it,credible,
texasobserver.org,credible,-1.0
watchers.news,credible,
omadvertiser.com.au,credible,
feedsyndicate.com,credible,
legorafi.fr,mixed,
bigmedia.org,credible,
viewzone.com,credible,
lonebuffalo.com,credible,
picslive.com,credible,
vanityfair.com,credible,-1.0
arlnow.com,credible,
climate-guru.com,credible,
bizmonthly.com,credible,
mattmayphotography.com,credible,
realclearreligion.org,credible,1.0
diamondbackonline.com,credible,
conservativeopinion.com,mixed,1.0
miamiherald.com,credible,-1.0
bloomeradvance.com,credible,
uawire.org,mixed,-1.0
vpr.net,credible,
mediastudies.com,credible,
azlenews.net,credible,
stmarysstar.com.au,credible,
lakeplacidnews.com,credible,
dailyindependent.com,credible,
local21news.com,credible,1.0
intertownrecord.com,credible,
deccanherald.com,mixed,-1.0
libertyhangout.org,fake,1.0
theguardian.pe.ca,credible,
wwmt.com,credible,1.0
wfxl.com,credible,1.0
viralthread.com,credible,
j-source.ca,credible,
mywindsornow.com,credible,
showmyweather.com,credible,
witn.com,credible,0.0
uwirepr.com,credible,
bigskypress.com,credible,
atlanticcouncil.org,credible,1.0
koin.com,credible,0.0
scpress.org,credible,
bluenationreview.com,fake,
onlysimchas.com,credible,
theoslotimes.com,credible,
cindyloudale.com,credible,
onlinenewsind.com,credible,
centralpennbusiness.com,credible,
democraticunderground.com,fake,-1.0
knpr.org,credible,
mywabashvalley.com,credible,0.0
sabat.com,credible,
wcsh6.com,credible,
precisionvaccinations.com,credible,
naturalcuresnotmedicine.info,credible,
climatesciencewatch.org,credible,-1.0
colombiareports.com,mixed,-1.0
24-7pressrelease.com,credible,
hsvvoice.com,credible,
youngcons.com,fake,
dailycurrant.com,mixed,
jesusdaily.com,credible,
newson6.com,credible,0.0
theaurora.ca,credible,
tabertimes.com,credible,
wandtv.com,credible,0.0
khou.com,credible,0.0
catholicphilly.com,credible,
turnto10.com,credible,1.0
worldwidehealthy.com,fake,
menzelphoto.com,credible,
guardianlv.com,credible,-1.0
restoreamericanglory.com,credible,
hoodrivernews.com,credible,
citizencritics.org,mixed,-1.0
draxe.com,fake,
sungress.com,credible,
gosanangelo.com,credible,
euractiv.com,credible,-1.0
prophecytoday.com,fake,
pawtuckettimes.com,credible,
saph.co.uk,credible,
dailywire.com,fake,1.0
si.edu,credible,
foxsanantonio.com,credible,1.0
world-newspapers.com,credible,
latest.com,credible,
timesheraldonline.com,credible,0.0
usask.ca,credible,
plymouthpatriotpost.com,credible,
windsorstar.com,credible,1.0
hngn.com,credible,
fayettenews.tripod.com,credible,
orenews.com,credible,
stoutonia-online.com,credible,
lawweekly.org,credible,
defenddemocracy.press,fake,
ksnt.com,credible,0.0
bigleaguepolitics.com,fake,1.0
america.cgtn.com,credible,
cooltobeconservative.com,credible,
thenochill.com,credible,
ack.net,credible,
upjohn.org,credible,
aviador.es,credible,
howardfrank.com,credible,
heraldadvocate.com,credible,
jns.org,credible,1.0
muricatoday.com,credible,
cynthianademocrat.com,credible,
voiceofsandiego.org,credible,-1.0
knowyourmeme.com,credible,0.0
thecastrocountynews.com,credible,
bluemountaineagle.com,credible,
uvaldeleadernews.com,credible,
oreillypost.com,credible,
gulfnews.ca,credible,
uiowa.edu,credible,
fox29.com,credible,0.0
roccophotography.com,credible,
bloodhorse.com,credible,
www3.nhk.or.jp,credible,
danielduplessis.ca,credible,
weatherusa.net,credible,
smarteranalyst.com,credible,
fuelfix.com,credible,
crossroadsthisweek.com,credible,
mysanantonio.com,credible,
thecollegianur.com,credible,
celebcafe.org,credible,
elyecho.com,credible,
hartselleenquirer.com,credible,
lasvegassun.com,credible,-1.0
metronews.ca,credible,
indianmediaclearing.com,credible,
triplicate.com,credible,
kelownacapnews.com,credible,-1.0
wearegreenbay.com,credible,0.0
betootaadvocate.com,mixed,
impa.org,credible,
dailynotify.com,credible,
thepostandmail.com,credible,
americansforprosperity.org,fake,1.0
jonhayden.com,credible,
northernargus.com.au,credible,
am-news.com,credible,
iu.edu,credible,
worldmag.com,credible,
texastribune.org,credible,-1.0
david-reitter.com,credible,
jacksonnewspapers.com,credible,
dailynexus.com,credible,
capegazette.com,credible,
enidnews.com,credible,-1.0
deepsouthvoice.com,credible,
upr.org,credible,-1.0
shorelinemedia.net,credible,
idigitaltimes.com,credible,
eveningsun.com,credible,
theblacksphere.net,fake,1.0
news.yahoo.com,credible,-1.0
prrecordgazette.com,credible,1.0
theflareonline.com,credible,
interiowo.pl,credible,
agrinews-pubs.com,credible,
raffiphoto.com,credible,
moodycountyenterprise.com,credible,
heraldtimesonline.com,credible,
cpu.org.uk,credible,
newsbreakshere.com,fake,
hannaherald.com,credible,1.0
torchpublishing.com.au,credible,
lexingtoninstitute.org,credible,1.0
polarisimages.com,credible,
americanthinker.com,fake,1.0
onamercyship.com,credible,
polygraph.info,credible,0.0
edition.cnn.com,credible,
ktuu.com,credible,
thebelzonibanner.com,credible,
bulletinnews.com,credible,
syriahr.com,credible,-1.0
vigilantcitizen.com,fake,1.0
washingtonfed.com,fake,
jennylewis.net,credible,
mycentraljersey.com,credible,-1.0
hinterlandgrapevine.com,credible,
areyousleep.com,credible,
news-bulletin.com,credible,
wwno.org,credible,
viralstuppid.com,credible,
consumerlab.com,credible,
newbase.de,credible,
mineralwellsindex.com,credible,
officer.com,credible,
shreveporttimes.com,credible,0.0
wfmz.com,credible,0.0
josy.no,credible,
colbyechonews.com,credible,
leavenworthtimes.com,credible,0.0
herald-progress.com,credible,
whitepower.com,fake,
theledger.com,credible,-1.0
vbjusa.com,credible,
flyingfish.org.uk,credible,
wcqs.org,credible,
nationalaffairs.com,credible,1.0
pollhype.com,fake,
smudailycampus.com,credible,
nodawaynews.com,credible,
fresnostatenews.com,credible,
cltampa.com,credible,
newscientist.com,credible,
eyepress.com,credible,
thebulletin.org,credible,-1.0
uutispuro.fi,credible,
wtok.com,credible,0.0
wisn.com,credible,0.0
eveningharold.com,credible,
globalassociatednews.com,credible,
wrpm33.com,fake,
oneangrygamer.net,mixed,1.0
sansabanews.com,credible,
consequenceofsound.net,credible,
xaverian.ca,credible,
econotimes.com,credible,
worldscreen.com,credible,
wsobserver.com,credible,
rare.us,mixed,1.0
disinfo.com,credible,
therightscoop.com,fake,1.0
peoplenomics.com,credible,
marcsteinmetz.com,credible,
sociable.co,credible,0.0
calaverasenterprise.com,credible,
naracoorteherald.com.au,credible,
ezineblaze.com,credible,
spiegel.de,credible,-1.0
manhassetpress.com,credible,
foreignpolicyjournal.com,mixed,-1.0
amimagazine.org,mixed,1.0
smudailymustang.com,credible,
hawaiiarmyweekly.com,credible,
doverpost.com,credible,
brushnewstribune.com,credible,
thenorwester.ca,credible,
crisisgroup.org,credible,-1.0
scorchedearthnews.com,credible,
press.org,credible,
fireengineering.com,credible,
dailycollegian.com,credible,
chicagojewishnews.com,credible,
usatwentyfour.com,fake,
theobjectivestandard.com,credible,1.0
dnews.com,credible,
thenational.ae,credible,
gizbot.com,credible,
rosemounttownpages.com,credible,
crawfordcountyavalanche.com,credible,
thetimesherald.com,credible,1.0
greentechmedia.com,credible,
tvtechnology.com,credible,
jcpost.com,credible,
mhutch.blogspot.com,credible,
hattiesburgamerican.com,credible,-1.0
wsbradio.com,credible,
daymonjhartley.com,credible,
celebritynetworth.com,credible,
sciencerecorder.com,credible,
godandscience.org,credible,
timrue.com,credible,
seminolesentinel.com,credible,
sfglobe.com,credible,
myfoxmaine.com,credible,
efn.org,credible,
aztecpressonline.com,credible,
j-lab.org,credible,
theintermountain.com,credible,
healthyandnaturalworld.com,fake,
examiner-enterprise.com,credible,
en.farsnews.com,credible,
wrejnews.com,fake,
thesmokinggun.com,credible,0.0
smag31.com,fake,
realmofhistory.com,credible,
mystateline.com,credible,0.0
devinenews.com,credible,
polizeros.com,credible,
patriotnewsdaily.com,fake,1.0
jax-cdn.com,credible,
usadailyinfo.com,fake,
phillipknightley.com,credible,
justicedenied.org,credible,0.0
baysideoc.com,credible,
washingtondailywire.com,credible,
lehmann.ca,credible,
piotrmalecki.blogspot.com,credible,
americanscientist.org,credible,
newsstandsofphilly.com,credible,
dgorton.com,credible,
wellnessachiever.net,credible,
weatherflow.com,credible,
dailyastorian.com,credible,
exposinggovernment.com,credible,
offgridsurvival.com,fake,1.0
tyndallreport.com,credible,
newsoftrump.com,fake,
dailyworld.com,credible,-1.0
theclause.org,credible,
hamilton.edu,credible,
alyssasgallery.com,credible,
lanaslezic.com,credible,
campaignlifecoalition.com,mixed,1.0
trillmag.com,credible,
newstribune.info,credible,
packet-media.com,credible,
pri.org,credible,
hurriyetdailynews.com,credible,1.0
ohiostandard.com,credible,
yankton.net,credible,
rollcall.com,credible,0.0
gregsopinion.com,credible,
english.ahram.org.eg,mixed,1.0
meforum.org,fake,1.0
thetimes.co.uk,credible,1.0
kob.com,credible,0.0
ozy.com,credible,
blabber.buzz,mixed,1.0
stormcloudsgathering.com,fake,
airchecknews.com,credible,
tourdiary.co.uk,credible,
columbiaspectator.com,credible,
scienceblogs.com,credible,
newspaperscanada.ca,credible,
swtimes.com,credible,0.0
thonline.com,credible,
signalscv.com,credible,
theislanderonline.com.au,credible,
thetigernews.com,credible,
frasercoastchronicle.com.au,credible,
aransaspassprogress.com,credible,
thesheridanheadlight.com,credible,
seattlepi.com,credible,-1.0
therecorddelta.com,credible,
keene-equinox.com,credible,
theprogress.com,credible,-1.0
eturbonews.com,credible,
newscaststudio.com,credible,
rushvillerepublican.com,credible,
wnyc.org,credible,-1.0
conservativearmy88.com,fake,
lansingstatejournal.com,credible,0.0
abc7chicago.com,credible,0.0
tharg.com,credible,
swarajyamag.com,fake,1.0
republicworld.com,fake,1.0
dworkinreport.com,mixed,-1.0
nicowobben.com,credible,
ajph.aphapublications.org,credible,
kelownadailycourier.ca,credible,
seekingalpha.com,credible,1.0
ncronline.org,credible,
monroejournal.com,credible,
elca.org,credible,
nbc12.com,credible,0.0
carthagepress.com,credible,
gentlehumor.com,credible,
doctorswithoutborders.org,credible,0.0
billsinsider.com,credible,
mvariety.com,credible,
lastampa.it,credible,-1.0
bracketbracket.com,credible,
bramptonguardian.com,credible,-1.0
telegraph.co.uk,mixed,1.0
msnbc.website,fake,
dailyrepublicannews.com,credible,
jpost.com,credible,1.0
g-a-i.org,fake,1.0
skegs.net,credible,
uts.edu.au,credible,
mypeoplepc.com,credible,
usapolitics24hrs.com,fake,
johndee.com,credible,
ripleynews.com,credible,
axisoflogic.com,credible,
skeptics.com.au,credible,
wickedlocal.com,credible,
thewestburytimes.com,credible,
eprahaar.in,credible,
wibqam.com,credible,
ftlauderdalenews.com,credible,
nearbynews.com,credible,
carboncountynews.com,credible,-1.0
tulanehullabaloo.com,credible,
timestribune.com,credible,
personalliberty.com,fake,1.0
illawarramercury.com.au,credible,
barfblog.com,credible,
levellandnews.net,credible,
elvaq.com,credible,
bryancountynews.com,credible,
nbc26.tv,credible,
celebdirtylaundry.com,credible,
citizen-times.com,credible,-1.0
stardem.com,credible,0.0
cmcforum.com,credible,
nathanlott.blogspot.com,credible,
wessexscene.co.uk,credible,
alongthegrapevine.com,credible,
dartmouthtribune.ca,credible,
recordonline.com,credible,
wfuogb.com,credible,
times-news.com,credible,-1.0
benmattlin.com,credible,
augustafreepress.com,credible,
thewhitonline.com,credible,
viralcords.com,credible,
traveldailymedia.com,credible,
unityjournalists.org,credible,
newseveryday.com,credible,
hotsr.com,credible,
sciencedirect.com,credible,
riverdalepress.com,credible,0.0
thecontrarianmedia.com,credible,
esgonline.org,credible,
americantoday.us,fake,
nesssherry.com,credible,
spencermagnet.com,credible,
strangenewsvideo.com,credible,
wgbhnews.org,credible,
themoderatedmedia.com,credible,
actionnews3.com,fake,
newamericangazette.com,credible,
celtic-connection.com,credible,
ledgertranscript.com,credible,
christopher-jones.net,credible,
bringmethenews.com,credible,0.0
wikileaks.com,fake,
feministfrequency.com,credible,-1.0
rebelnews.com,fake,1.0
tpg.com.au,credible,
areomagazine.com,credible,-1.0
canoncitydailyrecord.com,credible,0.0
theolympian.com,credible,-1.0
libertynews.com,fake,1.0
politicot.com,fake,
wndu.com,credible,0.0
mweb.com.na,credible,
firstdraftnews.org,credible,0.0
rhetorica.net,credible,
yourobserver.com,credible,
statenation.co,credible,
examiner.org,credible,
netpapers.com,credible,
wbal.com,credible,
pressconnects.com,credible,0.0
hhs.gov,credible,
en.search.farsnews.com,credible,
bloomberg.com,credible,-1.0
smartbrief.com,credible,
utne.com,credible,
counterpsyops.com,fake,
westerngazette.ca,credible,
thewest.com.au,credible,1.0
targetednews.com,credible,
tribdem.com,credible,
theredelephants.com,credible,
newsadvance.com,credible,0.0
delmarvapublicradio.net,credible,
lifenews.com,fake,1.0
ahikamseri.com,credible,
civilbeat.org,credible,-1.0
bestthings.us,fake,
3blmedia.com,credible,
everydaybreakingnews.com,credible,
warontherocks.com,credible,0.0
makeahistory.com,credible,
humboldtnews.com,credible,
nccivitas.org,mixed,1.0
barrons.com,credible,1.0
emigre.com,credible,
batemansbaypost.com.au,credible,
aidc.org.za,credible,
wbtv.com,credible,0.0
douglasdispatch.com,credible,
flpress.com,credible,
iceagenow.info,credible,
cloverpad.org,credible,
thedailystar.com,credible,-1.0
usmagazine.com,credible,
techdirt.com,credible,-1.0
risbj.com,credible,
valdostadailytimes.com,credible,-1.0
worldpressonline.com,credible,
sanjuanjournal.com,credible,
register-news.com,credible,
dailystormer.name,credible,
coalvalleynews.com,credible,
medianewsline.com,credible,
knoxnews.com,credible,0.0
worldweatheronline.com,credible,
statepress.com,credible,-1.0
therebel.media,credible,
roanoke-chowannewsherald.com,credible,
snoweye.com,credible,
fciac.net,credible,
communicationethics.net,credible,
slaughterphoto.com,credible,
thebruns.ca,credible,
clamagephoto.com,credible,
junctioneagle.com,credible,
portwashington-news.com,credible,
pressunion.org,credible,
northjersey.com,credible,-1.0
grahamleader.com,credible,
quickworldnews.com,credible,
cinemablend.com,credible,
3dig.com,credible,
desplainesvalleynews.com,credible,
internationalpolicydigest.org,credible,
guardonline.com,credible,1.0
hazard-herald.com,credible,
royalgazette.com,credible,
pressassociation.com,credible,
chucknacke.com,credible,
canberratimes.com.au,credible,
thecontroversialfiles.net,fake,
sgst.com.au,credible,
thechronicle.com.au,credible,
webwire.com,credible,
al-monitor.com,credible,-1.0
adanja-polak.com,credible,
pmgnews.com,credible,
onegreenplanet.org,mixed,-1.0
creators.com,credible,
leaderpost.com,credible,1.0
aanirfan.blogspot.co.uk,fake,
cctv-america.com,credible,
nomenugget.net,credible,
kamloopsnews.ca,credible,
ahvalnews.com,mixed,-1.0
factswanted.com,credible,
simplepolitics.co.uk,credible,0.0
rit.edu,credible,
washtimes.com,credible,
kingstreenews.com,credible,
freakoutnation.com,fake,
dakotavoice.com,credible,
ideastream.org,credible,
stonewallteulontribune.ca,credible,
wfla.com,credible,0.0
freedomhouse.org,credible,1.0
newsformetoday.com,fake,
mtsusidelines.com,credible,
thedailydarien.com,credible,
iberianet.com,credible,
bedfordsackvilleobserver.ca,credible,
gwhatchet.com,credible,
computerweekly.com,credible,
climatescienceinternational.org,fake,
palmbeachdailynews.com,credible,-1.0
slightlyoff-onpurpose.com,credible,
trofire.com,mixed,-1.0
newspaper-info.com,credible,
thetexasspur.com,credible,
provostnews.ca,credible,
indcatholicnews.com,credible,
kmvt.com,credible,0.0
americablog.com,fake,-1.0
hayleyanderson.com,credible,
joschwartz.com,credible,
southeastasiantimes.com,credible,
tittletattle365.com,credible,
theoaklandpress.com,credible,0.0
gapress.org,credible,
mywebtimes.com,credible,
cnn-business-news.ga,fake,
justthenews.com,fake,1.0
bucyrustelegraphforum.com,credible,
obsentinel.com,credible,
gmwatch.org,fake,-1.0
thecommunityvoice.com,credible,
cairnspost.com.au,credible,
cdapress.com,credible,0.0
swiowanewssource.com,credible,
wsoctv.com,credible,0.0
colebrookchronicle.weebly.com,credible,
themeliorist.ca,credible,
goal.com,credible,
summitdaily.com,credible,0.0
thesounder.com,credible,
marlindemocrat.com,credible,
bettergov.org,credible,0.0
necjogha.org,credible,
scottishbanner.com,credible,
thebeardedpatriot.com,fake,1.0
malaysiakini.com,credible,-1.0
gangstergovernment.com,fake,
wiod.com,credible,
dailyusaupdate.com,fake,
republican-eagle.com,credible,
town-media.com,credible,
utdailybeacon.com,credible,
hastingstribune.com,credible,0.0
newamerica.org,credible,-1.0
kfvs12.com,credible,0.0
fareedzakaria.com,credible,
countytimes.com,credible,
blacktownsun.com.au,credible,
newssun.com,credible,
skeptoid.com,credible,
washingtonpost.com.co,fake,
thenewatlantis.com,credible,1.0
vidmax.com,fake,1.0
realchangenews.org,credible,
bluelivesmatter.blue,credible,
blackpigeonspeaks.com,fake,1.0
gregpalast.com,credible,
avtimes.net,credible,
marinelink.com,credible,
lycos.com,credible,
home.nra.org,fake,1.0
westernweekender.com.au,credible,
denfert.com,credible,
naturalmedicineteam.com,credible,
cup.ca,credible,
mediafiledc.com,credible,-1.0
harlanonline.com,credible,
boorowanewsonline.com.au,credible,
transequality.org,credible,-1.0
dangerous.com,credible,
blackmountainnews.com,credible,
monsucaulfield.org.au,credible,
centerforsecuritypolicy.org/#articles,credible,
morningjournalnews.com,credible,
sanluisobispo.com,credible,-1.0
htnp.com,credible,
moodys.com,credible,
nit.com.au,credible,
etown.edu,credible,
heraldmailmedia.com,credible,-1.0
peshtigotimes.net,credible,
theinquisitor.com,credible,
westernslopenow.com,credible,
members.tripod.com,credible,
capitalresearch.org,mixed,1.0
globalriskinsights.com,credible,-1.0
universaluclick.com,credible,
military.com,credible,0.0
disclosuremedia.net,fake,
ecollegetimes.com,credible,
vox.com,credible,-1.0
fpc.com.au,credible,
greenpeace.org,fake,-1.0
thedailyrecord.com,credible,
teddystick.com,fake,
almanian.org,credible,
southafricatoday.net,fake,1.0
news-examiner.net,credible,
waynecountynews.com,credible,
rd.com,mixed,1.0
hillsborofreepress.com,credible,
truthandaction.org,fake,1.0
loyolaphoenix.com,credible,
theamericancause.org,mixed,1.0
tylercountybooster.com,credible,
north99.org,credible,
thepoke.co.uk,mixed,
calhounchronicle.com,credible,
thetownpaper.com,credible,
cornwellphotography.com,credible,
homeopathyjournal.net,credible,
them.us,credible,-1.0
archaeology.org,credible,
syracusephotographer.com,credible,
yahoo.com,credible,
sturgeoncreek.ca,credible,
newsreview.com,credible,
heraldextra.com,credible,
seeker.com,credible,
alexanderhiggins.com,credible,
thebeacher.com,credible,
tennessean.com,credible,0.0
channel45news.com,credible,
thepampanews.com,credible,
hpr1.com,credible,
kccu.org,credible,
richlandchronicle.com,credible,
bayareaobserver.com,credible,
freepress.org,mixed,-1.0
lakecountybanner.com,credible,
scarletpage.com,credible,
informetoday.com,fake,
proctorjournal.com,credible,
hotglobalnews.com,credible,
forecastcenter.com,credible,
aksphoto.me.uk,credible,
uschamber.com,credible,
statesmanjournal.com,credible,0.0
powderedwigsociety.com,fake,
nrdc.org,credible,-1.0
puzzlepress.co.uk,credible,
newslink.org,credible,
rockwallheraldbanner.com,credible,-1.0
writearm.com,credible,
sunshinestatenews.com,credible,
timespolice.com,credible,
thefrt.com,credible,
movingleft.com,credible,
earthsky.org,credible,
ucsd.edu,credible,
broadcastingcable.com,credible,
redbluedivide.com,credible,
robertgiroux.com,credible,
wakeupnews.com,credible,
lusu.co.uk,credible,
consmovement.com,credible,
irrawaddy.com,credible,-1.0
thehayride.com,fake,1.0
martinlutherking.org,credible,
canarytrap.in,credible,
amtrib.com,credible,
calwatchdog.com,credible,
departed.co,fake,
theontarion.com,credible,
remingtonresearchgroup.com,credible,1.0
victoriaadvocate.com,credible,-1.0
halfwaypost.com,fake,
eyeofthetiber.com,credible,
kmph.com,credible,1.0
stellajohnson.com,credible,
tonkoene.nl,credible,
seniorwire.net,credible,
flavinscorner.com,credible,
guilfordian.com,credible,
weforum.org,credible,-1.0
bgdailynews.com,credible,1.0
scrappleface.com,mixed,
torontosun.com,credible,1.0
technicianonline.com,credible,
internetnews.com,credible,
cameronherald.com,credible,
virginiamercury.com,credible,-1.0
kpel965.com,credible,
oregonlive.com,credible,0.0
greenwichschools.org,credible,
bradfordera.com,credible,
bismarcktribune.com,credible,0.0
garyandrewpoole.com,credible,
hillarybeattrump.org,credible,
freedomsfinalstand.com,fake,
stocktranscript.com,credible,
marshallnewsmessenger.com,credible,-1.0
whitmanwire.com,credible,
ereferencedesk.com,credible,
whatreallyhappened.com,fake,1.0
chicagosee.com,credible,
euroagazette.com.au,credible,
michaelcooper.com,credible,
tdtalliance.com,fake,
wset.com,credible,1.0
talkingpointsmemo.com,credible,-1.0
juniorminingnetwork.com,credible,
hoojobs.com,credible,
kait8.com,credible,0.0
briandeer.com,credible,
bozemandailychronicle.com,credible,0.0
pipestoneflyer.ca,credible,
82.221.129.208.,credible,
t-g.com,credible,
justjared.com,credible,
uspoliticslive.com,fake,
newsone.com,credible,-1.0
balkaninsight.com,credible,-1.0
hospitality-industry.com,credible,
michaelcoyne.com.au,credible,
forbes.com,credible,1.0
napavalleyregister.com,credible,0.0
edgeboston.com,credible,
atlanticcityweekly.com,credible,
consnation.com,credible,
peninsulanews.asn.au,credible,
wxii12.com,credible,0.0
couriermail.com.au,credible,1.0
viiphoto.com,credible,
kenschles.com,credible,
thebeaverton.com,mixed,
dankimpel.com,credible,
postregister.com,credible,0.0
shef.ac.uk,credible,
pilotweatherbriefing.com,credible,
smcitizen.com,credible,
mediaroots.org,fake,
maheshbhat.com,credible,
sunjournal.com,credible,
whowhatwhy.org,mixed,-1.0
birminghamfreepress.com,credible,
pressfolios.com,credible,
theweek.co.uk,credible,-1.0
pop.org,fake,1.0
stevenspointjournal.com,credible,
swampdrain.com,fake,1.0
dailyhealthpost.com,fake,
courierpress.com,credible,-1.0
sunthisweek.com,credible,
arkatechnews.com,credible,
insider.com,credible,-1.0
fox17online.com,credible,0.0
meanlefthook.com,fake,
mercedsunstar.com,credible,
thebluepaper.com,credible,
themorningsun.com,credible,0.0
ibtimes.com,mixed,-1.0
thecr.com,credible,
thelumberjack.org,credible,
nataliebehring.com,credible,
worldnetdaily.com,credible,
glasgowdailytimes.com,credible,
rcreader.com,credible,
easternprogress.com,credible,
abcnewsgo.co,fake,
loser.com,credible,
dejavu2000.blogspot.com,credible,
.k12.ca.us,credible,
benjaminkrain.com,credible,
ronemmons.com,credible,
news4ktla.com,fake,
ourtribune.com,credible,
thedaonline.com,credible,
enhancemywriting.com,credible,
buzzstake.com,credible,
stockmarketwire.com,credible,
cbncompass.ca,credible,
therussiamonitor.com,credible,
newsandnews.com,credible,0.0
journalstar.com,credible,0.0
sheboyganpress.com,credible,
confederacyofdrones.com,mixed,
thenewsobserver.com,credible,
dailystormer.com,fake,
lidtime.com,credible,
thefulcrum.ca,credible,
thehamiltonherald-news.com,credible,
lakelandmirror.com,credible,
claremoreprogress.com,credible,-1.0
gatesofvienna.net,fake,
lebanonenterprise.com,credible,
controversialtimes.com,credible,
whatfinger.com,fake,1.0
enhlive.com,fake,
sfsu.edu,credible,
westword.com,credible,-1.0
parallax.news,credible,
dcclothesline.com,fake,1.0
catawbapioneer.com,credible,
frankmag.ca,mixed,
anti-semitism.net,credible,
therolladailynews.com,credible,
washingtonmonthly.com,credible,-1.0
wearechange.org,fake,1.0
onlinenewspapers.com,credible,
citynews.news,credible,
dailytimes.com,credible,
newswire.ca,credible,
nabj.org,credible,
sulphurtimes.com,credible,
waynecojournalbanner.com,credible,
babylonbee.com,fake,1.0
thetrumppers.com,credible,
nursingreview.com.au,credible,
scmp.com,mixed,-1.0
prideof-america.org,credible,
techtimes.com,credible,
malaysia-today.net,mixed,1.0
thebrunswicknews.com,credible,1.0
newsinsideout.com,fake,
usanetwork.info,fake,
milfordbeacon.com,credible,
yellowhammernews.com,credible,1.0
airspacemag.com,credible,
theodysseyonline.com,mixed,-1.0
montanakaimin.com,credible,
bolivarmonews.com,credible,
frnewsreport.com,credible,
weirtondailytimes.com,credible,
coastalobserver.com,credible,
dailyegyptian.com,credible,
wnct.com,credible,0.0
richmond-news.com,credible,-1.0
nationalacademyofsciences.org,credible,
fox17.com,credible,1.0
thesheaf.com,credible,
eppc.org,mixed,1.0
rfa.org,credible,-1.0
news1on1.com,credible,
pe.com,credible,1.0
dragon-pictures.com,credible,
cuindependent.com,credible,
dsjv.com,credible,
factmyth.com,credible,-1.0
luc.edu,credible,
markhodson.net,credible,
weku.fm,credible,
virginia.edu,credible,
theautomaticearth.com,fake,1.0
starkvilledailynews.com,credible,
molonlabemedia.com,fake,
mrcblog.com,credible,
corrections.com,credible,
rockymounttelegram.com,credible,
indyeastend.com,credible,
indianpressclearing.com,credible,
wknofm.org,credible,
abcfoxmontana.com,credible,
deseret.com,credible,1.0
patriotusa.website,fake,
sptimes.com,credible,
kingfeatures.com,credible,
abc7ny.com,credible,0.0
oyenecho.ca,credible,
bnonews.com,credible,0.0
forexreportdaily.com,credible,
libertyfederation.com,credible,
medium.com,mixed,-1.0
lgfocus.com.au,credible,
namnewsnetwork.org,credible,
thereaganbattalion.com,credible,
unimportant-man.co.uk,credible,
sailflow.com,credible,
truthbang.net,credible,
wicd15.com,credible,
dutchsinse.com,fake,
wjhl.com,credible,0.0
kfbk.com,credible,
csupueblotoday.com,credible,
jasonlock.co.uk,credible,
duffleblog.com,mixed,
timesofindia.indiatimes.com,mixed,1.0
powerpoliticians.com,fake,
yourerie.com,credible,0.0
direct.ca,credible,
conservativepost.com,fake,1.0
timesrecordnews.com,credible,
missoulian.com,credible,0.0
illuminatiwatcher.com,fake,
foreandaft.tripod.com,credible,
walkwithher.com,credible,
broadcastnewsroom.com,credible,
gulfbase.com,credible,
bigbluedimension.com,fake,
eater.com,credible,
adirondackexpress.com,credible,
mentorhigh.com,credible,
release-news.com,credible,
westernwheel.com,credible,
scenenewspaper.com,credible,
ctj.org,credible,-1.0
robesonian.com,credible,
newstrib.com,credible,
jakejakeny.blogspot.com,credible,
nationalcenter.org,mixed,1.0
christianscience.com,fake,1.0
ocregister.com,credible,1.0
brucecameron.com,credible,
chronicle.augusta.com,credible,
democracyguardian.com,mixed,-1.0
mainichi.jp,credible,-1.0
davisclipper.com,credible,
usrightleft.com,credible,
levins.com,credible,
pioneer-review.com,credible,
freedomcrossroads.us,fake,
sciencealert.com,credible,
vickistclair.com,credible,
thebray.com,credible,
rightwingwatch.org,credible,-1.0
teaguechronicle.com,credible,
leaderherald.com,credible,
thepacer.net,credible,
infowars.com,fake,1.0
bba.tv,credible,
lexingtonleader.com,credible,
allianceforadvancedhealth.com,fake,
allafrica.com,credible,0.0
twisted.news,fake,1.0
uci.edu,credible,
malibutimes.com,credible,
dcwhispers.com,credible,
wollondillyadvertiser.com.au,credible,
thebradfordstudent.wordpress.com,credible,
spotlightnews.com,credible,
mrt.com,credible,
donaldtrumpnews.co,fake,
diaryland.com,credible,
backissuenewspapers.co.uk,credible,
hmbreview.com,credible,
mineweb.com,credible,
photocallireland.com,credible,
mediamonitors.net,credible,
ottumwacourier.com,credible,-1.0
kentucky.com,credible,-1.0
marionbull.com,credible,
concealednation.org,credible,1.0
ansa.it,credible,0.0
txstate.edu,credible,
bearingarms.com,mixed,1.0
ew.com,credible,-1.0
fox43.com,credible,0.0
govtslaves.com,fake,1.0
splcenter.org,credible,-1.0
worldwidelearn.com,credible,
ledger-dispatch.com,credible,
njpa.org,credible,
saratogian.com,credible,0.0
healthfeedback.org,credible,
adflegal.org,fake,1.0
newspapers.com,credible,
thenewtropic.com,credible,-1.0
pressregister.com,credible,
glaringhypocrisy.com,fake,
wilcosun.com,credible,
ncatregister.com,credible,
ilovemyfreedom.org,fake,
desmoinesregister.com,credible,0.0
edvanderelsken.nl,credible,
themarysue.com,credible,-1.0
thenorthlines.com,credible,
wytv.com,credible,0.0
triggerreset.net,credible,
ksn.com,credible,0.0
theimproper.com,credible,
timesbulletin.com,credible,
thecity.nyc,credible,-1.0
citizen.co.za,credible,1.0
thevanguardusa.com,credible,
pitch.com,credible,
pizzo.com,credible,
weimarmercury.com,credible,
finalhost.net,credible,
kalilco.com,credible,
politi.site,credible,
concernedwomen.org,credible,
goodmenproject.com,credible,-1.0
thesaturdaypaper.com.au,credible,-1.0
gizmodo.com,credible,-1.0
humorcolumnist.com,credible,
angrywhitemen.org,mixed,-1.0
unionleader.com,credible,1.0
arcdigital.media,credible,0.0
asheepnomore.net,credible,
thnews.com,credible,
gsyfutu.com,credible,
times-online.com,credible,
ksoo.com,credible,
myfreshnews.com,fake,
dollarvigilante.com,fake,
eutopia.buzz,fake,
thechannels.org,credible,
tmzworldstarnews.com,credible,
bladenjournal.com,credible,
amsterdamnews.com,credible,-1.0
hibbingmn.com,credible,
nbc-2.com,credible,
wikiislam.net,mixed,1.0
mckenziebanner.com,credible,
popms.org,credible,
conservative101.com,fake,
dublincitizen.com,credible,
notizzia.com,fake,
usadailypolitics.com,fake,
heraldpalladium.com,credible,1.0
vanderbilt.edu,credible,
lifeprevention.com,fake,
trumpservativenews.info,credible,
newhampshirelakesandmountains.com,credible,
bls.gov,credible,
bendsource.com,credible,
freddymag.com,fake,
inhomelandsecurity.com,credible,
aan.org,credible,
culturemap.com,credible,
usatodaypolitics.com,credible,
dailyinterlake.com,credible,0.0
thetowerlight.com,credible,
cmich.edu,credible,
sundaypost.org,fake,
nynmedia.com,credible,
newsconc.com,credible,
porknetwork.com,credible,
i4u.com,credible,
rantt.com,credible,-1.0
highlandernews.com,credible,
peconicpublicbroadcasting.org,credible,
thefrisky.com,fake,-1.0
maconcountytimes.com,credible,
harvardpolitics.com,credible,-1.0
usadailytime.com,fake,
heraldstandard.com,credible,
weatherstreet.com,credible,
bigbluevision.org,fake,
businesstimes.com.sg,credible,
wfaa.com,credible,0.0
law360.com,credible,0.0
springtown-epigraph.net,credible,
parentstv.org,credible,
powerdaily.us,credible,
halin.com,credible,
popherald.com,credible,
bcdemocrat.com,credible,
usnationalnews.org,credible,
globalvoices.org,credible,-1.0
newswomensclubnewyork.com,credible,
minneapolisfed.org,credible,
rockcitytimes.com,mixed,
dreamindemon.com,credible,
ourworldindata.org,credible,-1.0
match.net.tw,credible,
chron.com,credible,
economicnoise.com,fake,
wikipedia.org,mixed,0.0
donaldsmith.net,credible,
greatnewsnetwork.org,credible,
marxist.com,mixed,-1.0
brandonstaggs.com,credible,
whmp.com,credible,
conflict-news.com,credible,
politicalears.com,fake,
indiaarising.com,fake,
tbnweekly.com,credible,
news.err.ee,credible,0.0
sapresscuttings.co.za,credible,
maceandcrown.com,credible,
virtualsetworks.com,credible,
rightwingnews.com,fake,
dw.com,credible,-1.0
mayoclinic.org,credible,
theunrealtimes.com,mixed,
byu.edu,credible,
einnews.com,credible,
thecourier.com.au,credible,
americafans.com,credible,
herald-dispatch.com,credible,0.0
filiphorvat.com,credible,
ohionews.org,credible,
quantamagazine.org,credible,
sandiegoreader.com,credible,-1.0
pressprogress.ca,credible,-1.0
morungexpress.com,credible,
valleynewslive.com,credible,1.0
fognews.ru,mixed,
bjreview.com,fake,-1.0
vanderbiltorbis.com,credible,
sbsun.com,credible,1.0
dianadicker.co.uk,credible,
imhomike.blogspot.com,credible,
devries79.tripod.com,credible,
inews.co.uk,credible,-1.0
erlingmandelmann.ch,credible,
thetruthaboutcancer.com,fake,1.0
airdriecityview.com,credible,
stubhillnews.com,mixed,
bmark.it,credible,
mining.com,credible,
dallassun.com,credible,
photoj.com,credible,
newspaper-world.com,credible,
thewestgeorgian.com,credible,
freethoughtblogs.com,credible,
insidetucsonbusiness.com,credible,
usanewsinsider.com,fake,
beaconjournal.com,credible,-1.0
wdef.com,credible,
publicradioeast.org,credible,
publicagenda.org,credible,
ntd.tv,credible,
viewfromthewest.ca,credible,
americanfreepress.net,fake,1.0
sciencetrends.com,credible,
tonyskansascity.com,credible,
ufl.edu,credible,
navy.mil,credible,
ashleycountyledger.com,credible,
jdsupra.com,credible,0.0
localnews33.com,credible,
kgou.org,credible,
lakeheadu.ca,credible,
dailyevergreen.com,credible,
71republic.com,credible,
pymnts.com,credible,
presstv.com,fake,
newbernsj.com,credible,1.0
lockhaven.com,credible,
thenews-journal.com,credible,
stonecountyenterprise.com,credible,
jacksonvilleprogress.com,credible,-1.0
this.org,credible,-1.0
powerreporting.com,credible,
usanewsflash.com,fake,
martykatz.com,credible,
djc.com,credible,
trishaposner.com,credible,
intermeteo.com,credible,
jesus-is-savior.com,fake,1.0
wxow.com,credible,0.0
hometownlife.com,credible,
bigthink.com,credible,0.0
victoriagazette.com,credible,
thelapine.ca,credible,
brockpress.com,credible,
banderabulletin.com,credible,
insurancejournal.com,credible,
coldbacon.com,credible,
timeslive.co.za,credible,1.0
nbcbayarea.com,credible,
ksmu.org,credible,
manufacturing.net,credible,
armytimes.com,credible,0.0
westmonster.com,credible,
wjfw.com,credible,
jirirezac.com,credible,
wickenburgsun.com,credible,
lavozdeanza.com,credible,
iramathur.org,credible,
denebolaonline.net,credible,
thefifthcolumnnews.com,credible,
thejambar.com,credible,
prntly.com,fake,
wakeupthesheep.com,fake,
jagbytes.com,credible,
nuj.org.uk,credible,
ruthinstitute.org,fake,1.0
lycoming.edu,credible,
8m.net,credible,
thereporterz.com,fake,
ledger-enquirer.com,credible,
whqr.org,credible,
record-herald.com,credible,
pembinatoday.ca,credible,
camrosemorningnews.com,credible,
pearyperry.com,credible,
makeamericagreattoday.com,fake,
mindbodygreen.com,fake,
fiskkit.com,credible,
wxyz.com,credible,0.0
jewishbusinessnews.com,credible,
wnmufm.org,credible,
decaturdailydemocrat.com,credible,
stevedow.com.au,credible,
usjournalreview.com,credible,
discovermagazine.com,credible,
desmogblog.com,credible,-1.0
puzzlexperts.com,credible,
borowitzreport.com,mixed,
syracusenewtimes.com,credible,
blazeweek.com,credible,
standard.net.au,credible,
blue-route.org,credible,
crimethinc.com,credible,-1.0
conservativebase.com,credible,
dairylandpeach.com,credible,
wqow.com,credible,0.0
bullshitnews.org,credible,
mattsuess.com,credible,
thegoldwater.com,credible,
suntimes.com,credible,
newportplaintalk.com,credible,
billcarlisle.tripod.com,credible,
bipolarimages.com,credible,
alliedprogress.org,credible,
brooksbulletin.com,credible,
andrewcurry.com,credible,
frankstoncitizen.com,credible,
wcu.edu,credible,
wafb.com,credible,0.0
jerryjazzmusician.com,credible,
washingtonexaminer.com,fake,1.0
masslive.com,credible,0.0
icitizen.com,mixed,1.0
visiontimes.com,fake,1.0
freedomadvocates.org,fake,1.0
nbclosangeles.com,credible,-1.0
amarc.org,credible,
remotefacilities.com,credible,
refdesk.com,credible,
spotlightheroes.com,credible,
newspressnow.com,credible,0.0
uwindsorlance.ca,credible,
thebvnewspaper.com,credible,
terrycryer.com,credible,
spectator.org,mixed,1.0
gitanjaliprasad.com,credible,
web.randi.org,credible,
thehuttonews.com,credible,
assignmenteditor.com,credible,
kavitachhibber.com,credible,
dailybusinessreview.com,credible,
times-gazette.com,credible,
chronicleonline.com,credible,
vermontindependent.org,credible,
baylorlariat.com,credible,
tribunemagazine.org,credible,
webvivant.com,credible,
au.org,credible,-1.0
theexaminer.com,credible,
ifstudies.org,mixed,1.0
ipress.com.hk,credible,
terrygault.co.uk,credible,
awardspace.com,credible,
wzzm13.com,credible,0.0
scnow.com,credible,0.0
freeservers.com,credible,
quillette.com,fake,1.0
pluralist.com,mixed,1.0
theinternetpost.net,fake,
citywire.co.uk,credible,
opensecrets.org,credible,0.0
ksbw.com,credible,0.0
tullahomanews.com,credible,
cnjonline.com,credible,
wxxv25.com,credible,
horowitzfreedomcenter.org,fake,
cpa.org.au,credible,
sharednewsreport.com,credible,
checkyourfact.com,credible,1.0
wmky.org,credible,
independent.ie,credible,1.0
sipa.com,credible,
talo.nl,credible,
statefort.com,credible,
thevalleydispatch.com,credible,
cnewsgo.com,fake,
lucianne.com,fake,
rightsidenews.com,credible,
anonews.co,fake,
thestarpress.com,credible,-1.0
wnpr.org,credible,
newyorktelegraph.com,credible,
thesciencepost.com,mixed,
staresattheworld.com,fake,1.0
thepostathens.com,credible,
dailyheadlines.com,fake,
50states.com,credible,
thecourierexpress.com,credible,
climatedepot.com,fake,1.0
shearerphotography.com,credible,
scindependent.com,credible,
frontpagemag.com,fake,1.0
kplctv.com,credible,0.0
policyed.org,credible,1.0
douglas-budget.com,credible,
ballardnewstribune.com,credible,
afshinrattansi.com,credible,
usaworldbox.com,fake,
effinghamdailynews.com,credible,-1.0
bunburymail.com.au,credible,
corporatewatch.org,credible,
channel23news.com,credible,
bnd.com,credible,1.0
theamericanconservative.com,credible,1.0
newratings.com,credible,
standard.net,credible,1.0
commercejournal.com,credible,
theintelligencer.net,credible,
trentarthur.ca,credible,
antifascistnews.net,credible,
mpbn.net,credible,
apsa.org,credible,-1.0
platosguns.com,fake,
newarkadvocate.com,credible,
johnangerson.com,credible,
wisc.edu,credible,
brownwoodtx.com,credible,
allgov.com,credible,-1.0
gaystarnews.com,mixed,-1.0
cessnockadvertiser.com.au,credible,
tvgrapevine.com,credible,
aggiecentral.com,credible,
lincolncourier.com,credible,-1.0
kgbreport.com,credible,
cubiclane.com,credible,
orangemedianetwork.com,credible,
post-gazette.com,credible,1.0
seabrookhtj.com,credible,
thenewscenter.tv,credible,
msbusiness.com,credible,
britishpathe.com,credible,
wgbv.com,credible,
stanford.edu,credible,
americanactionforum.org,credible,1.0
react365.com,fake,
uic.edu,credible,
viralactions.com,fake,
world-politicus.com,credible,
workers.org,mixed,-1.0
picture-newsletter.com,credible,
nationalgeographic.com,credible,
isustudentmedia.com,credible,
thegoodlordabove.com,credible,
travelweekly.com,credible,
lompocrecord.com,credible,0.0
memeorandum.com,mixed,0.0
patrioticexpress.com,credible,
federalnewsnetwork.com,credible,0.0
nasw.org,credible,
meridianbooster.com,credible,
freepress.net,credible,
politicalblindspot.com,fake,
jackwebster.com,credible,
berksmontnews.com,credible,
tmsfeatures.com,credible,
biggovernment.news,credible,
splinternews.com,credible,
foodworldnews.com,credible,
harrisondaily.com,credible,
imprimis.hillsdale.edu,mixed,1.0
midcountymemo.com,credible,
rrdailyherald.com,credible,1.0
carrollcountytimes.com,credible,
everydayhealth.com,credible,
hobbybroadcaster.us,credible,
emartin.net,credible,
vcstar.com,credible,-1.0
newsbud.com,credible,
wan-ifra.org,credible,
niemanlab.org,credible,-1.0
seattleweekly.com,credible,
commonwealthfund.org,credible,-1.0
thelondoneconomic.com,credible,-1.0
stocksnewsdaily.com,credible,
houstonchronicle.com,credible,
bethanyclipper.com,credible,
eagletribune.com,credible,0.0
asianfortunenews.com,credible,
stawelltimes.com.au,credible,
whbl.com,credible,
ridgecrestca.com,credible,-1.0
suindependent.com,credible,
klkntv.com,credible,
sp.neuronation.com,credible,
ukjournalism.org,credible,
hickoryrecord.com,credible,0.0
barthphoto.com,credible,
countable.us,credible,
turbulenceforecast.com,credible,
hardcoreweather.com,credible,
newtownbee.com,credible,
kenyoncollegian.com,credible,
aldopavan.it,credible,
farmonline.com.au,credible,
wmra.org,credible,
thebetterindia.com,credible,
theshovel.com.au,mixed,-1.0
marketwired.com,credible,
gladstoneobserver.com.au,credible,
heatst.com,fake,
wesh.com,credible,0.0
teapartypatriots.org,fake,1.0
tribune2000.com,credible,
ncscooper.com,mixed,
newsbysquad.com,fake,
2020studios.com,credible,
mediageek.net,credible,
q13fox.com,credible,0.0
dailythings.world,fake,
notliberal.com,credible,
premiumherald.com,credible,
csus.edu,credible,
nnaweb.org,credible,
mromagazine.com,credible,
outbreaknewstoday.com,credible,
wbjournal.com,credible,
retrostockpix.com,credible,
king5.com,credible,0.0
prageru.com,fake,1.0
silver-coin-investor. com,fake,
min7th.com,credible,
insidefutures.com,credible,
utko.com,credible,
fuzzyco.com,credible,
curiousmindmagazine.com,fake,
hillsdale.net,credible,-1.0
woldow.com,credible,
natmonitor.com,credible,-1.0
afj.org,credible,-1.0
countystarnews.com,credible,
marydonovan.com,credible,
bendweekly.com,credible,
rogerwyan.com,credible,
easternecho.com,credible,
therisingwasabi.com,credible,
humortimes.com,mixed,
mineolaamerican.com,credible,
media.info,credible,
thierryfalise.com,credible,
www.ncdc.noaa.gov,credible,
foodandwaterwatch.org,mixed,-1.0
morganton.com,credible,0.0
creativecirclemedia.com,credible,
israelvideonetwork.com,credible,
news14kgpn.com,fake,
gannett.com,credible,
post-register.com,credible,
mariotama.com,credible,
nephef.com,fake,
kacu.org,credible,
dailygrail.com,fake,
bildermeer.de,credible,
teapartytribune.com,credible,
brookhavencourier.com,credible,
gofbw.com,credible,
medialiteracyproject.org,credible,
theinternationalreporter.org,credible,
heraldandnews.com,credible,
thecurrent-online.com,credible,
wokesloth.com,credible,
snopes.com,credible,-1.0
twolanelivin.com,credible,
ornico.co.za,credible,
osw.com,credible,
blog.veterantv.net,fake,
charlescitypress.com,credible,
yorknewstimes.com,credible,0.0
antinewsnetwork.com,credible,
thecelebritycafe.com,credible,
worldcrunch.com,credible,-1.0
wisebrief.com,credible,
oaoa.com,credible,1.0
af.mil,credible,
businessreport.com,credible,
inlandpress.org,credible,
conservativepaper.com,fake,
nbc15.com,credible,
independent.org,credible,1.0
newsdaily10.com,credible,
hpr2.org,credible,
20minutenews.com,credible,
xavier.edu,credible,
capecodtimes.com,credible,0.0
photo-gratis.com,credible,
thetruthaboutguns.com,credible,1.0
nipawinjournal.com,credible,
thenewsdispatch.com,credible,
vietnamphotography.com,credible,
scotsman.com,credible,0.0
newcity.com,credible,
yubanet.com,credible,
mediapost.com,credible,0.0
gettysburgtimes.com,credible,
uscirf.gov,credible,
humanprogress.org,credible,1.0
esbtrib.com,credible,
wlbz2.com,credible,
amateurpress.org,credible,
hudsonstarobserver.com,credible,
timesuniononline.com,credible,
ardmoreite.com,credible,
ecology.news,fake,1.0
worldstoriestoday.com,fake,
tribuneindia.com,mixed,1.0
postsouth.com,credible,
gulflive.com,credible,
miamistudent.net,credible,
nyu.edu,credible,
sundayinquirer.com,credible,
mi7.co,credible,
lightchaser.com,credible,
stalbertgazette.com,credible,
trinitymirrorsolutions.co.uk,credible,
christianfightback.com,fake,
parispi.net,credible,
markcornelison.com,credible,
frontpagelive.com,credible,
bupipedream.com,credible,
guysboroughjournal.com,credible,
elkodaily.com,credible,0.0
memphissun.com,credible,
andhrabhoomi.net,credible,
vtimes.com.au,credible,
achnews.org,credible,
freeportnynews.com,credible,
capitalnewyork.com,credible,
collegianonline.com,credible,
thenichollsworth.com,credible,
sonomasun.com,credible,
nashvillepost.com,credible,
nicsentinel.com,credible,
watcherofweasels.org,credible,
middletowntranscript.com,credible,
my40.tv,credible,
worldnewspolitics.com,fake,
freetelegraph.com,fake,1.0
thefamuanonline.com,credible,
actualites.co,credible,
dunno.com.au,credible,
khqa.com,credible,1.0
businessrecord.com,credible,
ecnmag.com,credible,
news9.com,credible,0.0
sungazette.com,credible,1.0
wsj.com,credible,1.0
okcfox.com,credible,1.0
thirdworldtraveler.com,credible,
qcna.org,credible,
afa.net,fake,1.0
prevention.com,fake,
hawkeyenews.net,credible,
swedishwire.com,credible,
maplelakemessenger.com,credible,
miningjournal.net,credible,0.0
wmbfnews.com,credible,
scvnews.com,credible,
100percentfedup.com,fake,1.0
evereden.com,credible,
wpbf.com,credible,0.0
ctvnews.ca,credible,0.0
federalnewsradio.com,credible,
aptra.com,credible,
toedt.net,credible,
primetimeproductions.org,credible,
wgntv.com,credible,0.0
tapinto.net,credible,
usanewshome.com,fake,
charlestoncitypaper.com,credible,
wallbuilders.com,fake,1.0
magatopia.com,credible,
the-postillon.com,fake,
sciencenews.org,credible,
ustruthwire.com,fake,
vancouversun.com,credible,1.0
sanduskyregister.com,credible,
baywindows.com,credible,
malx.co.uk,credible,
fednews.com,credible,
getreligion.org,mixed,1.0
birminghamstar.com,credible,
impulsetoday.com,credible,
weatheronline.co.uk,credible,
thenewamerican.com,fake,1.0
expose1933.com,fake,
bankrate.com,credible,
flightglobal.com,credible,
gothamgazette.com,credible,
bctelegraph.com,credible,
britainfirst.org,fake,1.0
speisa.com,credible,
timescolonist.com,credible,-1.0
jacobinmag.com,credible,
theaustralian.com.au,mixed,1.0
accessnorthga.com,credible,
oecdobserver.org,credible,
olneyenterprise.com,credible,
bighairynews.com,fake,
vanalstyneleader.com,credible,
alconareview.com,credible,
pbcommercial.com,credible,
channel28news.com,credible,
doubtfulnews.com,credible,
rssweather.com,credible,
sdjewishworld.com,credible,
dymaxionweb.com,credible,
newschief.com,credible,-1.0
dagblog.com,credible,
currentaffairs.org,credible,-1.0
faithwire.com,mixed,1.0
asianpacificpost.com,credible,
thelinknewspaper.ca,credible,
transparency.org,credible,0.0
newsnow.co.uk,mixed,0.0
santapaulatimes.com,credible,
okeechobeenews.net,credible,
gazettenet.com,credible,-1.0
dallasvoice.com,credible,-1.0
newstribune.com,credible,
itravelsyndicate.com,credible,
rferl.org,credible,0.0
lightpatch.com,credible,
startribune.com,credible,-1.0
mailtribune.com,credible,
newsradioklbj.com,credible,
gilest.org,credible,
qctimes.com,credible,0.0
aeon.co,credible,-1.0
corsicanadailysun.com,credible,-1.0
aaja.org,credible,
msn.com,credible,-1.0
pdclarion.com,credible,1.0
inhnews.com,credible,
pgbulletin.com,credible,
cision.com,credible,
standardnewswire.com,credible,
occupyliberals.com,fake,
ticklethewire.com,credible,
atimes.com,credible,
politicalupdater.com,credible,
wahpetondailynews.com,credible,
apg-wi.com,credible,
newtondailynews.com,credible,0.0
antitrustinstitute.org,credible,
edmontonexaminer.com,credible,1.0
lajuntatribunedemocrat.com,credible,-1.0
kshb.com,credible,0.0
businesswest.com,credible,
ksby.com,credible,0.0
americanpressinstitute.org,credible,0.0
thebureauinvestigates.com,credible,-1.0
lancasteronline.com,credible,0.0
terrelltribune.com,credible,
newspaperbenchmarking.com,credible,
thewashingtonreporter.com,credible,
wday.com,credible,
qualitysharing.com,credible,
thegreggjarrett.com,mixed,1.0
uiw.edu,credible,
weather-forecast.com,credible,
abriluno.com,fake,
greatfallstribune.com,credible,0.0
thethomasvilletimes.com,credible,
toptopic.club,credible,
mrdodgy.com,credible,
thenevadaindependent.com,credible,0.0
tfponline.com,credible,
andersoninstitute.com,credible,
guerilla.news,fake,
search.co.tt,credible,
ksro.com,credible,
kcur.org,credible,
dailymaverick.co.za,credible,0.0
courant.com,credible,-1.0
andrewnoakes.com,credible,
lmtribune.com,credible,
politicalinbox.com,credible,
fox19.com,credible,0.0
skepdic.com,credible,
truman.edu,credible,
californiademocrat.com,credible,
aceshowbiz.com,mixed,-1.0
the-japan-news.com,credible,
weatherzone.com.au,credible,
freedomproject.com,fake,1.0
occupy.com,credible,-1.0
truthbetold.news,credible,-1.0
lifezette.com,fake,1.0
chetekalert.com,credible,
thelasource.com,mixed,-1.0
liberty.edu,credible,
funnystrange.net,credible,
fayettecountyrecord.com,credible,
cia.gov,credible,
dailypioneer.com,credible,
ocweekly.com,credible,-1.0
dailyheraldtribune.com,credible,
wacotrib.com,credible,0.0
esperanceexpress.com.au,credible,
newrevolutionnow.org,credible,
sootoday.com,credible,-1.0
uspoln.com,fake,
spencephoto.com,credible,
kgwn.tv,credible,
amherstcitizen.com,credible,
smithfieldtimes.com,credible,
rilenews.com,fake,
theflipside.io,credible,0.0
themodernage.org,credible,
usmfreepress.org,credible,
metro.us,credible,-1.0
pixelperfectimages.net,credible,
norwalkreflector.com,credible,
dailydiscord.com,mixed,
newage-examiner.com,credible,
ndsuspectrum.com,credible,
taxpayer.com,credible,1.0
luisteodoro.com,credible,
conspiracyplanet.com,fake,
idsnews.com,credible,
dailyranger.com,credible,
thepenn.org,credible,
terracestandard.com,credible,-1.0
thebubble.org.uk,credible,
usc.edu.au,credible,
piercecountyherald.com,credible,
voluntaryxchange.typepad.com,credible,
principia-scientific.org,credible,
dutchcourier.com,credible,
marshallmcluhan.com,credible,
proudemocrat.com,credible,
medicalnewstoday.com,credible,
piercepioneer.com,credible,
damnleaks.com,fake,
wftj8news.com,fake,
wpi.edu,credible,
timberjay.com,credible,
opcofamerica.org,credible,
uwastudentguild.com,credible,
other98.com,fake,-1.0
thestaffordvoice.com,credible,
sonomawest.com,credible,
gainesvilletimes.com,credible,
cunacouncils.org,credible,
mtdemocrat.com,credible,1.0
insurancenewsnet.com,credible,
writerfind.com,credible,
yukonweb.com,credible,
wtva.com,credible,0.0
news.google.com,credible,-1.0
globalslaveryindex.org,credible,0.0
timesheadline.com,mixed,-1.0
observatory.journalism.wisc.edu,credible,
thedailybanter.com,mixed,-1.0
pakalertpress.com,fake,
realconservativesunite.com,fake,
toprightnews.com,credible,
wnpa.com,credible,
growth.blogs.ilrt.org,credible,
sustainablepulse.com,fake,-1.0
buchtelite.com,credible,
kystandard.com,credible,
oregonquarterly.com,credible,
sunnyskyz.com,credible,
politicalcult.com,fake,
oceanimages.co.uk,credible,
timesleader.net,credible,
ethicsadvicelineforjournalists.org,credible,
argusmedia.com,credible,
cheddar.com,credible,-1.0
themiamihurricane.com,credible,
channel65news.com,fake,
radioproject.org,credible,
greenvilleonline.com,credible,0.0
colbsent.com,credible,
cyberium.co.uk,credible,
wrvo.org,credible,
cyberalert.com,credible,
leavenworthecho.com,credible,
expertisefinder.com,credible,
uanews.org,credible,
chroniclesmagazine.org,mixed,1.0
glossynews.com,mixed,
lodinews.com,credible,
buzzflash.com,credible,
bluelinestrong.net,fake,
axios.com,credible,-1.0
starhq.com,credible,
newsindiatimes.com,credible,
consortiumnews.com,credible,-1.0
ctp-photo.co.uk,credible,
economictimes.indiatimes.com,fake,1.0
times-standard.com,credible,0.0
worldpoliticsus.com,fake,
nationofchange.org,credible,-1.0
lastdeplorables.com,fake,
rewire.news,credible,
mjtimes.sk.ca,credible,
scripps.ucsd.edu,credible,
virginialeehunter.com,credible,
iowastartingline.com,credible,-1.0
manoanow.org,credible,
bendbulletin.com,credible,
airtalents.com,credible,
thedailysheeple.com,fake,
wjbdradio.com,credible,
storminvestor.com,credible,
wlns.com,credible,0.0
news.gc.ca,credible,
themonthly.com.au,credible,-1.0
tulsaworld.com,credible,1.0
thestarphoenix.com,credible,1.0
islander.org,credible,
jaygaskill.com,credible,
departedmedia.com,fake,
gotnews.com,credible,
madisonvillemeteor.com,credible,
loyolamaroon.com,credible,
edge.org,credible,
world-spectator.com,credible,
barossaherald.com.au,credible,
agoracosmopolitan.com,credible,
nationalnewswatch.com,credible,-1.0
shsu.edu,credible,
cantondailyledger.com,credible,
salemnews.com,credible,
ancient-origins.net,fake,
fox35orlando.com,credible,0.0
marcellus.com,credible,
crimeresearch.org,mixed,1.0
charlestondailymail.com,credible,
defund.com,credible,
winghamchronicle.com.au,credible,
illegalaliencrimereport.com,fake,1.0
earth.columbia.edu,credible,-1.0
carm.org,fake,1.0
asia-pacificresearch.com,fake,
championnewspapers.com,credible,
kdhnews.com,credible,
cis.org,credible,
boston.com,credible,-1.0
thewashingtonsentinel.com,credible,
depauliaonline.com,credible,
thegrio.com,credible,-1.0
wtvy.com,credible,0.0
weatherscreen.com,credible,
newspapersglobal.com,credible,
epigram.org.uk,credible,
bizstandardnews.com,credible,
newsblaze.com,fake,1.0
knp7.com,credible,
explorerphoto.com,credible,
donnybrookmail.com.au,credible,
realfeatures.com,credible,
firsttoknow.com,credible,
neworleanssun.com,credible,
paulcoia.com,credible,
instaworldnews.com,fake,
contrast-photo.com,credible,
australiantimes.co.uk,credible,
business2community.com,mixed,0.0
cookephoto.com,credible,
pulaskicountymirror.com,credible,
dailyadvocate.com,credible,1.0
kpax.com,credible,0.0
echotimes.wordpress.com,credible,
avoiceformen.com,fake,1.0
westfaironline.com,credible,
globalfreepress.org,credible,
helenair.com,credible,0.0
moronmajority.com,mixed,-1.0
myfoxboston.com,credible,
peter-mckay.com,credible,
buzzmachine.com,credible,
wapublishers.com.au,credible,
theparisnews.com,credible,
medialiteracy01.tripod.com,credible,
federaltimes.com,credible,0.0
newbostonpost.com,mixed,1.0
horstfriedrichs.com,credible,
cheboygannews.com,credible,-1.0
carolinacoastonline.com,credible,
blufftontoday.com,credible,
conwaydailysun.com,credible,
weau.com,credible,0.0
digitalburg.com,credible,
zednelson.com,credible,
americanactionnews.com,fake,1.0
camaspostrecord.com,credible,
wnem.com,credible,0.0
ocolly.com,credible,
apolloresearch.com,credible,
cullmantimes.com,credible,-1.0
digbr.com,credible,
indymedia.org,credible,
benzinga.com,credible,0.0
democraticmoms.com,fake,
theviralpatriot.com,credible,
michaelschwarz.com,credible,
hoss-report.blogspot.com,credible,
iptc.org,credible,
todaysheadlinenews.net,credible,
malvern-online.com,credible,
worldnewscircle.com,fake,
geopolitics.co,fake,-1.0
vocativ.com,credible,
bostonleader.com,fake,
proactiveinvestors.com,credible,
newsdaily12.com,fake,
sourcenewspapers.com,credible,
modocrecord.com,credible,
thewesterlysun.com,credible,
smobserved.com,fake,1.0
activistmommy.com,credible,
jonluton.com,credible,
journalistid.com,credible,
leftaction.com,fake,-1.0
change.org,mixed,-1.0
frankwbaker.com,credible,
darkreading.com,credible,
ifallsjournal.com,credible,
shariaunveiled.wordpress.com,credible,
globalcitizen.org,credible,
magnumphotos.com,credible,
pleasantweather.com,credible,
collider.com,credible,
holmbergphoto.com,credible,
thecitizenpress.com,credible,
grantherald.com,credible,
newsmediauk.org,credible,
govexec.com,credible,-1.0
apr.org,credible,-1.0
mediaworld.info,credible,
chuckcallesto.blogspot.com,credible,
medpagetoday.com,credible,
aina.org,mixed,1.0
christianheadlines.com,mixed,1.0
conservativewoman.co.uk,mixed,1.0
newsminer.com,credible,
bgtw.org,credible,
silverdoctors.com,fake,
santacruzrecord.com,credible,
timesfreepress.com,credible,0.0
everytownresearch.org,fake,-1.0
chicksonright.com,mixed,1.0
southfest.com,credible,
getholistichealth.com,fake,
kokomotribune.com,credible,-1.0
uspoliticsinfo.com,fake,
wooster.edu,credible,
enabon.com,fake,
thereporter.com,credible,
samuel-warde.com,credible,
actionnewsjax.com,credible,0.0
africanarguments.org,credible,-1.0
pennenergy.com,credible,
newindianexpress.com,credible,-1.0
investmentwatchblog.com,fake,1.0
allenwestrepublic.com,credible,
rupert-rivett.com,credible,
thenewrevere.com,mixed,1.0
westernmassnews.com,credible,0.0
seatrade-maritime.com,credible,
tunicatimes.com,credible,
washingtonian.com,credible,-1.0
freespeechtime.net,credible,
4029tv.com,credible,0.0
localsyr.com,credible,0.0
indiatimes.com,fake,1.0
jazzvoyeur.com,credible,
patriotbeat.com,credible,
kikecalvo.com,credible,
mediastow.com,credible,
stripes.com,credible,0.0
swansonphotography.com,credible,
jurist.org,credible,-1.0
theusa-news.com,fake,
weatherbug.com,credible,
gishgallop.com,mixed,
bigbluevision.com,credible,
davecullen.com,credible,
meridianstar.com,credible,
wc.wustl.edu,credible,
ancient-code.com,fake,
cumberlandnewsnow.com,credible,
the-guild.com.au,credible,
uspostman.com,fake,
washingtonpost.com,credible,-1.0
mcmahanphoto.com,credible,
racer.com,credible,
pravda.ru,fake,
professorbainbridge.com,credible,
sites.agu.org,credible,
goerie.com,credible,0.0
kansascity.com,credible,-1.0
thesangaiexpress.com,credible,
wkdzradio.com,credible,
victorharbortimes.com.au,credible,
byuh.edu,credible,
insidesources.com,mixed,1.0
duncanbanner.com,credible,
newsmagazine.com,fake,
fool.com,credible,-1.0
adl.org,credible,-1.0
silenceisconsent.net,credible,
wham1180.com,credible,
dailynews5.com,fake,
dailycamera.com,credible,0.0
dailypress.com,credible,1.0
tenthamendmentcenter.com,mixed,1.0
herald-zeitung.com,credible,
anchoragepress.com,credible,1.0
thecommonsenseshow.com,fake,1.0
abc-7.com,credible,
saubuzz.wordpress.com,credible,
patriotrising.com,fake,
varleypix.com,credible,
merionwest.com,credible,0.0
academia.org,mixed,1.0
hollywoodlife.com,credible,
newsexaminer.net,fake,
knightfoundation.org,credible,-1.0
inquirer.com,credible,-1.0
washtenawvoice.com,credible,
ageoficonoclasts.tripod.com,credible,
wtvq.com,credible,
theworldlink.com,credible,
youngwitness.com.au,credible,
jookos.com,credible,
mt-vernon.com,credible,
michaelbehar.com,credible,
artsjournal.com,credible,
covidtracking.com,credible,0.0
muhlenbergweekly.com,credible,
leadernewsroom.com,credible,
foodmatters.com,fake,
leemiller.co.uk,credible,
invermerevalleyecho.com,credible,
climaterealityproject.org,credible,-1.0
poughkeepsiejournal.com,credible,-1.0
goldcoastbulletin.com.au,credible,
clevelandbanner.com,credible,1.0
snow-forecast.com,credible,
militianews.com,fake,
comoxvalleyecho.com,credible,
treehugger.com,credible,-1.0
ilovenativeamericans.us,fake,
uncmirror.com,credible,
kuer.org,credible,
sott.net,fake,1.0
deseretnews.com,credible,
gizmag.com,credible,
mediatrackers.org,credible,
catholic.org,fake,1.0
4threvolutionarywar.wordpress.com,fake,
echo.net.au,credible,
20m.com,credible,
soundbitten.com,credible,
hogreve.de,credible,
workfamily.com,credible,
propertymentorgroup.com,credible,
insidermedia.com,credible,
theandersonnews.com,credible,
sealynews.com,credible,
portasouthjetty.com,credible,
thesucrusader.com,credible,
phnompenhpost.com,mixed,-1.0
mbynews.com,credible,
poststar.com,credible,0.0
wdtimes.com,credible,
dailyoccupation.com,fake,
inthefray.org,credible,
theguardian.com,mixed,-1.0
newsdirect-uk.net,credible,
channel34news.com,credible,
veteransnewsnow.com,fake,
laurinburgexchange.com,credible,
judicialwatch.org,fake,1.0
autoevolution.com,credible,
findarticles.com,credible,
ubalt.edu,credible,
gop.com,fake,1.0
jg-tc.com,credible,
gnb.ca,credible,
usc.edu,credible,
northcoastjournal.com,credible,
wfsu.org,credible,
henrymakow.com,fake,
newyorkstatesman.com,credible,
agencymh.com,credible,
centerforinquiry.net,credible,
mountaineer.bz,credible,
mindspring.com,credible,
greenbaypressgazette.com,credible,0.0
press-cuttings.com,credible,
ishootshows.com,credible,
cwa-union.org,credible,
wach.com,credible,1.0
propublica.org,credible,-1.0
mije.org,credible,
nevadadailymail.com,credible,
gpkmedia.com,credible,
californiatelegraph.com,credible,
healthyworldhouse.com,fake,
capradio.org,credible,-1.0
sapiens.org,credible,-1.0
wikileaks.org,fake,-1.0
channel17news.com,credible,
lovethispic.com,fake,
newsnet5.com,credible,
theherald-news.com,credible,
oreilly-sucks.com,credible,
pbase.com,credible,
centerforsecuritypolicy.org,fake,1.0
spikeyem.com,credible,
timesdaily.com,credible,
thebiggreen.net,credible,
borderherald.com,credible,
ahtribune.com,fake,
tomwoods.com,fake,
backroombuzz.com,credible,
arkansasbusiness.com,credible,
rudaw.net,credible,
klponews.com,credible,
fprnradio.com,fake,
dailyhive.com,credible,-1.0
countrynews.com.au,credible,
chronicle.su,mixed,
hindustantimes.com,fake,-1.0
riddel.com,credible,
breakingtop.world,fake,
statnews.com,credible,-1.0
highrivertimes.com,credible,1.0
asianreporter.com,credible,
or-politics.com,credible,
arbiteronline.com,credible,
newscorpse.com,mixed,-1.0
sgn.org,credible,
thewashingtondailynews.com,credible,
marshallindependent.com,credible,
godfatherpolitics.com,credible,
abry.de,credible,
reflector.com,credible,
davidmodell.com,credible,
providencejournal.com,credible,-1.0
thestate.com,credible,-1.0
infostormer.com,fake,
mdjonline.com,credible,
thecoastguard.ca,credible,
wionews.com,mixed,0.0
seniorbeacon.biz,credible,
themoreheadnews.com,credible,
epi.org,credible,-1.0
gwdtoday.com,credible,
athensnews.com,credible,
dundeeonline.com,credible,
northkoreatimes.com,mixed,0.0
itaglive.com,fake,
politicaldog101.com,credible,
dailycaller.com,fake,1.0
euronews.com,credible,-1.0
tomahawkleader.com,credible,
webobserver.info,credible,
outsidethebeltway.com,credible,-1.0
jaymallinphotos.com,credible,
infoscum.com,fake,-1.0
alexsanz.com,credible,
kikearnal.com,credible,
foreignpolicy.com,credible,0.0
55krc.com,credible,
whvoice.com,credible,
bleacherreport.com,credible,-1.0
ntnews.com.au,credible,
mountainx.com,credible,
zeit.de,credible,-1.0
hclocal.com,credible,
oldstrathconatimes.com,credible,
sciencevibe.com,fake,
thedailycheck.net,credible,
pressparty.com,credible,
dailytimesleader.com,credible,
thenewidealist.com,credible,
sustainablebusiness.com,credible,
redorbit.com,fake,
weekendpoliticalnews.com,fake,
bentoncourier.com,credible,
uschronicle.com,fake,
nursingtimes.net,credible,
dailyfreeman.com,credible,0.0
sooeveningnews.com,credible,-1.0
darynkagan.com,credible,
whdh.com,credible,-1.0
billionbibles.org,fake,1.0
mynextfone.co.uk,credible,
adirondackexplorer.org,credible,
buzzfeed.com,mixed,-1.0
heaviermetal.net,credible,
sumtercountytimes.com,credible,
wcnc.com,credible,0.0
dailycardinal.com,credible,
rainscountyleader.com,credible,
learntherisk.org,fake,
greatamericanrepublic.com,credible,
uswriter.com,credible,
politicsnote.com,credible,
crestonvalleyadvance.ca,credible,
pulsegulfcoast.com,credible,
ire.org,credible,0.0
dailypress.net,credible,0.0
redbluffdailynews.com,credible,0.0
westminstersc.com,credible,
greenfieldreporter.com,credible,1.0
pennlive.com,credible,-1.0
shtfplan.com,fake,1.0
getbig.com,credible,
houmatoday.com,credible,-1.0
normantranscript.com,credible,
msmlies.com,credible,
fanzinger.com,credible,
yakimaherald.com,credible,
magic-city-news.com,credible,
reidphotography.com,credible,
jea.org,credible,
patriotpost.us,fake,1.0
wcpm3.com,credible,
kuow.org,credible,-1.0
bethel.edu,credible,
athensreview.com,credible,-1.0
pollen.com,credible,
easymedialist.com,credible,
werk35.com,fake,
talesofamodernman.blogspot.com,credible,
viralpropaganda.com,credible,
williamsrecord.com,credible,
newromantimes.com,credible,
gctelegram.com,credible,0.0
dasselcokato.com,credible,
feedmeister.com,credible,
itmakessenseblog.com,fake,
mightyscribe.com,credible,
maggievanostrand.com,credible,
designltd.com,credible,
megantaylor.org,credible,
peterthompsonphoto.com,credible,
miningweekly.com,credible,
ourhealthguides.com,fake,
observernewsonline.com,credible,
minamipictures.com,credible,
caribbeanlifenews.com,credible,-1.0
adweek.com,credible,0.0
guttmacher.org,credible,-1.0
waltonian.com,credible,
fbnewscycle.com,credible,
wfmynews2.com,credible,0.0
janeqiu.co.uk,credible,
familysurvivalheadlines.com,fake,1.0
wilsontimes.com,credible,
conservativemedia.com,credible,
dpimages.com,credible,
creativetypeco.com,credible,
thedispatch.com,credible,1.0
greeleytribune.com,credible,1.0
timherrera.com,credible,
cloverdalereporter.com,credible,-1.0
isett.com,credible,
smithmountaineagle.com,credible,
tomdispatch.com,credible,-1.0
davisenterprise.com,credible,
rittenhouse.blogspot.com,credible,
edie.net,credible,
sjlendman.blogspot.com,fake,
greanvillepost.com,fake,-1.0
wgme.com,credible,1.0
ozarksfn.com,credible,
cloudgazer.com,credible,
brightside.me,fake,
berkeleyside.com,credible,-1.0
thv11.com,credible,0.0
rapidcityjournal.com,credible,0.0
thefreethoughtproject.com,fake,-1.0
entertainmentwise.com,credible,
jeffersongraham0.tripod.com,credible,
uconn.edu,credible,
magazine-directory.com,credible,
firstcoastnews.com,credible,0.0
jamedia.com,credible,
theconservativebrief.com,fake,1.0
opendemocracy.net,credible,-1.0
cnoticias.net,credible,
war-reporting.blogspot.com,credible,
ir.net,credible,
kata33.com,credible,
uiargonaut.com,credible,
avclub.com,credible,-1.0
marshfieldnewsherald.com,credible,
marshallnews.com,credible,0.0
urban.org,credible,-1.0
insidephilanthropy.com,credible,-1.0
wvpublic.org,credible,0.0
elkoshary.com,mixed,
moldea.com,credible,
nextavenue.org,credible,
soundernews.com,credible,
saobserver.net,credible,
weather.com,credible,
news-gazette.com,credible,1.0
chicago.suntimes.com,credible,-1.0
americanprinciplesproject.org,fake,1.0
fightforthefuture.org,credible,-1.0
neweurope.eu,credible,-1.0
uwaterloo.ca,credible,
greenville.edu,credible,
uncovermichigan.com,credible,
persecutes.com,fake,
sullivanmo.com,credible,
napost.com,credible,
americanoversight.org,mixed,-1.0
myfoxal.com,credible,
maddogblog.com,credible,
acpeds.org,fake,1.0
republicanssucks.org,credible,
seguingazette.com,credible,
theusaconservative.com,fake,
tidewaterreview.com,credible,
stargazette.com,credible,0.0
kwch.com,credible,0.0
cumberlink.com,credible,0.0
timesnewspapers.com,credible,
metnews.com,credible,
kaj18.com,credible,
davidwolfe.com,fake,
religiousmind.com,fake,
theconversation.com,credible,
topspeed.com,credible,
brennancenter.org,credible,-1.0
the-peak.ca,credible,
newslibrary.com,credible,
dublintribune.com,fake,
dailystar.co.uk,fake,1.0
swiftcountymonitor.com,credible,
alabamapress.org,credible,
dailysquib.co.uk,mixed,
tvnewslondon.co.uk,credible,
irishcentral.com,credible,
theusnews.com,credible,
1470wmbd.com,credible,
7news.com.au,mixed,1.0
ehow.com,credible,
bastropenterprise.com,credible,
wakeweekly.com,credible,
chaser.com.au,mixed,-1.0
siftingsherald.com,credible,
velickovic.net,credible,
sunlightfoundation.com,credible,-1.0
istockanalyst.com,credible,
kptv.com,credible,0.0
sbnewspaper.com,credible,
extranewsfeed.com,credible,
allyoucanread.com,credible,
aptn.com,credible,
82.221.129.208,fake,
eldoradospringsmo.com,credible,
hppr.org,credible,
tpr.org,credible,
channel16news.com,credible,
worldwidefeatures.com,credible,
advertiser-tribune.com,credible,
sonorannews.com,mixed,1.0
bowdoinorient.com,credible,
lowdownonline.com,credible,
badgerherald.com,credible,
michellemalkin.com,credible,
westfieldrepublican.com,credible,
thezephyr.com,credible,
adelaidenow.com.au,mixed,1.0
toddkorol.com,credible,
rasmussenreports.com,credible,1.0
liberalspeak.com,credible,
isanticountynews.com,credible,
ulladullatimes.com.au,credible,
farleftwatch.com,credible,
acuoptimist.com,credible,
cw33.com,credible,0.0
kvor.com,credible,
sciencedaily.com,credible,
tricornernews.com,credible,
geraldday.blogspot.com,credible,
keithferrisphoto.com,credible,
sturgisjournal.com,credible,-1.0
modernalternativemama.com,fake,
featurewell.com,credible,
contactmusic.com,credible,
travelwriters.co.uk,credible,
thenav.ca,credible,
abc6onyourside.com,credible,
progress-index.com,credible,
erietvnews.com,credible,
bccommunitynews.com,credible,
contactonews.com,credible,
travelmole.com,credible,
usareally.com,fake,1.0
iheartintelligence.com,fake,
hopkintonindependent.com,credible,
thecouriertimes.com,credible,1.0
nashvilleherald.com,credible,
trendingpolitics.com,fake,1.0
now8news.com,fake,
progressivefrontier.com,credible,
wics.com,credible,
centralillinoisproud.com,credible,0.0
lesliemazoch.com,credible,
libertymovementradio.com,fake,
gmu.edu,credible,
ahmedrashid.com,credible,
mediaventurepartners.com,credible,
thefranklinpress.com,credible,
arizonadailyindependent.com,mixed,1.0
articles.me.uk,credible,
conservativepapers.com,fake,1.0
pulitzercenter.org,credible,
discoverthenetworks.org,fake,1.0
bluedotdaily.com,credible,
thewallertimes.com,credible,
washingtontimes.com,fake,1.0
fpri.org,credible,1.0
farmingtonindependent.com,credible,
aberdeennews.com,credible,
700wlw.com,credible,
outlook.monmouth.edu,credible,0.0
en.mediamass.net,credible,
robconews.com,credible,
canadafactcheck.ca,mixed,-1.0
ky3.com,credible,0.0
yournewswire.com,fake,
mediumlight.com,credible,
fairfieldcitizenonline.com,credible,
paperclippartnership.co.uk,credible,
theclaytontribune.com,credible,
mesalegend.com,credible,
americanjournalreview.com,credible,
revcom.us,mixed,-1.0
financialcv.com,credible,
wptv.com,credible,0.0
musingsofachick.blogspot.com,credible,
rivera-ortiz.com,credible,
infoshop.org,credible,
yourwestvalley.com,credible,
floridasunpost.com,fake,
consciouslifenews.com,fake,-1.0
advancedbiofuelsusa.info,credible,
canowindranews.com.au,credible,
tampabay.com,credible,-1.0
mhpbooks.com,credible,
leftsideofhistory.com,credible,
greenamerica.org,credible,
channel22news.com,credible,
gop.gov,fake,1.0
investing.com,mixed,0.0
grainoftruth.ca,credible,
whoradio.com,credible,
kyodonews.jp,credible,
madison.com,credible,
wspd.com,credible,
thedigitel.com,credible,
timesunion.com,credible,-1.0
vaxxter.com,fake,1.0
americanmind.org,mixed,1.0
weconservative.com,fake,
jacobsphotographic.us,credible,
umbc.edu,credible,
onwardstate.com,credible,
nola.com,credible,-1.0
lfpress.com,credible,1.0
kwgn.com,credible,
invernessoran.ca,credible,
thenewsstar.com,credible,-1.0
shu.plus,credible,
bostonherald.com,credible,1.0
fayobserver.com,credible,0.0
newuniversity.org,credible,
states-tv.com,fake,
truthnews.com.au,credible,
americasfreedomfighters.com,fake,1.0
americanpeoplenetwork.com,fake,
mercola.com,fake,
underexposed.org.uk,credible,
lifehacker.com,credible,-1.0
irna.ir,credible,
wrdw.com,credible,0.0
weather-instruments.com,credible,
buffaloexpressnews.com,credible,
govtrack.us,credible,0.0
thewashingtonpress.com,fake,
myplainview.com,credible,
themonitor.net,credible,
noqreport.com,fake,1.0
millelacscountytimes.com,credible,
baldwinpost.com,credible,
skiweather.eu,credible,
nationaljournal.com,credible,0.0
news3lv.com,credible,1.0
celebtricity.com,mixed,
panos.co.uk,credible,
zoriah.net,credible,
alynews.com,credible,
speakmag.com,credible,
kaufmanherald.com,credible,
cpj.org,credible,0.0
wellsvilledaily.com,credible,
maplight.org,credible,-1.0
cctimesdemocrat.com,credible,0.0
goshennews.com,credible,-1.0
thenewyorkevening.com,fake,
ghionjournal.com,mixed,-1.0
thealbanynews.net,credible,
uta.fi,credible,
fortmcmurraytoday.com,credible,1.0
stillwatergazette.com,credible,
dspace.sewanee.edu,credible,
stream.org,fake,1.0
en.bbarta24.net,fake,-1.0
thesunnews.com,credible,
jingletree.com,credible,
fightpp.org,credible,
miaminewtimes.com,credible,-1.0
palestinechronicle.com,credible,-1.0
sarcajc.com,credible,
diamonds.net,credible,
cincinnati.com,credible,0.0
ageofautism.com,fake,1.0
sfgate.com,credible,-1.0
pacificresearch.org,credible,1.0
kcna.kp,fake,-1.0
pentictonherald.ca,credible,
amandaripley.com,credible,
4wx.com,credible,
talktothepress.co.uk,credible,
fastrackonline.net,credible,
kztv10.com,credible,
wncn.com,credible,
thestranger.com,credible,-1.0
mammothmountain.com,credible,
myforecast.com,credible,
govtech.com,credible,
dccircuitbreaker.org,credible,0.0
morningjournal.com,credible,0.0
inmaricopa.com,credible,
kagstv.com,credible,0.0
dmagazine.com,credible,0.0
pepperdine-graphic.com,credible,
earlhamword.tumblr.com,credible,
lonestaricon.com,credible,
uppermichiganssource.com,credible,0.0
frontiernet.net,credible,
newswise.com,credible,
zip06.com,credible,
staradvertiser.com,credible,-1.0
vanantwerp.com,credible,
thesun.co.uk,mixed,1.0
tjhsst.edu,credible,
jpupdates.com,credible,
minotstateu.edu,credible,
irishtimes.com,credible,-1.0
pal-item.com,credible,-1.0
corporatepresidency.org,credible,
kentwired.com,credible,
kwtx.com,credible,0.0
swissinfo.ch,credible,-1.0
alicetx.com,credible,
bizwest.com,credible,
thebluebanner.net,credible,
therip.com,credible,
beliefnet.com,mixed,1.0
kjrh.com,credible,0.0
sfexaminer.com,credible,-1.0
assassinationscience.com,fake,
montereyherald.com,credible,
group30.org,credible,0.0
news-daily.com,credible,
psychcentral.com,credible,
prmac.com,credible,
submitcorner.com,credible,
studionewsnetwork.com,credible,
citizentruth.org,mixed,-1.0
thenorthwindonline.com,credible,
giselle.com,credible,
kingcityrustler.com,credible,
inforum.com,credible,1.0
vsotd.com,credible,
wwgp1050.com,credible,
ecmpublishers.com,credible,
therealnews.com,credible,-1.0
triblive.com,credible,1.0
arstechnica.com,credible,0.0
ezequiel-scagnetti.com,credible,
scofieldedit.com,credible,
spiked-online.com,mixed,1.0
971talk.com,credible,
fullcoll.edu,credible,
cnntimes.online,credible,
truthandviews.com,credible,
cjnews.com,credible,
crabapple.typepad.com,credible,
examiner.ie,credible,
sleepyeyenews.com,credible,0.0
foreca.com,credible,
wtkr.com,credible,0.0
reverepress.com,credible,
hudspethcountyherald.com,credible,
photoschuh.com,credible,
tattlerextra.org,credible,
rdrnews.com,credible,
politicalmayhem.news,fake,
newspaperdrive.com,credible,
crossroadschronicle.com,credible,
bentoneveningnews.com,credible,
wrbl.com,credible,0.0
16wmpo.com,fake,
wincountry.com,credible,
everycrsreport.com,credible,0.0
autostraddle.com,credible,-1.0
uslifetoday.com,fake,
weeklypostnc.com,credible,
engagingnews.us,credible,
jamestownnews.com,credible,
anews-24.com,credible,
fas.org,credible,
stosselintheclassroom.org,credible,
uoguelph.ca,credible,
natchezdemocrat.com,credible,
readsludge.com,credible,-1.0
cortland.edu,credible,
dothaneagle.com,credible,0.0
navajotimes.com,credible,
medialibraryinc.com,credible,
biomedcentral.com,mixed,
knoe.com,credible,0.0
jaredleeds.com,credible,
yr.no,credible,
myfoxlubbock.com,credible,
populardemocracy.org,credible,-1.0
chattanoogan.com,credible,1.0
tomgriffin.org,credible,
gbtribune.com,credible,
photoshot.com,credible,
thinktwiceradio.com,credible,
eetimes.com,credible,
mlstargazette.com,credible,
keithjeffreys.com,credible,
businesslive.co.za,mixed,1.0
irishexaminer.com,credible,-1.0
inl.co.nz,credible,
brianpobuda.com,credible,
cpb.org,credible,
newhampshire.com,credible,
milanmirrorexchange.com,credible,
wwlp.com,credible,0.0
rt.com,credible,
cardinalcourieronline.com,credible,
politifeed.net,credible,
wibw.com,credible,0.0
aawsat.com,credible,
heraldsun.com.au,credible,1.0
vanderbilthustler.com,credible,
illinoispolicy.org,credible,1.0
kpbs.org,credible,
briantotin.com,credible,
mymetmedia.com,credible,
mynews3.com,credible,
jerseyeveningpost.com,credible,
russialies.com,credible,
ddgtv.com,credible,
identitytheory.com,credible,
liveaction.org,fake,1.0
mexiconewsdaily.com,credible,-1.0
neworleanscitybusiness.com,credible,
breezejmu.org,credible,
news.gallup.com,credible,0.0
thehumanist.com,credible,-1.0
kten.com,credible,
leftoverrights.com,credible,
yaleherald.com,credible,
yasstribune.com.au,credible,
yesimright.com,fake,
dailysoundandfury.com,mixed,-1.0
derfmagazine.com,mixed,
fortblissbugle.com,credible,
about.me,credible,
