domain	bias_rating	category	mbfc_ideo
9news.com	least biased	center	0.0
nbc11news.com	least biased	center	0.0
12news.com	least biased	center	0.0
wibw.com	least biased	center	0.0
wifr.com	least biased	center	0.0
247wallst.com	least biased	center	0.0
24ur.com	least biased	center	0.0
38north.org	least biased	center	0.0
audacy.com/1010wins	least biased	center	0.0
join1440.com	least biased	center	0.0
abc7chicago.com	least biased	center	0.0
abc7ny.com	least biased	center	0.0
abc12.com	least biased	center	0.0
news.abs-cbn.com	least biased	center	0.0
actionnewsjax.com	least biased	center	0.0
adfontesmedia.com	least biased	center	0.0
lenconnect.com	left-center	center	-1.0
adweek.com	least biased	center	0.0
africacheck.org	least biased	center	0.0
agdaily.com	least biased	center	0.0
afp.com/en/home	least biased	center	0.0
ansa.it	least biased	center	0.0
agerpres.ro/english	least biased	center	0.0
agweb.com	right-center	center	1.0
ahwatukee.com	least biased	center	0.0
airforcetimes.com	least biased	center	0.0
airwars.org	least biased	center	0.0
alabamanow.com	least biased	center	0.0
alreporter.com	least biased	center	0.0
democratherald.com	least biased	center	0.0
ad.nl	least biased	center	0.0
allafrica.com	least biased	center	0.0
securingdemocracy.gmfus.org	least biased	center	0.0
alloaadvertiser.com	least biased	center	0.0
thealpenanews.com	least biased	center	0.0
amarillo.com	least biased	center	0.0
americanheritage.com	least biased	center	0.0
americanpressinstitute.org	least biased	center	0.0
news.amomama.com	least biased	center	0.0
adn.com	least biased	center	0.0
independentmail.com	least biased	center	0.0
andoveradvertiser.co.uk	least biased	center	0.0
mlive.com/ann-arbor	least biased	center	0.0
arcdigital.media	least biased	center	0.0
ardrossanherald.com	least biased	center	0.0
arenacindependent.com	least biased	center	0.0
arirang.com	least biased	center	0.0
armytimes.com	least biased	center	0.0
arstechnica.com	least biased	center	0.0
courier-tribune.com	least biased	center	0.0
asiatimes.com	least biased	center	0.0
summitdaily.com	least biased	center	0.0
athensmessenger.com	least biased	center	0.0
atlasobscura.com	least biased	center	0.0
auburnpub.com	least biased	center	0.0
aap.com.au	least biased	center	0.0
avenuenews.com	least biased	center	0.0
ayradvertiser.com	least biased	center	0.0
azfamily.com	least biased	center	0.0
babnet.net	least biased	center	0.0
ballot-access.org	least biased	center	0.0
ballotpedia.org/main_page	least biased	center	0.0
barrheadnews.com	least biased	center	0.0
barryanddistrictnews.co.uk	least biased	center	0.0
basingstokegazette.co.uk	least biased	center	0.0
mlive.com/saginaw-bay-city	least biased	center	0.0
beatricedailysun.com	least biased	center	0.0
bnd.com	right-center	center	1.0
benzinga.com	least biased	center	0.0
bestlifeonline.com	least biased	center	0.0
bettergov.org	least biased	center	0.0
bicesteradvertiser.net	least biased	center	0.0
bigcountry995.com	least biased	center	0.0
bignewsnetwork.com	least biased	center	0.0
bigthink.com	least biased	center	0.0
sunherald.com	least biased	center	0.0
pressconnects.com	least biased	center	0.0
biography.com	least biased	center	0.0
bismarcktribune.com	least biased	center	0.0
us.blastingnews.com	least biased	center	0.0
bleepingcomputer.com	least biased	center	0.0
bnonews.com	least biased	center	0.0
bocapost.com	least biased	center	0.0
bonnercountydailybee.com	least biased	center	0.0
bonnersferryherald.com	least biased	center	0.0
boonvilledailynews.com	least biased	center	0.0
bordercountiesadvertizer.co.uk	least biased	center	0.0
borderreport.com	least biased	center	0.0
bordertelegraph.com	least biased	center	0.0
borehamwoodtimes.co.uk	least biased	center	0.0
bournemouthecho.co.uk	least biased	center	0.0
bozemandailychronicle.com	least biased	center	0.0
bracknellnews.co.uk	least biased	center	0.0
thetelegraphandargus.co.uk	least biased	center	0.0
braintreeandwithamtimes.co.uk	least biased	center	0.0
brentwoodlive.co.uk	least biased	center	0.0
bridgemi.com	left-center	center	-1.0
bridgwatermercury.co.uk	least biased	center	0.0
bridportnews.co.uk	least biased	center	0.0
bringmethenews.com	least biased	center	0.0
heraldcourier.com	least biased	center	0.0
bromsgroveadvertiser.co.uk	least biased	center	0.0
theeagle.com	least biased	center	0.0
bucksfreepress.co.uk	least biased	center	0.0
thebuffalocentertribune.com	least biased	center	0.0
buffalonews.com	least biased	center	0.0
bullshido.net	least biased	center	0.0
shawlocal.com/bureau-county-republican	least biased	center	0.0
burnettcountysentinel.com		center	0.0
burnhamandhighbridgeweeklynews.co.uk	least biased	center	0.0
burytimes.co.uk	least biased	center	0.0
business2community.com	least biased	center	0.0
butlercountytimesgazette.com	least biased	center	0.0
butlercountytribune.com	least biased	center	0.0
c-span.org	least biased	center	0.0
calmarcourier.com	least biased	center	0.0
somdnews.com/recorder	least biased	center	0.0
cpac.ca/en	least biased	center	0.0
canoncitydailyrecord.com	least biased	center	0.0
capecodtimes.com	least biased	center	0.0
capecoralbreeze.com	least biased	center	0.0
capitolfax.com	least biased	center	0.0
carrollconews.com	least biased	center	0.0
trib.com	least biased	center	0.0
castanet.net	least biased	center	0.0
tucsonlocalmedia.com/foothillsnews	least biased	center	0.0
philadelphia.cbslocal.com	least biased	center	0.0
cdt.org	least biased	center	0.0
opensecrets.org	least biased	center	0.0
csis.org	least biased	center	0.0
centralfifetimes.com	least biased	center	0.0
myeasternshoremd.com/qa/record_observer	left-center	center	-1.0
chandlernews.com	least biased	center	0.0
postregister.com/messenger	least biased	center	0.0
channelnewsasia.com	least biased	center	0.0
chardandilminsternews.co.uk	least biased	center	0.0
charitynavigator.org	least biased	center	0.0
chathamhouse.org	least biased	center	0.0
timesfreepress.com	least biased	center	0.0
thelandmark.com	least biased	center	0.0
chelmsfordweeklynews.co.uk	least biased	center	0.0
chesterstandard.co.uk	least biased	center	0.0
chicoer.com	least biased	center	0.0
chillicothenews.com	least biased	center	0.0
chinookobserver.com	least biased	center	0.0
chippewa.com	least biased	center	0.0
csmonitor.com	least biased	center	0.0
cincinnati.com	least biased	center	0.0
calgary.citynews.ca	least biased	center	0.0
edmonton.citynews.ca	least biased	center	0.0
halifax.citynews.ca	least biased	center	0.0
kitchener.citynews.ca	least biased	center	0.0
montreal.citynews.ca	least biased	center	0.0
ottawa.citynews.ca	least biased	center	0.0
toronto.citynews.ca	least biased	center	0.0
vancouver.citynews.ca	least biased	center	0.0
winnipeg.citynews.ca	least biased	center	0.0
clactonandfrintongazette.co.uk	least biased	center	0.0
clarindaherald.com	least biased	center	0.0
cctimesdemocrat.com	least biased	center	0.0
claytodayonline.com	least biased	center	0.0
claytonrecord.com	least biased	center	0.0
clreporter.com	least biased	center	0.0
clydebankpost.co.uk	least biased	center	0.0
columbustelegram.com	least biased	center	0.0
cnet.com	least biased	center	0.0
cdapress.com	least biased	center	0.0
ced.org	least biased	center	0.0
cpj.org	least biased	center	0.0
communityimpact.com	least biased	center	0.0
comparitech.com	least biased	center	0.0
independenttribune.com	least biased	center	0.0
concordmonitor.com	least biased	center	0.0
congress.gov	least biased	center	0.0
cbo.gov	least biased	center	0.0
constitutioncenter.org	least biased	center	0.0
consumerreports.org	least biased	center	0.0
cookcountynews-herald.com	least biased	center	0.0
cookpolitical.com	least biased	center	0.0
cotswoldjournal.co.uk	least biased	center	0.0
corriere.it	least biased	center	0.0
coronavirus.gov	least biased	center	0.0
gazettetimes.com	least biased	center	0.0
cfr.org	least biased	center	0.0
countable.com	least biased	center	0.0
countryliving.com	least biased	center	0.0
courthousenews.com	least biased	center	0.0
courttv.com	least biased	center	0.0
covidtracking.com	least biased	center	0.0
cp24.com	least biased	center	0.0
craigdailypress.com	least biased	center	0.0
crainscleveland.com	least biased	center	0.0
crainsdetroit.com	least biased	center	0.0
cravenherald.co.uk	least biased	center	0.0
crestonnews.com	least biased	center	0.0
crookstontimes.com	least biased	center	0.0
cruxnow.com	least biased	center	0.0
ctvnews.ca	least biased	center	0.0
starexponent.com	least biased	center	0.0
cumnockchronicle.com	least biased	center	0.0
dccircuitbreaker.org	least biased	center	0.0
law.com/dailybusinessreview	least biased	center	0.0
dailycamera.com	least biased	center	0.0
messengernews.net	least biased	center	0.0
dailyinterlake.com	least biased	center	0.0
daily-journal.com		center	0.0
dailyjournalonline.com	least biased	center	0.0
dailymaverick.co.za	least biased	center	0.0
nonpareilonline.com	least biased	center	0.0
dailyrecord.com	least biased	center	0.0
godanriver.com	least biased	center	0.0
darientimes.com	least biased	center	0.0
daytondailynews.com	least biased	center	0.0
defensenews.com	least biased	center	0.0
defenseone.com	least biased	center	0.0
shawlocal.com/daily-chronicle	least biased	center	0.0
delcotimes.com	least biased	center	0.0
delawarelive.com	least biased	center	0.0
dbrnews.com	least biased	center	0.0
dentonrc.com	least biased	center	0.0
desmoinesregister.com	least biased	center	0.0
standaard.be	least biased	center	0.0
detik.com	least biased	center	0.0
differencebetween.net	least biased	center	0.0
digi24.ro	least biased	center	0.0
digitaljournal.com	least biased	center	0.0
qconline.com	least biased	center	0.0
dmagazine.com	least biased	center	0.0
doctorswithoutborders.org	least biased	center	0.0
dodgeglobe.com	least biased	center	0.0
dorsetecho.co.uk	least biased	center	0.0
dothaneagle.com	least biased	center	0.0
dpa.com	least biased	center	0.0
ladowntownnews.com	least biased	center	0.0
dudleynews.co.uk	least biased	center	0.0
duluthnewstribune.com	least biased	center	0.0
dumbartonreporter.co.uk	least biased	center	0.0
theeaglegroveeagle.com	least biased	center	0.0
eagletribune.com	least biased	center	0.0
yourobserver.com/east-county	least biased	center	0.0
edp24.co.uk	least biased	center	0.0
eastidahonews.com	least biased	center	0.0
eastvalleytribune.com	least biased	center	0.0
eatthis.com	least biased	center	0.0
leadertelegram.com	least biased	center	0.0
shawlocal.com	least biased	center	0.0
eldoranewspapers.com	least biased	center	0.0
elkodaily.com	least biased	center	0.0
stargazette.com	least biased	center	0.0
elnuevodia.com/english	least biased	center	0.0
yoursun.com/englewood	least biased	center	0.0
goerie.com	least biased	center	0.0
news.err.ee	least biased	center	0.0
dailypress.net	least biased	center	0.0
echo-news.co.uk	least biased	center	0.0
eurasiagroup.net	left-center	center	-1.0
times-standard.com	least biased	center	0.0
everycrsreport.com	least biased	center	0.0
factcheck.org	least biased	center	0.0
factwire.org	least biased	center	0.0
fairmontsentinel.com	least biased	center	0.0
fayobserver.com	least biased	center	0.0
federalnewsnetwork.com	least biased	center	0.0
federaltimes.com	least biased	center	0.0
ft.com	least biased	center	0.0
firstcoastnews.com	least biased	center	0.0
firstdraftnews.org	least biased	center	0.0
sentinelandenterprise.com	least biased	center	0.0
mlive.com/flint	least biased	center	0.0
floridapolitics.com	least biased	center	0.0
jacksonville.com	left-center	center	-1.0
foreignaffairs.com	least biased	center	0.0
foreignpolicy.com	least biased	center	0.0
shawlocal.com/ogle-county-news	least biased	center	0.0
ftleavenworthlamp.com	least biased	center	0.0
fortmorgantimes.com	least biased	center	0.0
fosters.com	least biased	center	0.0
fourstateshomepage.com	least biased	center	0.0
france24.com/en	least biased	center	0.0
thefranklinnewspost.com	least biased	center	0.0
fredericksburg.com	least biased	center	0.0
fredericknewspost.com	least biased	center	0.0
fremonttribune.com	least biased	center	0.0
advocate-news.com	least biased	center	0.0
fullfact.org	least biased	center	0.0
news.gallup.com	least biased	center	0.0
gctelegram.com	least biased	center	0.0
garnerleader.com	least biased	center	0.0
geek.com	least biased	center	0.0
geekwire.com	least biased	center	0.0
gilbertsunnews.com	least biased	center	0.0
sun-courier.com	least biased	center	0.0
gladstonedispatch.com	least biased	center	0.0
glendalestar.com	least biased	center	0.0
postindependent.com	least biased	center	0.0
globalintegrity.org	least biased	center	0.0
globalsecurity.org	least biased	center	0.0
globalslaveryindex.org	least biased	center	0.0
globegazette.com	least biased	center	0.0
goodnewsnetwork.org	least biased	center	0.0
gao.gov	least biased	center	0.0
govtrack.us	least biased	center	0.0
granitefallsnews.com	least biased	center	0.0
thegraftonnews.com	least biased	center	0.0
theindependent.com	least biased	center	0.0
graydc.com	least biased	center	0.0
greatfallstribune.com	least biased	center	0.0
greenbaypressgazette.com	least biased	center	0.0
greenvilleonline.com	least biased	center	0.0
ground.news	least biased	center	0.0
group30.org	least biased	center	0.0
presstelegram.com/the-grunion	least biased	center	0.0
news.ycombinator.com	least biased	center	0.0
standardspeaker.com	least biased	center	0.0
hiawathaworldonline.com	least biased	center	0.0
hamburgreporter.com	least biased	center	0.0
journal-news.com	least biased	center	0.0
hamptonchronicle.com	least biased	center	0.0
hanfordsentinel.com	least biased	center	0.0
hbr.org	least biased	center	0.0
news.harvard.edu	least biased	center	0.0
hastingstribune.com	least biased	center	0.0
hdnews.net	least biased	center	0.0
healthcarefinancenews.com	least biased	center	0.0
herald-review.com	least biased	center	0.0
heritagedaily.com	least biased	center	0.0
dailybreeze.com	least biased	center	0.0
heterodoxacademy.org	least biased	center	0.0
hickoryrecord.com	least biased	center	0.0
holsteinadvance.com	least biased	center	0.0
homelandsecuritynewswire.com	least biased	center	0.0
howstuffworks.com	least biased	center	0.0
howtogeek.com	least biased	center	0.0
i24news.tv	least biased	center	0.0
idacountycourier.com	least biased	center	0.0
postregister.com	least biased	center	0.0
idahostatesman.com	least biased	center	0.0
inc.com	least biased	center	0.0
examiner.net	least biased	center	0.0
helenair.com	least biased	center	0.0
ivn.us	least biased	center	0.0
indexmundi.com	least biased	center	0.0
indystar.com	least biased	center	0.0
dailybulletin.com	least biased	center	0.0
iwpr.org	least biased	center	0.0
icij.org	least biased	center	0.0
iea.org	least biased	center	0.0
cambridge.org/core/journals/international-organization	least biased	center	0.0
ipi.media	least biased	center	0.0
rescue.org	least biased	center	0.0
ire.org	least biased	center	0.0
investing.com	least biased	center	0.0
investopedia.com	least biased	center	0.0
ipsos.com	least biased	center	0.0
ironmountaindailynews.com	least biased	center	0.0
mlive.com/jackson	least biased	center	0.0
jaxdailyrecord.com	least biased	center	0.0
janes.com	least biased	center	0.0
japantimes.co.jp	least biased	center	0.0
newtondailynews.com/jasper-county-tribune	least biased	center	0.0
jdsupra.com	least biased	center	0.0
jta.org	least biased	center	0.0
journalgazette.net	least biased	center	0.0
justia.com	least biased	center	0.0
justicedenied.org	least biased	center	0.0
kaaltv.com	least biased	center	0.0
abc7.com	least biased	center	0.0
kadn.com	least biased	center	0.0
kagstv.com	least biased	center	0.0
kait8.com	least biased	center	0.0
mlive.com/kalamazoo	least biased	center	0.0
kalb.com	least biased	center	0.0
everythinglubbock.com	least biased	center	0.0
myhighplains.com	least biased	center	0.0
shawlocal.com/kane-county-chronicle	least biased	center	0.0
yaktrinews.com	least biased	center	0.0
myarklamiss.com	least biased	center	0.0
kare11.com	least biased	center	0.0
kark.com	least biased	center	0.0
katc.com	least biased	center	0.0
alaskasnewssource.com	least biased	center	0.0
newschannel6now.com	least biased	center	0.0
crossroadstoday.com	least biased	center	0.0
kbjr6.com	least biased	center	0.0
12newsnow.com	least biased	center	0.0
kbtx.com	least biased	center	0.0
siouxlandproud.com	least biased	center	0.0
kcbd.com	least biased	center	0.0
kcci.com	least biased	center	0.0
thedenverchannel.com	least biased	center	0.0
kcentv.com	least biased	center	0.0
newspressnow.com	least biased	center	0.0
kcrg.com	least biased	center	0.0
q13fox.com	least biased	center	0.0
kcra.com	least biased	center	0.0
kctv5.com	least biased	center	0.0
wyomingnewsnow.tv	least biased	center	0.0
cw33.com	least biased	center	0.0
cbs4local.com	right-center	center	1.0
fox4news.com	least biased	center	0.0
kdrv.com	least biased	center	0.0
kdvr.com	least biased	center	0.0
kearneyhub.com	least biased	center	0.0
keloland.com	least biased	center	0.0
shawlocal.com/kendall-county-now	least biased	center	0.0
kens5.com	least biased	center	0.0
myeasternshoremd.com/qa	least biased	center	0.0
turnto23.com	least biased	center	0.0
kesq.com	least biased	center	0.0
ketk.com	least biased	center	0.0
ketv.com	least biased	center	0.0
blackhillsfox.com	least biased	center	0.0
keyc.com	least biased	center	0.0
cbsaustin.com	right-center	center	1.0
keyt.com	least biased	center	0.0
keysnews.com	least biased	center	0.0
kezi.com	least biased	center	0.0
nonstoplocal.com/great-falls-helena	least biased	center	0.0
newschannel10.com	least biased	center	0.0
texomashomepage.com	least biased	center	0.0
cbs8.com	least biased	center	0.0
nwahomepage.com	least biased	center	0.0
kfvs12.com	least biased	center	0.0
kfyrtv.com	least biased	center	0.0
kget.com	least biased	center	0.0
hawaiinewsnow.com	least biased	center	0.0
kgns.tv	least biased	center	0.0
yourcentralvalley.com	least biased	center	0.0
10news.com	least biased	center	0.0
kgun9.com	least biased	center	0.0
kgw.com	least biased	center	0.0
4029tv.com	least biased	center	0.0
khits.com	least biased	center	0.0
yourbigsky.com	least biased	center	0.0
khon2.com	least biased	center	0.0
khou.com	least biased	center	0.0
nonstoplocal.com/spokane	least biased	center	0.0
actionnewsnow.com	least biased	center	0.0
cw39.com	least biased	center	0.0
myfoxzone.com	least biased	center	0.0
kiem-tv.com	least biased	center	0.0
localnews8.com	least biased	center	0.0
kiiitv.com	least biased	center	0.0
knopnews2.com	least biased	center	0.0
kimt.com	least biased	center	0.0
king5.com	least biased	center	0.0
dailyfreeman.com	least biased	center	0.0
kion546.com	least biased	center	0.0
kiowacountysignal.com	least biased	center	0.0
kiplinger.com	least biased	center	0.0
kiro7.com	least biased	center	0.0
kitv.com	least biased	center	0.0
kivitv.com	least biased	center	0.0
kjct8.com	least biased	center	0.0
kjrh.com	least biased	center	0.0
kktv.com	least biased	center	0.0
8newsnow.com	least biased	center	0.0
klax-tv.com	least biased	center	0.0
klfy.com	least biased	center	0.0
ourquadcities.com	least biased	center	0.0
fox16.com	least biased	center	0.0
kltv.com	least biased	center	0.0
kmbc.com	least biased	center	0.0
yourbasin.com	least biased	center	0.0
abc17news.com	least biased	center	0.0
kmov.com	least biased	center	0.0
nbcnebraskascottsbluff.com	least biased	center	0.0
3newsnow.com	least biased	center	0.0
kmvt.com	least biased	center	0.0
nonstoplocal.com/tri-cities-yakima	least biased	center	0.0
knoe.com	least biased	center	0.0
1011np.com	least biased	center	0.0
knowyourmeme.com	least biased	center	0.0
knowherenews.com		center	0.0
knoxnews.com	least biased	center	0.0
abc15.com	least biased	center	0.0
koaa.com	least biased	center	0.0
koamnewsnow.com	least biased	center	0.0
koat.com	least biased	center	0.0
kob.com	least biased	center	0.0
koin.com	least biased	center	0.0
fox23.com	least biased	center	0.0
kold.com	least biased	center	0.0
1011now.com	least biased	center	0.0
kolotv.com	least biased	center	0.0
ozarksfirst.com	least biased	center	0.0
kompas.com	least biased	center	0.0
cbs7.com	least biased	center	0.0
kotatv.com	least biased	center	0.0
newson6.com	least biased	center	0.0
kpax.com	least biased	center	0.0
kristv.com	least biased	center	0.0
kplctv.com	least biased	center	0.0
click2houston.com	least biased	center	0.0
kptv.com	least biased	center	0.0
kpvi.com	least biased	center	0.0
bigcountryhomepage.com	least biased	center	0.0
krdo.com	least biased	center	0.0
krem.com	least biased	center	0.0
fox26houston.com	least biased	center	0.0
kron4.com	least biased	center	0.0
krqe.com	least biased	center	0.0
krtv.com	least biased	center	0.0
ksat.com	least biased	center	0.0
fox10phoenix.com	least biased	center	0.0
ksbw.com	least biased	center	0.0
ksdk.com	least biased	center	0.0
dakotanewsnow.com	least biased	center	0.0
kshb.com	least biased	center	0.0
ksl.com	least biased	center	0.0
ksla.com	least biased	center	0.0
ksnblocal4.com	least biased	center	0.0
ksnt.com	least biased	center	0.0
ksn.com	least biased	center	0.0
ky3.com	least biased	center	0.0
kstp.com	least biased	center	0.0
fox13now.com	least biased	center	0.0
fox5sandiego.com	least biased	center	0.0
kswo.com	least biased	center	0.0
arklatexhomepage.com	least biased	center	0.0
fox7austin.com	least biased	center	0.0
ktbs.com	least biased	center	0.0
ktvb.com	least biased	center	0.0
ktiv.com	least biased	center	0.0
ktla.com	least biased	center	0.0
nonstoplocal.com/missoula	least biased	center	0.0
ktnv.com	least biased	center	0.0
ktre.com	least biased	center	0.0
ktsm.com	least biased	center	0.0
kttc.com	least biased	center	0.0
foxla.com	least biased	center	0.0
webcenterfairbanks.com	least biased	center	0.0
ktvh.com	least biased	center	0.0
fox2now.com	least biased	center	0.0
ktvq.com	least biased	center	0.0
ktvu.com	least biased	center	0.0
abc4.com	least biased	center	0.0
ktvz.com	least biased	center	0.0
fox40.com	least biased	center	0.0
nonstoplocal.com/billings	least biased	center	0.0
valleycentral.com	least biased	center	0.0
kvia.com	least biased	center	0.0
kvoa.com	least biased	center	0.0
kvue.com	least biased	center	0.0
fox5vegas.com	least biased	center	0.0
kwch.com	least biased	center	0.0
newswest9.com	least biased	center	0.0
fox44news.com	least biased	center	0.0
weau.com	least biased	center	0.0
news9.com	least biased	center	0.0
kwtx.com	least biased	center	0.0
kwwl.com	least biased	center	0.0
nonstoplocal.com/butte-bozeman	least biased	center	0.0
kxan.com	least biased	center	0.0
kxii.com	least biased	center	0.0
kxlf.com	least biased	center	0.0
kxlh.com	least biased	center	0.0
kxly.com	least biased	center	0.0
kxnet.com	least biased	center	0.0
fox21news.com	least biased	center	0.0
abc10.com	least biased	center	0.0
kxxv.com	least biased	center	0.0
kyma.com	least biased	center	0.0
kyoutv.com	least biased	center	0.0
cbs19.tv	least biased	center	0.0
lacrossetribune.com	least biased	center	0.0
ledevoir.com	least biased	center	0.0
lahainanews.com	least biased	center	0.0
thegraphic-advocate.com	least biased	center	0.0
lakecountypress.news	least biased	center	0.0
record-bee.com	least biased	center	0.0
lakegenevanews.net	least biased	center	0.0
hometownsource.com/sun_thisweek	left-center	leftcenter	-1.0
lalibre.be	least biased	center	0.0
lancashiretelegraph.co.uk	least biased	center	0.0
thereporteronline.com	least biased	center	0.0
lansingstatejournal.com	least biased	center	0.0
shawlocal.com/news-tribune	least biased	center	0.0
shawlocal.com/mywebtimes	least biased	center	0.0
lcsun-news.com	least biased	center	0.0
law.com	least biased	center	0.0
law360.com	least biased	center	0.0
lawfareblog.com	least biased	center	0.0
www2.ljworld.com	least biased	center	0.0
leadstories.com	least biased	center	0.0
shawlocal.com/lake-county-journal	least biased	center	0.0
ogdenreporter.com	least biased	center	0.0
leavenworthtimes.com	least biased	center	0.0
ldnews.com	least biased	center	0.0
lebanon-express.com	least biased	center	0.0
ledroit.com	least biased	center	0.0
wellingtondailynews.com	least biased	center	0.0
lesoir.be	least biased	center	0.0
lexch.com	least biased	center	0.0
journalstar.com	least biased	center	0.0
linncountyleader.com	least biased	center	0.0
lrt.lt/en/news-in-english	least biased	center	0.0
liveuamap.com	least biased	center	0.0
lancasteronline.com	least biased	center	0.0
logically.ai	least biased	center	0.0
lompocrecord.com	least biased	center	0.0
presstelegram.com	least biased	center	0.0
yourobserver.com/longboat-key	least biased	center	0.0
timescall.com	least biased	center	0.0
news-journal.com	least biased	center	0.0
morningjournal.com	least biased	center	0.0
reporterherald.com	least biased	center	0.0
lovelycitizen.com	least biased	center	0.0
lowellsun.com	least biased	center	0.0
newsadvance.com	least biased	center	0.0
macombdaily.com	least biased	center	0.0
macrotrends.net	least biased	center	0.0
madridregisternews.com	least biased	center	0.0
makeuseof.com	least biased	center	0.0
mapleridgenews.com	left-center	center	-1.0
tucsonlocalmedia.com/marana	least biased	center	0.0
marinij.com	least biased	center	0.0
marshallnews.com	least biased	center	0.0
emountainwave.com	least biased	center	0.0
timesrepublican.com	least biased	center	0.0
martinsvillebulletin.com	least biased	center	0.0
mcdowellnews.com	least biased	center	0.0
mcphersonsentinel.com	least biased	center	0.0
mediapost.com	least biased	center	0.0
memeorandum.com	least biased	center	0.0
commercialappeal.com	least biased	center	0.0
mendocinobeacon.com	least biased	center	0.0
mentalfloss.com		center	0.0
myrecordjournal.com	least biased	center	0.0
merionwest.com	least biased	center	0.0
themesatribune.com	least biased	center	0.0
metrowestdailynews.com	least biased	center	0.0
newsnationnow.com	least biased	center	0.0
republic-online.com	least biased	center	0.0
military.com	least biased	center	0.0
militarytimes.com	least biased	center	0.0
millburysutton.com	least biased	center	0.0
livemint.com	least biased	center	0.0
missoulian.com	least biased	center	0.0
mlive.com	least biased	center	0.0
modernhealthcare.com	least biased	center	0.0
outlooknewspaper.com	least biased	center	0.0
monroenews.com	left-center	center	-1.0
thenewsstar.com	left-center	center	-1.0
mtstandard.com	least biased	center	0.0
montenews.com	least biased	center	0.0
mooresvilletribune.com	least biased	center	0.0
morganton.com	least biased	center	0.0
morningconsult.com	least biased	center	0.0
shawlocal.com/morris-herald-news	least biased	center	0.0
flippinonline.com	least biased	center	0.0
themorningsun.com	least biased	center	0.0
munisingbeacon.com	least biased	center	0.0
muscatinejournal.com	least biased	center	0.0
mlive.com/news/muskegon	least biased	center	0.0
mynewsla.com	least biased	center	0.0
napavalleyregister.com	least biased	center	0.0
nber.org	least biased	center	0.0
ncsl.org		center	0.0
followthemoney.org	least biased	center	0.0
nationaljournal.com	least biased	center	0.0
nationmaster.com	least biased	center	0.0
navytimes.com	least biased	center	0.0
ncnewspress.com	least biased	center	0.0
theneed2know.com		center	0.0
newarkpostonline.com	least biased	center	0.0
necn.com	least biased	center	0.0
newfolks.com	least biased	center	0.0
nzherald.co.nz	least biased	center	0.0
newsandnews.com	least biased	center	0.0
kfor.com	least biased	center	0.0
nfn	least biased	center	0.0
newslookup.com	least biased	center	0.0
news24.com	least biased	center	0.0
newsela.com	least biased	center	0.0
newsguardtech.com	least biased	center	0.0
newsnetmedia.com	least biased	center	0.0
newsnow.co.uk	least biased	center	0.0
nst.com.my		center	0.0
newtondailynews.com	least biased	center	0.0
nujournal.com	least biased	center	0.0
nextgov.com	least biased	center	0.0
nknews.org	least biased	center	0.0
nolabels.org	least biased	center	0.0
noozhawk.com	least biased	center	0.0
norfolkdailynews.com	least biased	center	0.0
timesherald.com	least biased	center	0.0
northkoreatimes.com	least biased	center	0.0
nptelegraph.com	least biased	center	0.0
yoursun.com/northport	least biased	center	0.0
northtamatelegraph.com	least biased	center	0.0
nwfdailynews.com	least biased	center	0.0
shawlocal.com/northwest-herald	least biased	center	0.0
nwitimes.com	least biased	center	0.0
novinite.com	least biased	center	0.0
theoaklandpress.com	least biased	center	0.0
ogemawherald.com	least biased	center	0.0
ontheissues.org	least biased	center	0.0
oanow.com	least biased	center	0.0
openmindmag.org	least biased	center	0.0
oregonlive.com	least biased	center	0.0
ormondbeachobserver.com	least biased	center	0.0
orovillemr.com	least biased	center	0.0
osceolaiowa.com	least biased	center	0.0
oscodaherald.com	least biased	center	0.0
ottawaherald.com	least biased	center	0.0
oxfordmail.co.uk	least biased	center	0.0
oyez.org	least biased	center	0.0
guampdn.com	least biased	center	0.0
pa.media	least biased	center	0.0
parkersburgeclipse.com	least biased	center	0.0
parkrecord.com	least biased	center	0.0
pasadenastarnews.com	least biased	center	0.0
patch.com	least biased	center	0.0
patheos.com	least biased	center	0.0
pnj.com	least biased	center	0.0
pjstar.com	least biased	center	0.0
peoriatimes.com	least biased	center	0.0
pgpf.org	least biased	center	0.0
piie.com	least biased	center	0.0
pewresearch.org	least biased	center	0.0
placesjournal.org	least biased	center	0.0
plus.maths.org	least biased	center	0.0
starheraldnews.com	least biased	center	0.0
poconorecord.com	least biased	center	0.0
politicalwire.com	least biased	center	0.0
politicshome.com	least biased	center	0.0
polygraph.info		center	0.0
pontevedrarecorder.com	least biased	center	0.0
yoursun.com	least biased	center	0.0
postvilleherald.com	least biased	center	0.0
pottsmerc.com	least biased	center	0.0
republicanherald.com	least biased	center	0.0
countytimes.co.uk	least biased	center	0.0
poynter.org	least biased	center	0.0
prnewswire.com	least biased	center	0.0
shawlocal.com/prairie-advocate	least biased	center	0.0
pratttribune.com	least biased	center	0.0
pressofatlanticcity.com	least biased	center	0.0
pressreader.com	least biased	center	0.0
procon.org	least biased	center	0.0
publicpolicypolling.com		center	0.0
prri.org		center	0.0
punchbowl.news	least biased	center	0.0
yoursun.com/puntagorda	least biased	center	0.0
shawlocal.com/putnam-county-record	least biased	center	0.0
qctimes.com		center	0.0
queencreektribune.com	least biased	center	0.0
journaltimes.com	least biased	center	0.0
audacy.com	least biased	center	0.0
rferl.org	least biased	center	0.0
rainylakegazette.com	least biased	center	0.0
rand.org	least biased	center	0.0
ranker.com	least biased	center	0.0
rapidcityjournal.com		center	0.0
ravallirepublic.com	least biased	center	0.0
recode.net/ : vox.com/recode		center	0.0
redding.com	left-center	center	-1.0
redbluffdailynews.com	least biased	center	0.0
redlandsdailyfacts.com	least biased	center	0.0
redwoodfallsgazette.com	least biased	center	0.0
rsf.org/en	least biased	center	0.0
reporterslab.org	least biased	center	0.0
repustar.com	least biased	center	0.0
reuters.com	least biased	center	0.0
rexburgstandardjournal.com	least biased	center	0.0
rfi.fr/en	least biased	center	0.0
riverbender.com	least biased	center	0.0
riverdalepress.com	least biased	center	0.0
rnz.co.nz	least biased	center	0.0
roanoke.com		center	0.0
rocanews.com	least biased	center	0.0
rollcall.com	least biased	center	0.0
rte.ie	least biased	center	0.0
ruidosonews.com	least biased	center	0.0
russiamatters.org	least biased	center	0.0
sandiegouniontribune.com		center	0.0
sgvtribune.com	least biased	center	0.0
ksby.com	least biased	center	0.0
sanmarcosrecord.com		center	0.0
santacruzsentinel.com	least biased	center	0.0
santamariatimes.com		center	0.0
santansun.com	least biased	center	0.0
heraldtribune.com		center	0.0
yourobserver.com/sarasota	least biased	center	0.0
shawlocal.com/sauk-valley	least biased	center	0.0
sayfiereview.com	least biased	center	0.0
sciencedebate.org		center	0.0
scoopnest.com		center	0.0
starherald.com	least biased	center	0.0
scottsdaleairpark.com	least biased	center	0.0
scottsdale.org	least biased	center	0.0
scotusblog.com	least biased	center	0.0
thetimes-tribune.com	least biased	center	0.0
semafor.com	least biased	center	0.0
shareably.net	least biased	center	0.0
valleynewstoday.com	least biased	center	0.0
shorensteincenter.org	least biased	center	0.0
shoshonenewspress.com	least biased	center	0.0
shreveporttimes.com		center	0.0
sierrasun.com	least biased	center	0.0
sigourneynewsreview.com	least biased	center	0.0
simplepolitics.co.uk	least biased	center	0.0
siouxcityjournal.com	left-center	center	-1.0
skyhinews.com	least biased	center	0.0
news.sky.com	least biased	center	0.0
sleepyeyenews.com	least biased	center	0.0
smartnews.com/en	least biased	center	0.0
aspentimes.com/snowmass	least biased	center	0.0
socialmediatoday.com	least biased	center	0.0
southbendtribune.com	least biased	center	0.0
dailyecho.co.uk	least biased	center	0.0
sun-sentinel.com	least biased	center	0.0
southmissouriannews.com	least biased	center	0.0
southwalesargus.co.uk	least biased	center	0.0
orangeobserver.com/southwest-orange	least biased	center	0.0
swtimes.com	least biased	center	0.0
spectrumlocalnews.com/splash	least biased	center	0.0
ny1.com/nyc/all-boroughs	least biased	center	0.0
springfieldnewssun.com	least biased	center	0.0
spotlightpa.org	least biased	center	0.0
stacker.com	least biased	center	0.0
sctimes.com	least biased	center	0.0
stjamesnews.com	least biased	center	0.0
stripes.com	least biased	center	0.0
silive.com	least biased	center	0.0
statesmanjournal.com	least biased	center	0.0
statesville.com	least biased	center	0.0
statista.com	least biased	center	0.0
steamboatpilot.com	least biased	center	0.0
journal-advocate.com	least biased	center	0.0
stimson.org	least biased	center	0.0
sjnewsonline.com	least biased	center	0.0
strategypage.com	least biased	center	0.0
stratfor.com		center	0.0
studyfinds.org	least biased	center	0.0
cecildaily.com/susquehanna_press	least biased	center	0.0
swvatoday.com	least biased	center	0.0
tagesschau.de	least biased	center	0.0
tahoedailytribune.com	least biased	center	0.0
tamatoledonews.com	least biased	center	0.0
techspot.com	least biased	center	0.0
telegram.com	least biased	center	0.0
thefoothillsfocus.com	least biased	center	0.0
texasstandard.org	least biased	center	0.0
tetonvalleynews.net	least biased	center	0.0
thatsnonsense.com	least biased	center	0.0
theangle.digitaltrends.com	least biased	center	0.0
argonautnews.com	least biased	center	0.0
afr.com	right-center	center	1.0
thebalance.com	least biased	center	0.0
sasktoday.ca/north/battlefords-news-optimist	least biased	center	0.0
dailybreeze.com/the-beach-reporter	least biased	center	0.0
thebulltulsa.com	least biased	center	0.0
thecanadianpress.com	least biased	center	0.0
cepr.org	least biased	center	0.0
thecipherbrief.com	least biased	center	0.0
columbian.com	least biased	center	0.0
theconversation.com/us	least biased	center	0.0
daily-chronicle.com	least biased	center	0.0
dailygazette.com	least biased	center	0.0
tdn.com	least biased	center	0.0
dailynorthwestern.com		center	0.0
dailyprogress.com	least biased	center	0.0
thedebrief.org	least biased	center	0.0
defconwarningsystem.com	least biased	center	0.0
thediplomat.com	least biased	center	0.0
929thedrive.com	least biased	center	0.0
economist.com	least biased	center	0.0
thefencepost.com	least biased	center	0.0
theflipside.io	least biased	center	0.0
hjnews.com	least biased	center	0.0
heraldnews.com	least biased	center	0.0
herald-dispatch.com	least biased	center	0.0
heraldsun.com	least biased	center	0.0
thehill.com	least biased	center	0.0
jamestown.org	least biased	center	0.0
postregister.com/star	least biased	center	0.0
jordantimes.com	least biased	center	0.0
the-journal.com	least biased	center	0.0
journalstandard.com	least biased	center	0.0
macon.com	least biased	center	0.0
themanual.com	least biased	center	0.0
mariettatimes.com	least biased	center	0.0
themarshallproject.org	least biased	center	0.0
memepoliceman.com	least biased	center	0.0
shawlocal.com/midweek-news	least biased	center	0.0
miningjournal.net	least biased	center	0.0
modbee.com	least biased	center	0.0
myrgv.com	least biased	center	0.0
mcall.com	least biased	center	0.0
scnow.com	least biased	center	0.0
thenevadaindependent.com	least biased	center	0.0
thekansan.com	least biased	center	0.0
thenews.mx	least biased	center	0.0
newslit.org	least biased	center	0.0
newsvirginian.com	least biased	center	0.0
thenorthernecho.co.uk	least biased	center	0.0
outlook.monmouth.edu	least biased	center	0.0
postandcourier.com	least biased	center	0.0
poststar.com	least biased	center	0.0
syracuse.com	least biased	center	0.0
theprimarymarket.com	least biased	center	0.0
recordnet.com	least biased	center	0.0
theregister.com	least biased	center	0.0
therepublic.com	least biased	center	0.0
masslive.com	least biased	center	0.0
saratogian.com	least biased	center	0.0
thecalifornian.com	left-center	center	-1.0
scotsman.com	least biased	center	0.0
cumberlink.com	least biased	center	0.0
thesmokinggun.com	least biased	center	0.0
sociable.co	least biased	center	0.0
thesouthern.com	least biased	center	0.0
spokesman.com	least biased	center	0.0
stardem.com	least biased	center	0.0
thestrategybridge.org	least biased	center	0.0
tennessean.com	least biased	center	0.0
thetandd.com	least biased	center	0.0
thetowntalk.com	least biased	center	0.0
trentonian.com	least biased	center	0.0
theunion.com	least biased	center	0.0
vindy.com	least biased	center	0.0
wcfcourier.com	least biased	center	0.0
theunion.com/news/twi	least biased	center	0.0
zdf.de	least biased	center	0.0
thirdway.org	least biased	center	0.0
thoughtco.com	least biased	center	0.0
thv11.com	least biased	center	0.0
timesofsandiego.com	least biased	center	0.0
magicvalley.com	least biased	center	0.0
todayifoundout.com	least biased	center	0.0
tonganoxiemirror.com	least biased	center	0.0
transparency.org	least biased	center	0.0
transpartisanreview.com	least biased	center	0.0
record-eagle.com	least biased	center	0.0
tribunecontentagency.com/tribune-news-service	least biased	center	0.0
tri-cityherald.com	least biased	center	0.0
tricountynewsmn.com	least biased	center	0.0
troyrecord.com	least biased	center	0.0
truthorfiction.com	least biased	center	0.0
tucsonlocalmedia.com/deserttimes	least biased	center	0.0
tucsonweekly.com	least biased	center	0.0
tut.by	least biased	center	0.0
tvw.org	least biased	center	0.0
loganwoodbine.com	least biased	center	0.0
ukiahdailyjournal.com	least biased	center	0.0
upi.com	least biased	center	0.0
house.gov	least biased	center	0.0
uscourts.gov	least biased	center	0.0
usaspending.gov	least biased	center	0.0
usafacts.org	least biased	center	0.0
ushistory.org	least biased	center	0.0
pressfreedomtracker.us	least biased	center	0.0
standard.net	right-center	center	1.0
vaildaily.com	least biased	center	0.0
timesheraldonline.com	least biased	center	0.0
yoursun.com/venice	least biased	center	0.0
vcreporter.com	least biased	center	0.0
verdict.justia.com	least biased	center	0.0
verifythis.com	least biased	center	0.0
voanews.com	least biased	center	0.0
vinnews.com	least biased	center	0.0
justfacts.votesmart.org	least biased	center	0.0
waaytv.com	least biased	center	0.0
deltanews.tv	least biased	center	0.0
wabi.tv	least biased	center	0.0
wacotrib.com	least biased	center	0.0
wafb.com	least biased	center	0.0
waff.com	least biased	center	0.0
fox5atlanta.com	least biased	center	0.0
wagmtv.com	least biased	center	0.0
wahoo-ashland-waverly.com	least biased	center	0.0
fox10tv.com	least biased	center	0.0
walb.com	least biased	center	0.0
wandtv.com	least biased	center	0.0
wane.com	least biased	center	0.0
waow.com	least biased	center	0.0
wapt.com	least biased	center	0.0
warontherocks.com	least biased	center	0.0
c-span.org/series/?washingtonjournal	least biased	center	0.0
wtop.com	least biased	center	0.0
wate.com	least biased	center	0.0
localmemphis.com	least biased	center	0.0
wave3.com	least biased	center	0.0
wavy.com	least biased	center	0.0
mywabashvalley.com	least biased	center	0.0
wbaltv.com	least biased	center	0.0
wbay.com	least biased	center	0.0
binghamtonhomepage.com	least biased	center	0.0
wbir.com	least biased	center	0.0
wbko.com	least biased	center	0.0
wbng.com	least biased	center	0.0
10tv.com	least biased	center	0.0
wbrc.com	least biased	center	0.0
pahomepage.com	least biased	center	0.0
wbtv.com	least biased	center	0.0
wbtw.com	least biased	center	0.0
wcax.com	least biased	center	0.0
counton2.com	least biased	center	0.0
wcia.com	least biased	center	0.0
wcjb.com	least biased	center	0.0
nbc4i.com	least biased	center	0.0
wcnc.com	least biased	center	0.0
wcpo.com	least biased	center	0.0
live5news.com	least biased	center	0.0
wctv.tv	least biased	center	0.0
wcvb.com	least biased	center	0.0
fox4kc.com	least biased	center	0.0
wdam.com	least biased	center	0.0
fox40jackson.com	least biased	center	0.0
wdbj7.com	least biased	center	0.0
dcnewsnow.com	least biased	center	0.0
wdhn.com	least biased	center	0.0
wdio.com	least biased	center	0.0
clickondetroit.com	least biased	center	0.0
wdrb.com	least biased	center	0.0
wdsu.com	least biased	center	0.0
wdtn.com	least biased	center	0.0
wdtv.com	least biased	center	0.0
wearethemighty.com	least biased	center	0.0
wect.com	least biased	center	0.0
25newsnow.com	least biased	center	0.0
tristatehomepage.com	least biased	center	0.0
weny.com	least biased	center	0.0
wenxuecity.com	least biased	center	0.0
wesh.com	least biased	center	0.0
dailylocal.com	least biased	center	0.0
westernmassnews.com	least biased	center	0.0
orangeobserver.com	least biased	center	0.0
westvalleyview.com	least biased	center	0.0
wvpublic.org	least biased	center	0.0
mytwintiers.com	least biased	center	0.0
wiproud.com	least biased	center	0.0
wevv.com	least biased	center	0.0
news5cleveland.com	least biased	center	0.0
wfaa.com	least biased	center	0.0
mychamplainvalley.com	least biased	center	0.0
wfft.com	least biased	center	0.0
14news.com	least biased	center	0.0
wfla.com	least biased	center	0.0
fox32chicago.com	least biased	center	0.0
wflx.com	least biased	center	0.0
wfmynews2.com	least biased	center	0.0
wfmz.com	least biased	center	0.0
wearegreenbay.com	least biased	center	0.0
wfsb.com	least biased	center	0.0
abcactionnews.com	least biased	center	0.0
wftv.com		center	0.0
fox4now.com		center	0.0
yourerie.com	least biased	center	0.0
wfxrtv.com	least biased	center	0.0
boston25news.com	least biased	center	0.0
wgal.com	least biased	center	0.0
nbc26.com	least biased	center	0.0
cbs46.com	least biased	center	0.0
wgem.com	least biased	center	0.0
myfox8.com	least biased	center	0.0
brproud.com	least biased	center	0.0
wgntv.com	least biased	center	0.0
wgno.com	least biased	center	0.0
wtkr.com/wgnt	least biased	center	0.0
wgrz.com	least biased	center	0.0
whas11.com	least biased	center	0.0
whatculture.com	least biased	center	0.0
fox13memphis.com	least biased	center	0.0
wptv.com	least biased	center	0.0
whec.com	least biased	center	0.0
whio.com	least biased	center	0.0
shawlocal.com/whiteside-news-sentinel	least biased	center	0.0
whittierdailynews.com	least biased	center	0.0
foxcarolina.com	least biased	center	0.0
whnt.com	least biased	center	0.0
who13.com	least biased	center	0.0
whsv.com	least biased	center	0.0
abc27.com	least biased	center	0.0
cbs42.com	least biased	center	0.0
kansas.com	least biased	center	0.0
erienewsnow.com	least biased	center	0.0
wicz.com	least biased	center	0.0
citizensvoice.com	least biased	center	0.0
shawlocal.com/the-herald-news	least biased	center	0.0
wilx.com	least biased	center	0.0
winknews.com	least biased	center	0.0
newschief.com	left-center	center	-1.0
wistv.com	least biased	center	0.0
channel3000.com	least biased	center	0.0
wisn.com	least biased	center	0.0
fox6now.com	least biased	center	0.0
witn.com	least biased	center	0.0
wivb.com	least biased	center	0.0
wjcl.com		center	0.0
wjbf.com	least biased	center	0.0
wjhg.com	least biased	center	0.0
wjhl.com	least biased	center	0.0
wjtv.com	least biased	center	0.0
fox8.com	least biased	center	0.0
news4jax.com	least biased	center	0.0
wkbn.com	least biased	center	0.0
news8000.com	least biased	center	0.0
wkbw.com	least biased	center	0.0
clickorlando.com	least biased	center	0.0
wkow.com	least biased	center	0.0
wkrg.com	least biased	center	0.0
wkyc.com	least biased	center	0.0
wlns.com/my-abc-is-wlaj-53	least biased	center	0.0
wlbt.com	least biased	center	0.0
lex18.com	least biased	center	0.0
wlfi.com	least biased	center	0.0
hometownstations.com	least biased	center	0.0
wlky.com	least biased	center	0.0
wlns.com	least biased	center	0.0
wlox.com	least biased	center	0.0
wltx.com	least biased	center	0.0
uppermichiganssource.com	least biased	center	0.0
wlwt.com	least biased	center	0.0
wmar2news.com	least biased	center	0.0
mypanhandle.com	least biased	center	0.0
centralillinoisproud.com	least biased	center	0.0
fox47.com	right-center	center	1.0
tv20detroit.com	least biased	center	0.0
cbs17.com	least biased	center	0.0
wnct.com	least biased	center	0.0
wndu.com	least biased	center	0.0
wnem.com	least biased	center	0.0
wnyt.com	least biased	center	0.0
fox5ny.com	least biased	center	0.0
wogx.com	least biased	center	0.0
weareiowa.com	least biased	center	0.0
cleveland19.com	least biased	center	0.0
woodtv.com	least biased	center	0.0
worcesternews.co.uk	least biased	center	0.0
spectrumnews1.com	least biased	center	0.0
wowktv.com	least biased	center	0.0
wowt.com	least biased	center	0.0
wpbf.com	least biased	center	0.0
phl17.com	least biased	center	0.0
fox43.com	least biased	center	0.0
mynbc5.com	least biased	center	0.0
wqad.com	least biased	center	0.0
mystateline.com	least biased	center	0.0
wrex.com	least biased	center	0.0
wrtv.com	least biased	center	0.0
wsfltv.com	least biased	center	0.0
wsoctv.com	least biased	center	0.0
localsyr.com	least biased	center	0.0
fox61.com	least biased	center	0.0
wtkr.com	least biased	center	0.0
tmj4.com	least biased	center	0.0
wtrf.com	least biased	center	0.0
wtsp.com	least biased	center	0.0
wtvm.com	least biased	center	0.0
wtvr.com	least biased	center	0.0
fox13news.com	least biased	center	0.0
wtvy.com	least biased	center	0.0
wtxl.com	least biased	center	0.0
en.wikinews.org/wiki/main_page	least biased	center	0.0
wikipedia.org	least biased	center	0.0
winnipegfreepress.com	least biased	center	0.0
winonadailynews.com	least biased	center	0.0
journalnow.com	least biased	center	0.0
wionews.com	least biased	center	0.0
madison.com/wsj	least biased	center	0.0
fox2detroit.com	least biased	center	0.0
fox46.com	least biased	center	0.0
wkrn.com	least biased	center	0.0
wvlt.tv	least biased	center	0.0
raleighcw.com	least biased	center	0.0
13wmaz.com	least biased	center	0.0
actionnews5.com	least biased	center	0.0
wmtw.com	least biased	center	0.0
wmur.com	least biased	center	0.0
wnep.com	least biased	center	0.0
fox35orlando.com	least biased	center	0.0
dailydemocrat.com	least biased	center	0.0
worldometers.info	least biased	center	0.0
worldpoliticsreview.com	left-center	center	-1.0
worldpopulationreview.com	least biased	center	0.0
pix11.com	least biased	center	0.0
wpri.com	least biased	center	0.0
wpta21.com	least biased	center	0.0
wpxi.com	least biased	center	0.0
wqow.com	least biased	center	0.0
wral.com	left-center	center	-1.0
wrbl.com	least biased	center	0.0
wrdw.com	least biased	center	0.0
wreg.com	least biased	center	0.0
wric.com	least biased	center	0.0
clarionnewsonline.com	least biased	center	0.0
rochesterfirst.com	least biased	center	0.0
wsav.com	least biased	center	0.0
wsaz.com	least biased	center	0.0
wsbtv.com	least biased	center	0.0
wsfa.com	least biased	center	0.0
wsiltv.com	least biased	center	0.0
wsls.com	least biased	center	0.0
wsmv.com	least biased	center	0.0
wspa.com	least biased	center	0.0
fox47news.com	least biased	center	0.0
wtae.com	least biased	center	0.0
wearecentralpa.com	least biased	center	0.0
wtap.com	least biased	center	0.0
news10.com	least biased	center	0.0
wthitv.com	least biased	center	0.0
wthr.com	least biased	center	0.0
wtnh.com	least biased	center	0.0
wtok.com	least biased	center	0.0
wtol.com	least biased	center	0.0
fox5dc.com	least biased	center	0.0
cbs4indy.com	least biased	center	0.0
wtva.com	least biased	center	0.0
newschannel5.com	least biased	center	0.0
13abc.com	least biased	center	0.0
fox29.com	least biased	center	0.0
wusa9.com	least biased	center	0.0
13newsnow.com	least biased	center	0.0
nbc29.com	least biased	center	0.0
wvnstv.com	least biased	center	0.0
wvtm13.com	least biased	center	0.0
fox8live.com	least biased	center	0.0
wvva.com	least biased	center	0.0
nbc12.com	least biased	center	0.0
wwlp.com	least biased	center	0.0
wwnytv.com	least biased	center	0.0
my9nj.com	least biased	center	0.0
mysuncoast.com	least biased	center	0.0
11alive.com	least biased	center	0.0
wxii12.com	least biased	center	0.0
fox59.com	least biased	center	0.0
fox19.com	least biased	center	0.0
fox17online.com	least biased	center	0.0
wwltv.com	least biased	center	0.0
wxow.com	least biased	center	0.0
news10.com/fox23	least biased	center	0.0
wxyz.com	least biased	center	0.0
wyff4.com	least biased	center	0.0
wymt.com	least biased	center	0.0
wytv.com	least biased	center	0.0
rocketcitynow.com	least biased	center	0.0
wzmq19.com	least biased	center	0.0
wzzm13.com	least biased	center	0.0
yle.fi/news	least biased	center	0.0
yorknewstimes.com	least biased	center	0.0
zdnet.com	least biased	center	0.0
accountable.us	left	left	-1.0
act.tv	left	left	-1.0
actionnetwork.org	left	left	-1.0
aftonbladet.se	left	left	-1.0
alaskabeacon.com	left	left	-1.0
aldianews.com	left	left	-1.0
afj.org	left	left	-1.0
altnews.in	left	left	-1.0
alternet.org	left	left	-1.0
aidc.org.za/amandla-media	left	left	-1.0
americablog.com	left	left	-1.0
americanbridgepac.org	left	left	-1.0
americanoversight.org	left	left	-1.0
au.org	left	left	-1.0
angrywhitemen.org	left	left	-1.0
azmirror.com	left	left	-1.0
arkansasadvocate.com	left	left	-1.0
attackthesystem.com	left	left	-1.0
atadvocacy.com	left	left	-1.0
autostraddle.com	left-center	left	-1.0
baltimoresun.com/citypaper	left	left	-1.0
ebar.com	left	left	-1.0
beingliberal.org	left	left	-1.0
billmoyers.com	left	left	-1.0
bitchmedia.org	left	left	-1.0
blackagendareport.com	left	left	-1.0
blackamericaweb.com	left	left	-1.0
blacklivesmatter.com	left	left	-1.0
blackmainstreet.net	left	left	-1.0
bnc.tv	left	left	-1.0
boingboing.net	left	left	-1.0
bolde.com	left	left	-1.0
bostonreview.net	left	left	-1.0
briarpatchmagazine.com	left	left	-1.0
brit.co	left	left	-1.0
brut.media	left	left	-1.0
btselem.org	left	left	-1.0
bust.com	left	left	-1.0
calltoactivism.com	left	left	-1.0
canadafactcheck.ca	left	left	-1.0
antihate.ca	left	left	-1.0
canadiandimension.com	left	left	-1.0
capitalandmain.com	left	left	-1.0
care2.com	left	left	-1.0
ceasefiremagazine.co.uk	left	left	-1.0
americanprogress.org	left	left	-1.0
biologicaldiversity.org	left	left	-1.0
: clasp.org	left	left	-1.0
prwatch.org	left	left	-1.0
c4ss.org	left	left	-1.0
change.org	left	left	-1.0
chicagoreader.com	left	left	-1.0
chicagoreporter.com	left	left	-1.0
china.org.cn	left-center	left	-1.0
citybeat.com	left	left	-1.0
citizencritics.org	left	left	-1.0
clevescene.com	left	left	-1.0
climatechangenews.com	left	left	-1.0
cnn.com	left	left	-1.0
codastory.com	left	left	-1.0
codepink.org	left	left	-1.0
coloradonewsline.com	left	left	-1.0
coloradotimesrecorder.com	left	left	-1.0
colorlines.com	left	left	-1.0
colorofchange.org	left	left	-1.0
columbusfreepress.com	left	left	-1.0
comicsands.com	left	left	-1.0
commondreams.org	left	left	-1.0
communemag.com	left	left	-1.0
cpusa.org	far left	left	-1.0
consortiumnews.com	left	left	-1.0
copblock.org	left	left	-1.0
cosmopolitan.com	left	left	-1.0
countercurrents.org	left	left	-1.0
counterfire.org	far left	left	-1.0
counterpunch.org	left	left	-1.0
crikey.com.au	left	left	-1.0
crimethinc.com	left	left	-1.0
crooked.com	left	left	-1.0
crooksandliars.com	left	left	-1.0
currentaffairs.org	left	left	-1.0
curvemag.com	left	left	-1.0
thedailybeast.com	left	left	-1.0
dailydot.com	left	left	-1.0
dailykos.com	left	left	-1.0
dailymontanan.com	left	left	-1.0
dailynewsbin.com		left	-1.0
dailyrecord.co.uk	left	left	-1.0
dailysoundandfury.com	left	left	-1.0
dallasvoice.com	left	left	-1.0
davidpakman.com	left	left	-1.0
deadstate.org	left	left	-1.0
deadspin.com	left-center	left	-1.0
: democracychronicles.org	left	left	-1.0
democracyguardian.com	left	left	-1.0
democracyjournal.org	left	left	-1.0
democracynow.org	left biased	left	-1.0
democraticunderground.com	left	left	-1.0
deshabhimani.com	left	left	-1.0
desmogblog.com	left	left	-1.0
metrotimes.com	left	left	-1.0
dissentmagazine.org	left	left	-1.0
drudge.com		left	-1.0
earthfirstjournal.news	left	left	-1.0
ecowatch.com	left	left	-1.0
egbertowillies.com	left	left	-1.0
electoral-vote.com	left	left	-1.0
electronicintifada.net		left	-1.0
elitedaily.com	left	left	-1.0
elle.com		left	-1.0
esquire.com	left	left	-1.0
everydayfeminism.com	left	left	-1.0
evonomics.com	left	left	-1.0
feministcurrent.com	left	left	-1.0
fifthestate.org	left	left	-1.0
finnishnews.fi	left	left	-1.0
floridaphoenix.com	left	left	-1.0
foodandwaterwatch.org	left	left	-1.0
foreignpolicyjournal.com		left	-1.0
foreignpolicynews.org	left	left	-1.0
freepress.org	far left	left	-1.0
ffrf.org	left	left	-1.0
freedomnews.org.uk	left	left	-1.0
frontpageslive.com	left	left	-1.0
freespeech.org	left	left	-1.0
gawker.com	left	left	-1.0
gaycitynews.com	left	left	-1.0
gaystarnews.com	left	left	-1.0
gaytimes.co.uk	left	left	-1.0
geopoliticsalert.com	left	left	-1.0
georgiarecorder.com	left	left	-1.0
giffords.org	left	left	-1.0
gizmodo.com	left	left	-1.0
glaad.org	left	left	-1.0
globalvoices.org		left	-1.0
good.is	left	left	-1.0
gq.com	left	left	-1.0
bradford-delong.com	left	left	-1.0
greenleft.org.au	left	left	-1.0
guardianlv.com	left	left	-1.0
haaretz.com	left	left	-1.0
harpersbazaar.com	left	left	-1.0
hir.harvard.edu	left	left	-1.0
hightimes.com	left	left	-1.0
hillreporter.com	left	left	-1.0
huffpost.com	left	left	-1.0
hrc.org	left	left	-1.0
idahocapitalsun.com	left	left	-1.0
marxist.com	far-left	left	-1.0
inthesetimes.com	left	left	-1.0
alligator.org	left	left	-1.0
indivisible.org	left	left	-1.0
inequalitymedia.org	left	left	-1.0
juancole.com	left	left	-1.0
ips-dc.org	left	left	-1.0
intpolicydigest.org	left	left	-1.0
internationalviewpoint.org	far left	left	-1.0
intrepidreport.com	left	left	-1.0
iowacapitaldispatch.com	left	left	-1.0
iowastartingline.com	left	left	-1.0
itsgoingdown.org	left	left	-1.0
jacobin.com	left	left	-1.0
jezebel.com	left	left	-1.0
joebiden.com	left	left	-1.0
junkee.com	left	left	-1.0
kansasreflector.com	left	left	-1.0
knock-la.com	left	left	-1.0
lavendermagazine.com	left	left	-1.0
laweekly.com	left	left	-1.0
leftfootforward.org	left-center	left	-1.0
leftvoice.org	left	left	-1.0
monde-diplomatique.fr	left	left	-1.0
leoweekly.com	left	left	-1.0
lgbtqnation.com	left	left	-1.0
libcom.org	far left	left	-1.0
liberalamerica.org	left	left	-1.0
liberationnews.org	left	left	-1.0
littlegreenfootballs.com	left	left	-1.0
lailluminator.com	left	left	-1.0
mg.co.za	left	left	-1.0
mainebeacon.com	left	left	-1.0
mashable.com	left	left	-1.0
mediamatters.org	left	left	-1.0
mediaite.com	left	left	-1.0
meduza.io/en	left	left	-1.0
meidastouch.com	left	left	-1.0
merryjane.com	left	left	-1.0
miaminewtimes.com	left-center	left	-1.0
michiganadvance.com	left	left	-1.0
middleeastmonitor.com	left	left	-1.0
muncievoice.com	left	left	-1.0
milwaukeeindependent.com	left	left	-1.0
minnesotareformer.com	left	left	-1.0
missouriindependent.com	left	left	-1.0
modernliberals.com		left	-1.0
monthlyreview.org	left	left	-1.0
msmagazine.com	left	left	-1.0
: msnbc.com	left	left	-1.0
nationofchange.org	left	left	-1.0
naacp.org		left	-1.0
nrdc.org	left	left	-1.0
ncnewsline.com	left-center	left	-1.0
nebraskaexaminer.com	left	left	-1.0
nevadacurrent.com	left	left	-1.0
newint.org	left-center	left	-1.0
newjerseymonitor.com	left	left	-1.0
newpol.org	left	left	-1.0
newrepublic.com	left	left	-1.0
newstatesman.com	left-center	left	-1.0
amsterdamnews.com	left	left	-1.0
nymag.com	left	left	-1.0
newyorker.com	left	left	-1.0
newscorpse.com	left	left	-1.0
newshounds.us	left	left	-1.0
newsone.com	left	left	-1.0
novaramedia.com	far left	left	-1.0
nowtoronto.com	left	left	-1.0
occupy.com	left	left	-1.0
ohiocapitaljournal.com	left	left	-1.0
onegreenplanet.org	left	left	-1.0
opednews.com	left	left	-1.0
opensocietyfoundations.org	left	left	-1.0
oregoncapitalchronicle.com	left	left	-1.0
orlandoweekly.com	left	left	-1.0
out.com	left	left	-1.0
palmerreport.com	left	left	-1.0
pastemagazine.com	left	left	-1.0
penncapital-star.com	left	left	-1.0
pfaw.org	left	left	-1.0
people.com	left	left	-1.0
peoplespolicyproject.org	left	left	-1.0
peoplesworld.org	far left	left	-1.0
pinacnews.com	left	left	-1.0
thepinknews.com	left	left	-1.0
polinews.org	left	left	-1.0
politicususa.com	left	left	-1.0
politizoom.com		left	-1.0
popular.info	left	left	-1.0
popularresistance.org		left	-1.0
postcarbon.org	left	left	-1.0
pressprogress.ca		left	-1.0
boldprogressives.org	left	left	-1.0
projectcensored.org	left	left	-1.0
psyche.co	left	left	-1.0
queerty.com	left	left	-1.0
rabble.ca		left	-1.0
rantt.com		left	-1.0
rawstory.com	left	left	-1.0
rsn.org	left	left	-1.0
readingthepictures.org	left	left	-1.0
therealnews.com	left	left	-1.0
redpepper.org.uk		left	-1.0
refinery29.com	left	left	-1.0
republicreport.org		left	-1.0
resilience.org		left	-1.0
resolutesquare.com	left	left	-1.0
revcom.us		left	-1.0
rewirenewsgroup.com		left	-1.0
rightwingwatch.org	left	left	-1.0
trofire.com	left	left	-1.0
rollingstone.com	left	left	-1.0
salon.com	left	left	-1.0
sacurrent.com	left	left	-1.0
sfbayview.com	left	left	-1.0
scarymommy.com	left	left	-1.0
secondnexus.com		left	-1.0
seventeen.com		left	-1.0
shadowproof.com	left	left	-1.0
shareblue.com		left	-1.0
shondaland.com	left	left	-1.0
slate.com	left	left	-1.0
readsludge.com	left	left	-1.0
smirkingchimp.com	left	left	-1.0
worldsocialism.org/spgb	left	left	-1.0
socialistworker.org	left	left	-1.0
sourcenm.com	left	left	-1.0
sourcewatch.org	left	left	-1.0
southdakotasearchlight.com	left	left	-1.0
splcenter.org	left	left	-1.0
riverfronttimes.com	left	left	-1.0
stpete4peace.org	left	left	-1.0
talkingpointsmemo.com	left	left	-1.0
teenvogue.com	left	left	-1.0
tnholler.com	left	left	-1.0
tennesseelookout.com	left	left	-1.0
19thnews.org	left	left	-1.0
advocate.com	left	left	-1.0
americanindependent.com	left	left	-1.0
prospect.org	left	left	-1.0
austinchronicle.com		left	-1.0
thebaffler.com	left	left	-1.0
theburningspear.com	left	left	-1.0
thecanary.co	left	left	-1.0
climaterealityproject.org	left	left	-1.0
thecut.com	left	left	-1.0
daily49er.com	left	left	-1.0
thedailybanter.com		left	-1.0
the-daily.buzz		left	-1.0
thedailyvox.co.za	left	left	-1.0
democratichub.com	left	left	-1.0
thedodo.com	left	left	-1.0
dworkinreport.com	left	left	-1.0
thefloridasqueeze.com	left	left	-1.0
thegailygrind.com	left	left	-1.0
gaycenter.org	left	left	-1.0
ghionjournal.com	left	left	-1.0
goodmenproject.com	left	left	-1.0
gravelinstitute.org	far left	left	-1.0
indypendent.org	left	left	-1.0
mavenroundtable.io/theintellectualist	left	left	-1.0
levernews.com	left	left	-1.0
thelily.com	left	left	-1.0
thelondoneconomic.com	left	left	-1.0
readthemaple.com	left	left	-1.0
themarysue.com	left	left	-1.0
themilitant.com	left	left	-1.0
themonthly.com.au	left	left	-1.0
morningstaronline.co.uk	left	left	-1.0
thenarwhal.ca	left	left	-1.0
thenation.com	left	left	-1.0
nationalmemo.com	left	left	-1.0
thenewcivilrightsmovement.com	left	left	-1.0
palestinechronicle.com	left	left	-1.0
phnompenhpost.com	left	left	-1.0
progressive.org	left	left	-1.0
theroot.com	left	left	-1.0
thelasource.com	left	left	-1.0
thestranger.com	left-center	left	-1.0
texasobserver.org	left	left	-1.0
villagevoice.com	left	left	-1.0
voice-online.co.uk	left	left	-1.0
thewalrus.ca	left	left	-1.0
washingtonspectator.org	left	left	-1.0
theweek.com	left	left	-1.0
worldcantwait.net	far left	left	-1.0
thegrio.com	left	left	-1.0
thisisthezerohour.com	left	left	-1.0
them.us	left	left	-1.0
this.org	left	left	-1.0
towleroad.com	left	left	-1.0
treehugger.com	left	left	-1.0
truthdig.com	left-center	left	-1.0
thetruth.com	left	left	-1.0
truthout.org	left	left	-1.0
truththeory.com	left	left	-1.0
unicornriot.ninja	left	left	-1.0
uproxx.com	left	left	-1.0
upworthy.com	left	left	-1.0
vanityfair.com	left	left	-1.0
venezuelanalysis.com	left	left	-1.0
vox.com	left	left	-1.0
wallstreetonparade.com	left-center	left	-1.0
washingtonbabylon.com	left	left	-1.0
washingtonpress.com	left	left	-1.0
washingtonian.com	left	left	-1.0
wearyourvoicemag.com	left	left	-1.0
wehuntedthemammoth.com	left	left	-1.0
whowhatwhy.org	left	left	-1.0
wisconsinexaminer.com	left	left	-1.0
wonkette.com	left	left	-1.0
workers.org	far left	left	-1.0
wsws.org	left	left	-1.0
xtramagazine.com	left	left	-1.0
yesmagazine.org	left	left	-1.0
tyt.com	left	left	-1.0
znetwork.org	left	left	-1.0
1news.co.nz	left-center	leftcenter	-1.0
100milefreepress.net	left-center	leftcenter	-1.0
604now.com	left-center	leftcenter	-1.0
972mag.com	left-center	leftcenter	-1.0
whitehouse.gov/1600daily		leftcenter	-1.0
abcnews.go.com	left-center	leftcenter	-1.0
abc.net.au	left-center	leftcenter	-1.0
abc11.com	left-center	leftcenter	-1.0
abbynews.com	left-center	leftcenter	-1.0
abovethelaw.com	left-center	leftcenter	-1.0
theadvocate.com/acadiana	left-center	leftcenter	-1.0
aceshowbiz.com	left-center	leftcenter	-1.0
aclu.org	left-center	leftcenter	-1.0
adaderana.lk	left-center	leftcenter	-1.0
theadanews.com	left-center	leftcenter	-1.0
aeon.co	left-center	leftcenter	-1.0
affinitymagazine.us	left-center	leftcenter	-1.0
africanarguments.org	left-center	leftcenter	-1.0
africanews.com	left-center	leftcenter	-1.0
agassizharrisonobserver.com	left-center	leftcenter	-1.0
ahvalnews.com	left-center	leftcenter	-1.0
airdrietoday.com	left-center	leftcenter	-1.0
messagemedia.co/aitkin	left-center	leftcenter	-1.0
durhamregion.com/ajax-on	left-center	leftcenter	-1.0
beaconjournal.com	left-center	leftcenter	-1.0
aljazeera.com	left-center	leftcenter	-1.0
al-monitor.com	left-center	leftcenter	-1.0
al-sura.com	left-center	leftcenter	-1.0
alamogordonews.com	left-center	leftcenter	-1.0
guttmacher.org	left-center	leftcenter	-1.0
alaskahighwaynews.ca	left-center	leftcenter	-1.0
timesunion.com	left-center	leftcenter	-1.0
albertaviews.ca	left-center	leftcenter	-1.0
aldergrovestar.com	left-center	leftcenter	-1.0
allgov.com	left-center	leftcenter	-1.0
simcoe.com/alliston-on	left-center	leftcenter	-1.0
allthatsinteresting.com	left-center	leftcenter	-1.0
northbaynipissing.com/almaguinhighlands-on	left-center	leftcenter	-1.0
amny.com	left-center	leftcenter	-1.0
americamagazine.org	left-center	leftcenter	-1.0
americanimmigrationcouncil.org	left-center	leftcenter	-1.0
americanpublicmedia.org	left-center	leftcenter	-1.0
americanpurpose.com	left-center	leftcenter	-1.0
americashealthrankings.org	left-center	leftcenter	-1.0
amestrib.com	left-center	leftcenter	-1.0
amnesty.org/en	left-center	leftcenter	-1.0
thespec.com/local-ancaster	left-center	leftcenter	-1.0
heraldbulletin.com	left-center	leftcenter	-1.0
andovertownsman.com	left-center	leftcenter	-1.0
annistonstar.com	left-center	leftcenter	-1.0
hometownsource.com/abc_newspapers	left-center	leftcenter	-1.0
anthropocenemagazine.org	left-center	leftcenter	-1.0
adl.org	left-center	leftcenter	-1.0
aol.com	left-center	leftcenter	-1.0
apmreports.org	left-center	leftcenter	-1.0
apple.com/apple-news	left-center	leftcenter	-1.0
aptnnews.ca	left-center	leftcenter	-1.0
areomagazine.com	left-center	leftcenter	-1.0
azcapitoltimes.com	left-center	leftcenter	-1.0
tucson.com	left-center	leftcenter	-1.0
azdailysun.com	left-center	leftcenter	-1.0
azcentral.com	left-center	leftcenter	-1.0
arktimes.com	left-center	leftcenter	-1.0
armscontrol.org	left-center	leftcenter	-1.0
insideottawavalley.com/arnprior-on	left-center	leftcenter	-1.0
arte.tv	left-center	leftcenter	-1.0
ashcroftcachecreekjournal.com	left-center	leftcenter	-1.0
citizen-times.com	left-center	leftcenter	-1.0
asiasentinel.com	left-center	leftcenter	-1.0
aspeniaonline.it	left-center	leftcenter	-1.0
aspeninstitute.org	left-center	leftcenter	-1.0
sasktoday.ca/south/assiniboia-times	left-center	leftcenter	-1.0
apnews.com	left-center	leftcenter	-1.0
magazine.atavist.com	left-center	leftcenter	-1.0
townandcountrytoday.com/athabasca-news	left-center	leftcenter	-1.0
onlineathens.com	left-center	leftcenter	-1.0
athensreview.com	left-center	leftcenter	-1.0
enewscourier.com	left-center	leftcenter	-1.0
atlantablackstar.com	left-center	leftcenter	-1.0
ajc.com	left-center	leftcenter	-1.0
theatlantic.com	left-center	leftcenter	-1.0
atlanticmedia.com	left-center	leftcenter	-1.0
attn.com	left-center	leftcenter	-1.0
yorkregion.com/aurora-on	left-center	leftcenter	-1.0
statesman.com	left-center	leftcenter	-1.0
austindailyherald.com	left-center	leftcenter	-1.0
avclub.com	left-center	leftcenter	-1.0
axios.com	left-center	leftcenter	-1.0
wired.com/category/backchannel	left-center	leftcenter	-1.0
balkaninsight.com	left-center	leftcenter	-1.0
baltimoresun.com	left-center	leftcenter	-1.0
bangordailynews.com	left-center	leftcenter	-1.0
baptistnews.com	left-center	leftcenter	-1.0
townandcountrytoday.com	left-center	leftcenter	-1.0
simcoe.com/barrie-on	left-center	leftcenter	-1.0
barrietoday.com	left-center	leftcenter	-1.0
theadvocate.com	left-center	leftcenter	-1.0
battlecreekenquirer.com	left-center	leftcenter	-1.0
baxterbulletin.com	left-center	leftcenter	-1.0
baynature.org	left-center	leftcenter	-1.0
bbc.com/news	left-center	leftcenter	-1.0
tmnews.com	left-center	leftcenter	-1.0
bellingcat.com	left-center	leftcenter	-1.0
bellinghamherald.com	left-center	leftcenter	-1.0
belltower.news	left-center	leftcenter	-1.0
berkeleyside.com	left-center	leftcenter	-1.0
berkleycenter.georgetown.edu	left-center	leftcenter	-1.0
berkshireeagle.com	left-center	leftcenter	-1.0
berliner-zeitung.de	left-center	leftcenter	-1.0
bighorncountynews.com	left-center	leftcenter	-1.0
bigtimberpioneer.net	left-center	leftcenter	-1.0
bing.com/news	left-center	leftcenter	-1.0
birminghammail.co.uk	left-center	leftcenter	-1.0
blackenterprise.com	left-center	leftcenter	-1.0
blackburnnews.com	left-center	leftcenter	-1.0
blackpressusa.com	left-center	leftcenter	-1.0
bleacherreport.com	left-center	leftcenter	-1.0
bloomberg.com	left-center	leftcenter	-1.0
southernminn.com/owatonna_peoples_press	left-center	leftcenter	-1.0
hometownsource.com/sun_current	left-center	leftcenter	-1.0
bdtonline.com	left-center	leftcenter	-1.0
bluestemprairie.com	left-center	leftcenter	-1.0
bnnbloomberg.ca	left-center	leftcenter	-1.0
lakelandtoday.ca	left-center	leftcenter	-1.0
boredpanda.com	left-center	leftcenter	-1.0
borgenmagazine.com	left-center	leftcenter	-1.0
borgenproject.org	left-center	leftcenter	-1.0
boston.com	left-center	leftcenter	-1.0
bostonglobe.com	left-center	leftcenter	-1.0
bowenislandundercurrent.com	left-center	leftcenter	-1.0
bgr.com	left-center	leftcenter	-1.0
muskokaregion.com/bracebridge-on	left-center	leftcenter	-1.0
bramptonguardian.com	left-center	leftcenter	-1.0
breakingnews.ie	left-center	leftcenter	-1.0
brennancenter.org	left-center	leftcenter	-1.0
enterprisenews.com	left-center	leftcenter	-1.0
brookings.edu	left-center	leftcenter	-1.0
hometownsource.com/sun_post	left-center	leftcenter	-1.0
brownpoliticalreview.org	left-center	leftcenter	-1.0
thebulletin.org	left-center	leftcenter	-1.0
burlingtoncountytimes.com	left-center	leftcenter	-1.0
insidehalton.com/burlington-on	left-center	leftcenter	-1.0
burnabynow.com	left-center	leftcenter	-1.0
burnslakelakesdistrictnews.com	left-center	leftcenter	-1.0
businessinsider.com		leftcenter	-1.0
bustle.com	left-center	leftcenter	-1.0
buzzfeed.com	left-center	leftcenter	-1.0
buzzfeednews.com	left-center	leftcenter	-1.0
bylinetimes.com	left-center	leftcenter	-1.0
caledonenterprise.com	left-center	leftcenter	-1.0
caledoniacourier.com	left-center	leftcenter	-1.0
calmatters.org	left-center	leftcenter	-1.0
cambridgetimes.ca	left-center	leftcenter	-1.0
campbellrivermirror.com	left-center	leftcenter	-1.0
mpnnow.com	left-center	leftcenter	-1.0
canadaland.com	left-center	leftcenter	-1.0
canarymedia.com	left-center	leftcenter	-1.0
sasktoday.ca/central/canora-courier	left-center	leftcenter	-1.0
cantonrep.com	left-center	leftcenter	-1.0
capitalgazette.com	left-center	leftcenter	-1.0
carboncountynews.com	left-center	leftcenter	-1.0
caribbeanlifenews.com	left-center	leftcenter	-1.0
insideottawavalley.com/carletonplace-on	left-center	leftcenter	-1.0
currentargus.com	left-center	leftcenter	-1.0
sasktoday.ca/south/carlyle-observer	left-center	leftcenter	-1.0
carnegieendowment.org	left-center	leftcenter	-1.0
carolinapublicpress.org	left-center	leftcenter	-1.0
carriagetownenews.com	left-center	leftcenter	-1.0
catchnews.com	left-center	leftcenter	-1.0
cbc.ca/news	left-center	leftcenter	-1.0
cbsnews.com/boston	left-center	leftcenter	-1.0
cbsnews.com/losangeles	left-center	leftcenter	-1.0
cbsnews.com	left-center	leftcenter	-1.0
newyork.cbslocal.com	left-center	leftcenter	-1.0
seattle.cbslocal.com	left-center	leftcenter	-1.0
cecildaily.com	left-center	leftcenter	-1.0
censor.net	left-center	leftcenter	-1.0
c4ads.org	left-center	leftcenter	-1.0
cgdev.org	left-center	leftcenter	-1.0
centerforinquiry.org	left-center	leftcenter	-1.0
internationalpolicy.org	left-center	leftcenter	-1.0
cnas.org	left-center	leftcenter	-1.0
populardemocracy.org	left-center	leftcenter	-1.0
publicintegrity.org	left-center	leftcenter	-1.0
cbpp.org	left-center	leftcenter	-1.0
focustaiwan.tw	left-center	leftcenter	-1.0
chalkbeat.org	left-center	leftcenter	-1.0
channel4.com/news	left-center	leftcenter	-1.0
wvgazettemail.com	left-center	leftcenter	-1.0
charlotteobserver.com	left-center	leftcenter	-1.0
cheddar.com	left-center	leftcenter	-1.0
cheboygannews.com	left-center	leftcenter	-1.0
chemainusvalleycourier.ca	left-center	leftcenter	-1.0
courierpostonline.com	left-center	leftcenter	-1.0
chicago.suntimes.com	left-center	leftcenter	-1.0
chickashanews.com	left-center	leftcenter	-1.0
theprogress.com	left-center	leftcenter	-1.0
chinaglobalsouth.com	left-center	leftcenter	-1.0
christiancentury.org	left-center	leftcenter	-1.0
citizentruth.org	left-center	leftcenter	-1.0
citizensforethics.org	left-center	leftcenter	-1.0
ctj.org	left-center	leftcenter	-1.0
bloomberg.com/citylab	left-center	leftcenter	-1.0
cityandstateny.com	left-center	leftcenter	-1.0
cknewstoday.ca	left-center	leftcenter	-1.0
cknxnewstoday.ca	left-center	leftcenter	-1.0
claremoreprogress.com	left-center	leftcenter	-1.0
durhamregion.com/clarington-on	left-center	leftcenter	-1.0
clarionledger.com		leftcenter	-1.0
cleantechnica.com	left-center	leftcenter	-1.0
clearwatertimes.com	left-center	leftcenter	-1.0
cleburnetimesreview.com	left-center	leftcenter	-1.0
clintonherald.com	left-center	leftcenter	-1.0
cloverdalereporter.com	left-center	leftcenter	-1.0
cnbc.com	left-center	leftcenter	-1.0
coastmountainnews.com	left-center	leftcenter	-1.0
coed.com	left-center	leftcenter	-1.0
thedailyreporter.com	left-center	leftcenter	-1.0
coloradopolitics.com	left-center	leftcenter	-1.0
columbiatribune.com	left-center	leftcenter	-1.0
cjr.org	left-center	leftcenter	-1.0
colombiareports.com	left-center	leftcenter	-1.0
dispatch.com	left-center	leftcenter	-1.0
investigaterussia.org	left-center	leftcenter	-1.0
commoncause.org	left-center	leftcenter	-1.0
commonwealmagazine.org	left-center	leftcenter	-1.0
commonwealthfund.org	left-center	leftcenter	-1.0
comoxvalleyrecord.com	left-center	leftcenter	-1.0
complex.com	left-center	leftcenter	-1.0
ctpost.com	left-center	leftcenter	-1.0
pogo.org/the-constitution-project	left-center	leftcenter	-1.0
coopercrier.com	left-center	leftcenter	-1.0
the-leader.com	left-center	leftcenter	-1.0
caller.com	left-center	leftcenter	-1.0
corsicanadailysun.com	left-center	leftcenter	-1.0
cowichanvalleycitizen.com	left-center	leftcenter	-1.0
crosscut.com	left-center	leftcenter	-1.0
crossville-chronicle.com	left-center	leftcenter	-1.0
hometownsource.com/press_and_news	left-center	leftcenter	-1.0
ctmirror.org	left-center	leftcenter	-1.0
cullmantimes.com	left-center	leftcenter	-1.0
times-news.com	left-center	leftcenter	-1.0
dailycommercial.com	left-center	leftcenter	-1.0
gazettenet.com	left-center	leftcenter	-1.0
monitor.co.ug	left-center	leftcenter	-1.0
mirror.co.uk	left-center	leftcenter	-1.0
nation.africa	left-center	leftcenter	-1.0
dnj.com	left-center	leftcenter	-1.0
commercial-news.com	left-center	leftcenter	-1.0
dawn.com	left-center	leftcenter	-1.0
dawsoncreekmirror.ca	left-center	leftcenter	-1.0
dcist.com	left-center	leftcenter	-1.0
dcreport.org	left-center	leftcenter	-1.0
deadline.com	left-center	leftcenter	-1.0
deccanherald.com	left-center	leftcenter	-1.0
debunkingdenialism.com	left-center	leftcenter	-1.0
delawareonline.com	left-center	leftcenter	-1.0
delo.si	left-center	leftcenter	-1.0
delta-optimist.com	left-center	leftcenter	-1.0
democracy21.org	left-center	leftcenter	-1.0
democratandchronicle.com	left-center	leftcenter	-1.0
demos.org	left-center	leftcenter	-1.0
myeasternshoremd.com/times_record	left-center	leftcenter	-1.0
denverpost.com	left-center	leftcenter	-1.0
westword.com	left-center	leftcenter	-1.0
derrynews.com	left-center	leftcenter	-1.0
derstandard.at	left-center	leftcenter	-1.0
freep.com	left-center	leftcenter	-1.0
mountainviewtoday.ca/didsbury-news	left-center	leftcenter	-1.0
zeit.de	left-center	leftcenter	-1.0
digg.com	left-center	leftcenter	-1.0
dillontribune.com	left-center	leftcenter	-1.0
diply.com	left-center	leftcenter	-1.0
diversityinc.com	left-center	leftcenter	-1.0
myeasternshoremd.com/dorchester_star	left-center	leftcenter	-1.0
timesreporter.com	left-center	leftcenter	-1.0
drugpolicy.org	left-center	leftcenter	-1.0
dundalkeagle.com	left-center	leftcenter	-1.0
thespec.com/local-dundas	left-center	leftcenter	-1.0
dutchreview.com	left-center	leftcenter	-1.0
dw.com	left-center	leftcenter	-1.0
eaglevalleynews.com	left-center	leftcenter	-1.0
earth.columbia.edu	left-center	leftcenter	-1.0
earthjustice.org	left-center	leftcenter	-1.0
eastbaytimes.com	left-center	leftcenter	-1.0
thestar.com/local-east-gwillimbury	left-center	leftcenter	-1.0
econofact.org	left-center	leftcenter	-1.0
epi.org	left-center	leftcenter	-1.0
economicshelp.org	left-center	leftcenter	-1.0
edweek.org	left-center	leftcenter	-1.0
effinghamdailynews.com	left-center	leftcenter	-1.0
egyptianstreets.com	left-center	leftcenter	-1.0
ejinsight.com	left-center	leftcenter	-1.0
eldiario.es	left-center	leftcenter	-1.0
eldiariony.com	left-center	leftcenter	-1.0
elpais.com	left-center	leftcenter	-1.0
elpasotimes.com	left-center	leftcenter	-1.0
eff.org	left-center	leftcenter	-1.0
hometownsource.com/elk_river_star_news	left-center	leftcenter	-1.0
emerging-europe.com/about	left-center	leftcenter	-1.0
emptywheel.net	left-center	leftcenter	-1.0
engadget.com	left-center	leftcenter	-1.0
enidnews.com	left-center	leftcenter	-1.0
ew.com	left-center	leftcenter	-1.0
edf.org	left-center	leftcenter	-1.0
orangeville.com/erin-on-news	left-center	leftcenter	-1.0
espn.com	left-center	leftcenter	-1.0
sasktoday.ca/south/estevan-mercury	left-center	leftcenter	-1.0
thestar.com/local-toronto-etobicoke	left-center	leftcenter	-1.0
registerguard.com	left-center	leftcenter	-1.0
euobserver.com	left-center	leftcenter	-1.0
euractiv.com	left-center	leftcenter	-1.0
eurasiareview.com	least biased	leftcenter	-1.0
euromaidanpress.com	left-center	leftcenter	-1.0
euronews.com	left-center	leftcenter	-1.0
courierpress.com	left-center	leftcenter	-1.0
exposingtruth.com	left-center	leftcenter	-1.0
facebook.com/news	left-center	leftcenter	-1.0
factmyth.com	left-center	leftcenter	-1.0
fair.org	left-center	leftcenter	-1.0
fairobserver.com	left-center	leftcenter	-1.0
fairvote.org	left-center	leftcenter	-1.0
southernminn.com/faribault_daily_news	left-center	leftcenter	-1.0
fastcompany.com	left-center	leftcenter	-1.0
feministfrequency.com	left-center	leftcenter	-1.0
fightforthefuture.org	left-center	leftcenter	-1.0
fivethirtyeight.com	left-center	leftcenter	-1.0
thespec.com/local-flamborough	left-center	leftcenter	-1.0
thereminder.ca	left-center	leftcenter	-1.0
foodnavigator.com	left-center	leftcenter	-1.0
fpif.org	left-center	leftcenter	-1.0
hometownsource.com/forest_lake_times	left-center	leftcenter	-1.0
niagarathisweek.com/forterie-on	left-center	leftcenter	-1.0
fwweekly.com	left-center	leftcenter	-1.0
francetvinfo.fr	left-center	leftcenter	-1.0
freakonomics.com	left-center	leftcenter	-1.0
freethink.com	left-center	leftcenter	-1.0
fresnobee.com	left-center	leftcenter	-1.0
futureoflife.org	left-center	leftcenter	-1.0
gadsdentimes.com	left-center	leftcenter	-1.0
gainesvilleregister.com	left-center	leftcenter	-1.0
gainesville.com	left-center	leftcenter	-1.0
gastongazette.com	left-center	leftcenter	-1.0
wyborcza.pl	left-center	leftcenter	-1.0
yorkregion.com/georgina-on	left-center	leftcenter	-1.0
glamour.com	left-center	leftcenter	-1.0
thespec.com/local-haldimand	left-center	leftcenter	-1.0
globalcitizen.org/en	left-center	leftcenter	-1.0
globalnews.ca	left-center	leftcenter	-1.0
theworld.org/programs/globalpost	left-center	leftcenter	-1.0
globalriskinsights.com	left-center	leftcenter	-1.0
globaltimes.cn	left	leftcenter	-1.0
gloucestertimes.com	left-center	leftcenter	-1.0
gmanetwork.com	left-center	leftcenter	-1.0
thegoldenstar.net	left-center	leftcenter	-1.0
goldstreamgazette.com	left-center	leftcenter	-1.0
news.google.com	left-center	leftcenter	-1.0
gothamist.com	left-center	leftcenter	-1.0
governing.com	left-center	leftcenter	-1.0
whistleblower.org	left-center	leftcenter	-1.0
govexec.com	left-center	leftcenter	-1.0
grandrapidsmn.com	left-center	leftcenter	-1.0
muskokaregion.com/gravenhurst-on	left-center	leftcenter	-1.0
greensboro.com	left-center	leftcenter	-1.0
greensburgdailynews.com	left-center	leftcenter	-1.0
heraldbanner.com	left-center	leftcenter	-1.0
grid.news	left-center	leftcenter	-1.0
grist.org	left-center	leftcenter	-1.0
alliednews.com	left-center	leftcenter	-1.0
guelphmercury.com	left-center	leftcenter	-1.0
gunviolencearchive.org	left-center	leftcenter	-1.0
heraldmailmedia.com	left-center	leftcenter	-1.0
haidagwaiiobserver.com	left-center	leftcenter	-1.0
hamiltonnews.com/hamiltonmountain-on	left-center	leftcenter	-1.0
thespec.com	left-center	leftcenter	-1.0
harpers.org	left-center	leftcenter	-1.0
courant.com	left center	leftcenter	-1.0
harvardpolitics.com	left-center	leftcenter	-1.0
hattiesburgamerican.com	left-center	leftcenter	-1.0
hawaiitribune-herald.com	left-center	leftcenter	-1.0
health.com	left-center	leftcenter	-1.0
healthyway.com	left-center	leftcenter	-1.0
heavy.com	left-center	leftcenter	-1.0
hechingerreport.org	left-center	leftcenter	-1.0
hs.fi	left-center	leftcenter	-1.0
helsinkitimes.fi	least biased	leftcenter	-1.0
thegleaner.com	left-center	leftcenter	-1.0
thetimesnews.com	left-center	leftcenter	-1.0
timestelegram.com	left-center	leftcenter	-1.0
hcn.org	left-center	leftcenter	-1.0
highline.huffingtonpost.com		leftcenter	-1.0
hillsdale.net	left-center	leftcenter	-1.0
historynewsnetwork.org	left-center	leftcenter	-1.0
hitc.com	left-center	leftcenter	-1.0
hollandsentinel.com	left-center	leftcenter	-1.0
hollywoodreporter.com	left-center	leftcenter	-1.0
civilbeat.org	left-center	leftcenter	-1.0
staradvertiser.com	left-center	leftcenter	-1.0
hopestandard.com	left-center	leftcenter	-1.0
eveningtribune.com	left-center	leftcenter	-1.0
hotnews.ro	left-center	leftcenter	-1.0
houmatoday.com	left-center	leftcenter	-1.0
: houstonchronicle.com	left-center	leftcenter	-1.0
houston-today.com	left-center	leftcenter	-1.0
hrw.org	left-center	leftcenter	-1.0
humanium.org	left-center	leftcenter	-1.0
sasktoday.ca/north/humboldt-journal	left-center	leftcenter	-1.0
nj.com/hunterdon-county-democrat	left-center	leftcenter	-1.0
muskokaregion.com/huntsville-on	left-center	leftcenter	-1.0
icenews.is	left-center	leftcenter	-1.0
ici.radio-canada.ca	left-center	leftcenter	-1.0
idahopress.com	left-center	leftcenter	-1.0
ifamericaknew.org	left-center	leftcenter	-1.0
iflscience.com	left-center	leftcenter	-1.0
independentaustralia.net	left-center	leftcenter	-1.0
index.hr	left-center	leftcenter	-1.0
inews.co.uk	left-center	leftcenter	-1.0
infobae.com	left-center	leftcenter	-1.0
infoplease.com	left-center	leftcenter	-1.0
simcoe.com/innisfil-on	left-center	leftcenter	-1.0
inquisitr.com/news	left-center	leftcenter	-1.0
insideedition.com	left-center	leftcenter	-1.0
insideevs.com	left-center	leftcenter	-1.0
insidehighered.com	left-center	leftcenter	-1.0
insidephilanthropy.com	left-center	leftcenter	-1.0
insider.com	left-center	leftcenter	-1.0
insideclimatenews.org	left-center	leftcenter	-1.0
instituteforgovernment.org.uk	left-center	leftcenter	-1.0
imeu.org	left-center	leftcenter	-1.0
itep.org	left-center	leftcenter	-1.0
en.interfax.com.ua	left-center	leftcenter	-1.0
ibtimes.com	left-center	leftcenter	-1.0
icrw.org	left-center	leftcenter	-1.0
crisisgroup.org	left-center	leftcenter	-1.0
interpretermag.com	left-center	leftcenter	-1.0
inverse.com	left-center	leftcenter	-1.0
press-citizen.com	left-center	leftcenter	-1.0
ipolitics.ca	left-center	leftcenter	-1.0
irishmirror.ie	left-center	leftcenter	-1.0
israel21c.org	left-center	leftcenter	-1.0
ithacajournal.com	left-center	leftcenter	-1.0
thenewhumanitarian.org	left-center	leftcenter	-1.0
jacksonfreepress.com	left-center	leftcenter	-1.0
jacksonsun.com	left-center	leftcenter	-1.0
jacksonvilleprogress.com	left-center	leftcenter	-1.0
jalopnik.com	left-center	leftcenter	-1.0
japantoday.com	left-center	leftcenter	-1.0
ijpr.org	left-center	leftcenter	-1.0
newsandtribune.com	left-center	leftcenter	-1.0
nj.com/jjournal	left-center	leftcenter	-1.0
jihadica.com	left-center	leftcenter	-1.0
joe.co.uk	left-center	leftcenter	-1.0
joe.ie	left-center	leftcenter	-1.0
jointcenter.org	left-center	leftcenter	-1.0
helvidius.org	left-center	leftcenter	-1.0
daily.jstor.org	left-center	leftcenter	-1.0
judithbasinpress.net	left-center	leftcenter	-1.0
jurist.org	left-center	leftcenter	-1.0
justsecurity.org	left-center	leftcenter	-1.0
kff.org	left-center	leftcenter	-1.0
khn.org	left-center	leftcenter	-1.0
sasktoday.ca/central/kamsack-times	left-center	leftcenter	-1.0
kansascity.com	left-center	leftcenter	-1.0
kasu.org	left-center	leftcenter	-1.0
thepeterboroughexaminer.com/local-kawartha-lakes	left-center	leftcenter	-1.0
kawc.org	left-center	leftcenter	-1.0
kbbi.org	left-center	leftcenter	-1.0
kbrw.org	left-center	leftcenter	-1.0
redriverradio.org	left-center	leftcenter	-1.0
kcaw.org	left-center	leftcenter	-1.0
mynspr.org	left-center	leftcenter	-1.0
denver.cbslocal.com	left-center	leftcenter	-1.0
kcrw.com	left-center	leftcenter	-1.0
cbsnews.com/pittsburgh	left-center	leftcenter	-1.0
kchu.org	left-center	leftcenter	-1.0
kdlg.org	left-center	leftcenter	-1.0
kdll.org	left-center	leftcenter	-1.0
kelownacapnews.com	left-center	leftcenter	-1.0
insideottawavalley.com/kemptville-on	left-center	leftcenter	-1.0
kenoshanews.com	left-center	leftcenter	-1.0
myeasternshoremd.com/kent_county_news	left-center	leftcenter	-1.0
southernminn.com/the_kenyon_leader	left-center	leftcenter	-1.0
kfsk.org	left-center	leftcenter	-1.0
abc30.com	left-center	leftcenter	-1.0
abc7news.com	left-center	leftcenter	-1.0
khns.org	left-center	leftcenter	-1.0
khsu.org	left-center	leftcenter	-1.0
kilgorenewsherald.com	left-center	leftcenter	-1.0
northernsentinel.com	left-center	leftcenter	-1.0
kiyu.com	left-center	leftcenter	-1.0
kjzz.org	left-center	leftcenter	-1.0
kmxt.org	left-center	leftcenter	-1.0
knau.org	left-center	leftcenter	-1.0
knightfoundation.org	left-center	leftcenter	-1.0
nbcdfw.com	left-center	leftcenter	-1.0
koco.com	left-center	leftcenter	-1.0
kokomotribune.com	left-center	leftcenter	-1.0
kotaku.com	left-center	leftcenter	-1.0
sacramento.cbslocal.com	left-center	leftcenter	-1.0
kpcc.org	left-center	leftcenter	-1.0
kpic.com	right-center	right-center	1.0
sanfrancisco.cbslocal.com	left-center	leftcenter	-1.0
kqed.org	left-center	leftcenter	-1.0
krbd.org	left-center	leftcenter	-1.0
alaskapublic.org	left-center	leftcenter	-1.0
kstk.org	left-center	leftcenter	-1.0
ktna.org	left-center	leftcenter	-1.0
ktoo.org	left-center	leftcenter	-1.0
abc13.com	left-center	leftcenter	-1.0
cbsnews.com/dfw	left-center	leftcenter	-1.0
kuac.org	left-center	leftcenter	-1.0
kuaf.com	left-center	leftcenter	-1.0
ualrpublicradio.org	left-center	leftcenter	-1.0
news.azpm.org	left-center	leftcenter	-1.0
kucb.org	left-center	leftcenter	-1.0
idahopress.com/kuna	left-center	leftcenter	-1.0
kuow.org	left-center	leftcenter	-1.0
kurdistan24.net	left-center	leftcenter	-1.0
kvpr.org	left-center	leftcenter	-1.0
capradio.org	left-center	leftcenter	-1.0
kyivindependent.com	left-center	leftcenter	-1.0
kyivpost.com	left-center	leftcenter	-1.0
kyuk.org	left-center	leftcenter	-1.0
laconiadailysun.com	left-center	leftcenter	-1.0
ladepeche.fr	left-center	leftcenter	-1.0
ladysmithchronicle.com	left-center	leftcenter	-1.0
theadvertiser.com	left-center	leftcenter	-1.0
jconline.com	left-center	leftcenter	-1.0
lakecowichangazette.com	left-center	leftcenter	-1.0
lajuntatribunedemocrat.com	left-center	leftcenter	-1.0
langleyadvancetimes.com	left-center	leftcenter	-1.0
lapresse.ca	left-center	leftcenter	-1.0
repubblica.it	left-center	leftcenter	-1.0
lastampa.it	left-center	leftcenter	-1.0
latimes.com	left-center	leftcenter	-1.0
lasvegassun.com	left-center	leftcenter	-1.0
latintimes.com	left-center	leftcenter	-1.0
laureloutlook.com	left-center	leftcenter	-1.0
lawandcrime.com		leftcenter	-1.0
reporter.net	left-center	leftcenter	-1.0
leftjustified.com	left-center	leftcenter	-1.0
lemonde.fr	left-center	leftcenter	-1.0
lesoleil.com	left-center	leftcenter	-1.0
lesswrong.com	left-center	leftcenter	-1.0
southernminn.com/le_sueur_county_news	left-center	leftcenter	-1.0
lethbridgeherald.com	left-center	leftcenter	-1.0
kentucky.com	left-center	leftcenter	-1.0
lewistownnews.com	left-center	leftcenter	-1.0
liberation.fr	left-center	leftcenter	-1.0
news.ltn.com.tw	left-center	leftcenter	-1.0
lifehacker.com	left-center	leftcenter	-1.0
lincolncourier.com	left-center	leftcenter	-1.0
livingstondaily.com	left-center	leftcenter	-1.0
lockportjournal.com	left-center	leftcenter	-1.0
londonnewstoday.ca	left-center	leftcenter	-1.0
southernminn.com/lonsdale_area_news_review	left-center	leftcenter	-1.0
lamag.com	left-center	leftcenter	-1.0
macleans.ca	left-center	leftcenter	-1.0
madinamerica.com	left-center	leftcenter	-1.0
mainichi.jp	left-center	leftcenter	-1.0
malaysiakini.com	left-center	leftcenter	-1.0
manchestereveningnews.co.uk	left-center	leftcenter	-1.0
mb.com.ph	left-center	leftcenter	-1.0
mankatofreepress.com	left-center	leftcenter	-1.0
maplight.org		leftcenter	-1.0
marketrealist.com	left-center	leftcenter	-1.0
yorkregion.com/markham-on	left-center	leftcenter	-1.0
somdnews.com/enquirer_gazette	left-center	leftcenter	-1.0
marshallnewsmessenger.com	left-center	leftcenter	-1.0
reporter-times.com	left-center	leftcenter	-1.0
somdnews.com/independent	left-center	leftcenter	-1.0
marylandmatters.org	left-center	leftcenter	-1.0
indeonline.com	left-center	leftcenter	-1.0
mcalesternews.com	left-center	leftcenter	-1.0
mcclatchydc.com	left-center	leftcenter	-1.0
mcdonoughvoice.com	left-center	leftcenter	-1.0
mediafiledc.com	left-center	leftcenter	-1.0
mediapart.fr	left-center	leftcenter	-1.0
medium.com	left-center	leftcenter	-1.0
menshealth.com	left-center	leftcenter	-1.0
mensjournal.com	left-center	leftcenter	-1.0
mesabitribune.com	left-center	leftcenter	-1.0
metro.us	left-center	leftcenter	-1.0
metro.co.uk	left-center	leftcenter	-1.0
nhregister.com		leftcenter	-1.0
mexiconewsdaily.com	left-center	leftcenter	-1.0
miamiherald.com	left-center	leftcenter	-1.0
mic.com	left-center	leftcenter	-1.0
middleeasteye.net	left-center	leftcenter	-1.0
simcoe.com/midland-on	left-center	leftcenter	-1.0
migrationpolicy.org		leftcenter	-1.0
milforddailynews.com	left-center	leftcenter	-1.0
milkeninstitute.org	left-center	leftcenter	-1.0
unionrecorder.com	left-center	leftcenter	-1.0
messagemedia.co/millelacs	left-center	leftcenter	-1.0
thestar.com/local-milton	left-center	leftcenter	-1.0
jsonline.com	left-center	leftcenter	-1.0
weatherforddemocrat.com/mineral-wells	left-center	leftcenter	-1.0
startribune.com	left-center	leftcenter	-1.0
mprnews.org	left-center	leftcenter	-1.0
minnpost.com	left-center	leftcenter	-1.0
mississauga.com	left-center	leftcenter	-1.0
mississippitoday.org	left-center	leftcenter	-1.0
moneytalksnews.com	left-center	leftcenter	-1.0
news.mongabay.com	left-center	leftcenter	-1.0
montgomeryadvertiser.com	left-center	leftcenter	-1.0
montgomery-herald.com	left-center	leftcenter	-1.0
hometownsource.com/monticello_times	left-center	leftcenter	-1.0
morningbrew.com	left-center	leftcenter	-1.0
hometownsource.com/morrison_county_record	left-center	leftcenter	-1.0
themoscowtimes.com	left-center	leftcenter	-1.0
motherjones.com	left-center	leftcenter	-1.0
mnn.com		leftcenter	-1.0
mothership.sg	left-center	leftcenter	-1.0
moultrieobserver.com	left-center	leftcenter	-1.0
msn.com	left-center	leftcenter	-1.0
thestarpress.com	left-center	leftcenter	-1.0
mycentraljersey.com	left-center	leftcenter	-1.0
nakedcapitalism.com		leftcenter	-1.0
nanaimobulletin.com	left-center	leftcenter	-1.0
naplesnews.com	left-center	leftcenter	-1.0
transequality.org		leftcenter	-1.0
natmonitor.com	left-center	leftcenter	-1.0
nationalnewswatch.com	left-center	leftcenter	-1.0
nationalobserver.com	left-center	leftcenter	-1.0
youthrights.org	left-center	leftcenter	-1.0
resourcegovernance.org	left-center	leftcenter	-1.0
nature.org	left-center	leftcenter	-1.0
nbcphiladelphia.com	left-center	leftcenter	-1.0
nbcchicago.com	left-center	leftcenter	-1.0
nbclosangeles.com	left-center	leftcenter	-1.0
nbcnews.com	left-center	leftcenter	-1.0
nbcnewyork.com	left-center	leftcenter	-1.0
ndtv.com	left-center	leftcenter	-1.0
newamerica.org	left-center	leftcenter	-1.0
southcoasttoday.com	left-center	leftcenter	-1.0
ncnewsonline.com	left-center	leftcenter	-1.0
neweurope.eu	left-center	leftcenter	-1.0
newhamburgindependent.ca	left-center	leftcenter	-1.0
newindianexpress.com	left-center	leftcenter	-1.0
njherald.com	left-center	leftcenter	-1.0
newleftreview.org	left	leftcenter	-1.0
yorkregion.com/newmarket-on	left-center	leftcenter	-1.0
newmatilda.com	left	leftcenter	-1.0
newscentermaine.com	left-center	leftcenter	-1.0
newwestrecord.ca	left-center	leftcenter	-1.0
nydailynews.com	left-center	leftcenter	-1.0
nytimes.com	left-center	leftcenter	-1.0
newsandguts.com	left-center	leftcenter	-1.0
newsday.com	left-center	leftcenter	-1.0
newser.com	left-center	leftcenter	-1.0
newshub.co.nz	left-center	leftcenter	-1.0
scrippsnews.com	left-center	leftcenter	-1.0
www3.nhk.or.jp/nhkworld	left-center	leftcenter	-1.0
niagarafallsreview.ca	left-center	leftcenter	-1.0
niagara-gazette.com	left-center	leftcenter	-1.0
niagarathisweek.com	left-center	leftcenter	-1.0
niemanlab.org	left-center	leftcenter	-1.0
niskanencenter.org	left-center	leftcenter	-1.0
bohemian.com	left-center	leftcenter	-1.0
northdeltareporter.com	left-center	leftcenter	-1.0
southernminn.com/northfield_news	left-center	leftcenter	-1.0
northislandgazette.com	left-center	leftcenter	-1.0
nsnews.com	left-center	leftcenter	-1.0
barrierestarjournal.com	left-center	leftcenter	-1.0
northumberlandnews.com	left-center	leftcenter	-1.0
therecord.com/local-toronto-north-york	left-center	leftcenter	-1.0
norwichbulletin.com	left-center	leftcenter	-1.0
novinky.cz	left-center	leftcenter	-1.0
nownews.com	left-center	leftcenter	-1.0
nrc.nl	left-center	leftcenter	-1.0
npr.org	left-center	leftcenter	-1.0
oakbaynews.com	left-center	leftcenter	-1.0
insidehalton.com/oakville-on	left-center	leftcenter	-1.0
ocala.com	left-center	leftcenter	-1.0
ocweekly.com		leftcenter	-1.0
oilandwaterdontmix.org	left-center	leftcenter	-1.0
westernwheel.ca	left-center	leftcenter	-1.0
oneindia.com	left-center	leftcenter	-1.0
dailyworld.com	left-center	leftcenter	-1.0
opendemocracy.net	left-center	leftcenter	-1.0
pogo.org	left-center	leftcenter	-1.0
orangeville.com	left-center	leftcenter	-1.0
simcoe.com/orillia-on	left-center	leftcenter	-1.0
orlandosentinel.com	left-center	leftcenter	-1.0
thespec.com/local-oshawa/home.html	left-center	leftcenter	-1.0
oskaloosa.com	left-center	leftcenter	-1.0
ottumwacourier.com	left-center	leftcenter	-1.0
ourworldindata.org	left-center	leftcenter	-1.0
outsideonline.com	left-center	leftcenter	-1.0
outsidethebeltway.com	left-center	leftcenter	-1.0
psmag.com	left-center	leftcenter	-1.0
palestineherald.com	left-center	leftcenter	-1.0
palmbeachdailynews.com	left-center	leftcenter	-1.0
panolawatchman.com	left-center	leftcenter	-1.0
newsherald.com	left-center	leftcenter	-1.0
pqbnews.com	left-center	leftcenter	-1.0
parrysound.com/parrysound-news	left-center	leftcenter	-1.0
parrysound.com	left-center	leftcenter	-1.0
patrioticmillionaires.org	left-center	leftcenter	-1.0
paulsvalleydailydemocrat.com	left-center	leftcenter	-1.0
pbs.org/newshour	left-center	leftcenter	-1.0
peacearchnews.com	left-center	leftcenter	-1.0
pekintimes.com	left-center	leftcenter	-1.0
peninsulanewsreview.com	left-center	leftcenter	-1.0
insideottawavalley.com/perth-on	left-center	leftcenter	-1.0
thepeterboroughexaminer.com	left-center	leftcenter	-1.0
petoskeynews.com	left-center	leftcenter	-1.0
pharostribune.com	left-center	leftcenter	-1.0
inquirer.com	left-center	leftcenter	-1.0
phillytrib.com	left-center	leftcenter	-1.0
inquirer.net	left-center	leftcenter	-1.0
philstar.com	left-center	leftcenter	-1.0
phillyvoice.com	left-center	leftcenter	-1.0
phoenixnewtimes.com	left-center	leftcenter	-1.0
durhamregion.com/pickering-on	left-center	leftcenter	-1.0
piquenewsmagazine.com	left-center	leftcenter	-1.0
hometownsource.com/sun_sailor	left-center	leftcenter	-1.0
politico.com	left-center	leftcenter	-1.0
politico.eu	left-center	leftcenter	-1.0
politics.co.uk	left-center	leftcenter	-1.0
politifact.com	left-center	leftcenter	-1.0
polygon.com	left-center	leftcenter	-1.0
pontiacdailyleader.com	left-center	leftcenter	-1.0
populationconnection.org	left	leftcenter	-1.0
albernivalleynews.com	left-center	leftcenter	-1.0
stcatharinesstandard.ca/local-port-colborne	left-center	leftcenter	-1.0
pressherald.com		leftcenter	-1.0
pamplinmedia.com		leftcenter	-1.0
therecord.com/local-port-perry	left-center	leftcenter	-1.0
seacoastonline.com	left-center	leftcenter	-1.0
positive.news	left-center	leftcenter	-1.0
poughkeepsiejournal.com	left-center	leftcenter	-1.0
prpeak.com	left-center	leftcenter	-1.0
sasktoday.ca/central/preeceville-progress	left-center	leftcenter	-1.0
theworld.org		leftcenter	-1.0
princegeorgecitizen.com	left-center	leftcenter	-1.0
private-eye.co.uk		leftcenter	-1.0
hjnews.com/preston	left-center	leftcenter	-1.0
thenorthernview.com	left-center	leftcenter	-1.0
ptonline.net	left-center	leftcenter	-1.0
hometownsource.com/union_times	left-center	leftcenter	-1.0
project-syndicate.org	left-center	leftcenter	-1.0
propublica.org	left-center	leftcenter	-1.0
prospectmagazine.co.uk		leftcenter	-1.0
protocol.com	left-center	leftcenter	-1.0
providencejournal.com		leftcenter	-1.0
citizen.org		leftcenter	-1.0
publicnewsservice.org	left-center	leftcenter	-1.0
publico.es	left-center	leftcenter	-1.0
puck.news	left-center	leftcenter	-1.0
chieftain.com	left-center	leftcenter	-1.0
pulse.ng	left-center	leftcenter	-1.0
qz.com	left-center	leftcenter	-1.0
quesnelobserver.com	left-center	leftcenter	-1.0
patriotledger.com	left-center	leftcenter	-1.0
rfa.org		leftcenter	-1.0
radiotelevisionmarti.com	left-center	leftcenter	-1.0
newsobserver.com		leftcenter	-1.0
rappler.com	left-center	leftcenter	-1.0
rationalwiki.org/wiki/main_page		leftcenter	-1.0
relevantmagazine.com	left-center	leftcenter	-1.0
religionnews.com	left-center	leftcenter	-1.0
religionandpolitics.org	left-center	leftcenter	-1.0
insideottawavalley.com/ontario-communities/renfrew	left-center	leftcenter	-1.0
rgj.com		leftcenter	-1.0
represent.us		leftcenter	-1.0
retailwire.com	left-center	leftcenter	-1.0
revealnews.org		leftcenter	-1.0
therecord.com/local-richmond-hill	left-center	leftcenter	-1.0
richmond-news.com	left-center	leftcenter	-1.0
pal-item.com	left-center	leftcenter	-1.0
richmondregister.com	left-center	leftcenter	-1.0
ridgecrestca.com	left-center	leftcenter	-1.0
militarist-monitor.org		leftcenter	-1.0
rocketnews.com	left-center	leftcenter	-1.0
rrstar.com	left-center	leftcenter	-1.0
heraldonline.com	left-center	leftcenter	-1.0
rockwallheraldbanner.com	left-center	leftcenter	-1.0
rmi.org	left-center	leftcenter	-1.0
rollingout.com	left-center	leftcenter	-1.0
rooseveltinstitute.org		leftcenter	-1.0
roysecityheraldbanner.com	left-center	leftcenter	-1.0
saanichnews.com	left-center	leftcenter	-1.0
sacbee.com	left-center	leftcenter	-1.0
salina.com	left-center	leftcenter	-1.0
delmarvanow.com	left-center	leftcenter	-1.0
sltrib.com		leftcenter	-1.0
expressnews.com		leftcenter	-1.0
sandiegoreader.com		leftcenter	-1.0
sfchronicle.com	left-center	leftcenter	-1.0
sfexaminer.com		leftcenter	-1.0
mercurynews.com	left-center	leftcenter	-1.0
sanluisobispo.com	left-center	leftcenter	-1.0
independent.com	left-center	leftcenter	-1.0
sapiens.org	left-center	leftcenter	-1.0
sarnianewstoday.ca	left-center	leftcenter	-1.0
saudigazette.com.sa	left-center (by saudi standards)	leftcenter	-1.0
toronto.com/news/scarborough	left-center	leftcenter	-1.0
sciencing.com	left-center	leftcenter	-1.0
scoopwhoop.com		leftcenter	-1.0
scroll.in		leftcenter	-1.0
seattlepi.com		leftcenter	-1.0
seattletimes.com	left-center	leftcenter	-1.0
coastreporter.net	left-center	leftcenter	-1.0
self.com	left-center	leftcenter	-1.0
sentencingproject.org	left-center	leftcenter	-1.0
sfgate.com	left-center	leftcenter	-1.0
share.america.gov	left-center	leftcenter	-1.0
shelbystar.com	left-center	leftcenter	-1.0
showbiz411.com	left-center	leftcenter	-1.0
interior-news.com	left-center	leftcenter	-1.0
insideottawavalley.com/ontario-communities/smiths-falls	left-center	leftcenter	-1.0
snopes.com	left-center	leftcenter	-1.0
sojo.net	left-center	leftcenter	-1.0
somerset-kentucky.com	left-center	leftcenter	-1.0
sookenewsmirror.com	left-center	leftcenter	-1.0
sootoday.com	left-center	leftcenter	-1.0
scmp.com	left-center	leftcenter	-1.0
nj.com/south	left-center	leftcenter	-1.0
sbs.com.au	left-center	leftcenter	-1.0
spiegel.de	left-center	leftcenter	-1.0
spin.com	left-center	leftcenter	-1.0
si.com	left-center	leftcenter	-1.0
news-leader.com	left-center	leftcenter	-1.0
staugustine.com	left-center	leftcenter	-1.0
stltoday.com	left-center	leftcenter	-1.0
stamfordadvocate.com	left-center	leftcenter	-1.0
nj.com/starledger	left-center	leftcenter	-1.0
statnews.com	left-center	leftcenter	-1.0
news.climate.columbia.edu	left-center	leftcenter	-1.0
stcatharinesstandard.ca	left-center	leftcenter	-1.0
newsaegis.com	left-center	leftcenter	-1.0
stepfeed.com	left-center	leftcenter	-1.0
hometownsource.com/stillwater_gazette	left-center	leftcenter	-1.0
stilwelldemocrat.com	left-center	leftcenter	-1.0
thespec.com/local-stoney-creek	left-center	leftcenter	-1.0
stopfake.org	left-center	leftcenter	-1.0
therecord.com/local-stouffville	left-center	leftcenter	-1.0
southernminn.com/st_peter_herald	left-center	leftcenter	-1.0
stuff.co.nz	left-center	leftcenter	-1.0
sturgisjournal.com	left-center	leftcenter	-1.0
agriculture.com	left-center	leftcenter	-1.0
sueddeutsche.de	left-center	leftcenter	-1.0
sunlightfoundation.com	left-center	leftcenter	-1.0
surreynowleader.com	left-center	leftcenter	-1.0
swissinfo.ch	left-center	leftcenter	-1.0
syriahr.com	left-center	leftcenter	-1.0
taipeitimes.com	left-center	leftcenter	-1.0
taiwannews.com.tw	left-center	leftcenter	-1.0
tallahassee.com	left-center	leftcenter	-1.0
tampabay.com	left-center	leftcenter	-1.0
taskandpurpose.com	left-center	leftcenter	-1.0
tauntongazette.com	left-center	leftcenter	-1.0
taxjustice.net	left-center	leftcenter	-1.0
taxpolicycenter.org	left-center	leftcenter	-1.0
tcpalm.com	left-center	leftcenter	-1.0
techcrunch.com	left-center	leftcenter	-1.0
techdirt.com	left-center	leftcenter	-1.0
terracestandard.com	left-center	leftcenter	-1.0
tribstar.com	left-center	leftcenter	-1.0
texasmonthly.com	left-center	leftcenter	-1.0
texastribune.org	left-center	leftcenter	-1.0
the74million.org	left-center	leftcenter	-1.0
theage.com.au	left-center	leftcenter	-1.0
asahi.com/ajw		leftcenter	-1.0
app.com	left-center	leftcenter	-1.0
augustachronicle.com	left-center	leftcenter	-1.0
thebaltimorebanner.com	left-center	leftcenter	-1.0
belfercenter.org	left-center	leftcenter	-1.0
thebipartisanpress.com	left-center	leftcenter	-1.0
thebureauinvestigates.com	left-center	leftcenter	-1.0
caravanmagazine.in	left-center	leftcenter	-1.0
cepr.net	left-center	leftcenter	-1.0
tcf.org		leftcenter	-1.0
thechristianleft.org	left-center	leftcenter	-1.0
chronicle.com	left-center	leftcenter	-1.0
thecitizen.org.au	left-center	leftcenter	-1.0
thecity.nyc	left-center	leftcenter	-1.0
coloradoan.com	left-center	leftcenter	-1.0
coloradosun.com	left-center	leftcenter	-1.0
canadians.org	left-center	leftcenter	-1.0
courier-journal.com	left-center	leftcenter	-1.0
daltondailycitizen.com	left-center	leftcenter	-1.0
dailyclimate.org		leftcenter	-1.0
dailyhive.com	left-center	leftcenter	-1.0
thedailystar.com	left-center	leftcenter	-1.0
dailytarheel.com	left-center	leftcenter	-1.0
theday.com	left-center	leftcenter	-1.0
dominionpost.com	left-center	leftcenter	-1.0
somdnews.com/enterprise	left-center	leftcenter	-1.0
ecfr.eu	left-center	leftcenter	-1.0
lehighvalleylive.com	left-center	leftcenter	-1.0
forward.com	left-center	leftcenter	-1.0
readfrontier.org	left-center	leftcenter	-1.0
thefulcrum.us	left-center	leftcenter	-1.0
thegardenisland.com	left-center	leftcenter	-1.0
heraldscotland.com	left-center	leftcenter	-1.0
goshennews.com	left-center	leftcenter	-1.0
theguardian.com	left-center	leftcenter	-1.0
thehawkeye.com	left-center	leftcenter	-1.0
heraldnet.com	left-center	leftcenter	-1.0
hilltimes.com	left-center	leftcenter	-1.0
thehindu.com	left-center	leftcenter	-1.0
thehumanist.com	left-center	leftcenter	-1.0
hutchnews.com	left-center	leftcenter	-1.0
independent.co.uk/us	left-center	leftcenter	-1.0
theifp.ca	left-center	leftcenter	-1.0
indianexpress.com	left-center	leftcenter	-1.0
theintercept.com	left	leftcenter	-1.0
irishexaminer.com	left-center	leftcenter	-1.0
irishtimes.com	left-center	leftcenter	-1.0
irrawaddy.com	left-center	leftcenter	-1.0
thejakartapost.com	left center	leftcenter	-1.0
thejournal.ie	left-center	leftcenter	-1.0
journalistsresource.org	left-center	leftcenter	-1.0
lohud.com	least biased	leftcenter	-1.0
koreatimes.co.kr	left-center	leftcenter	-1.0
theledger.com	left-center	leftcenter	-1.0
lincolnproject.us	left-center	leftcenter	-1.0
thelist.com	left-center	leftcenter	-1.0
thelocal.no	left-center	leftcenter	-1.0
mauinews.com	left-center	leftcenter	-1.0
themoderatevoice.com	left-center	leftcenter	-1.0
fool.com	left-center	leftcenter	-1.0
muskokaregion.com	left-center	leftcenter	-1.0
thenational.scot	left-center	leftcenter	-1.0
alaraby.co.uk/english	left-center	leftcenter	-1.0
thenewtropic.com	left-center	leftcenter	-1.0
thenewstribune.com	left-center	leftcenter	-1.0
newstimes.com	left-center	leftcenter	-1.0
thenextweb.com	left-center	leftcenter	-1.0
theguardian.com/observer	left-center	leftcenter	-1.0
theodysseyonline.com	left-center	leftcenter	-1.0
theolympian.com	left-center	leftcenter	-1.0
occrp.org	left-center	leftcenter	-1.0
palmbeachpost.com	left-center	leftcenter	-1.0
pennlive.com	left-center	leftcenter	-1.0
cleveland.com/plaindealer	left-center	leftcenter	-1.0
pressdemocrat.com	left-center	leftcenter	-1.0
punchng.com	left-center	leftcenter	-1.0
thequint.com	left-center	leftcenter	-1.0
northjersey.com	least biased	leftcenter	-1.0
therighting.com	left-center	leftcenter	-1.0
theringer.com	left-center	leftcenter	-1.0
santafenewmexican.com	left-center	leftcenter	-1.0
thesaturdaypaper.com.au	left-center	leftcenter	-1.0
sooeveningnews.com	left-center	leftcenter	-1.0
theskimm.com	left-center	leftcenter	-1.0
stanforddaily.com	left-center	leftcenter	-1.0
thestate.com	left-center	leftcenter	-1.0
sj-r.com	left-center	leftcenter	-1.0
statepress.com	left-center	leftcenter	-1.0
thesunmagazine.org	left-center	leftcenter	-1.0
smh.com.au	left-center	leftcenter	-1.0
thetab.com	left-center	leftcenter	-1.0
thetrace.org	left-center	leftcenter	-1.0
thetyee.ca	left-center	leftcenter	-1.0
thevarsity.ca	left-center	leftcenter	-1.0
theverge.com	left-center	leftcenter	-1.0
pilotonline.com	left-center	leftcenter	-1.0
theweek.co.uk	left-center	leftcenter	-1.0
wilderness.org	left-center	leftcenter	-1.0
thewire.in	left-center	leftcenter	-1.0
thewrap.com	left-center	leftcenter	-1.0
dailycomet.com	left-center	leftcenter	-1.0
timesenterprise.com	left-center	leftcenter	-1.0
trust.org	left-center	leftcenter	-1.0
yorkregion.com/ontario-communities/thornhill	left-center	leftcenter	-1.0
threenow.co.nz	left-center	leftcenter	-1.0
thrillist.com	left-center	leftcenter	-1.0
tiftongazette.com	left-center	leftcenter	-1.0
time.com	left-center	leftcenter	-1.0
timescolonist.com	left-center	leftcenter	-1.0
timesheadline.com	left-center	leftcenter	-1.0
timesofisrael.com	left-center	leftcenter	-1.0
nj.com/times	left-center	leftcenter	-1.0
nola.com	left-center	leftcenter	-1.0
tmz.com	left-center	leftcenter	-1.0
today.com	left-center	leftcenter	-1.0
westerlynews.ca	left-center	leftcenter	-1.0
tomdispatch.com	left-center	leftcenter	-1.0
cjonline.com	left-center	leftcenter	-1.0
thestar.com	left-center	leftcenter	-1.0
truthbetold.news	left-center	leftcenter	-1.0
tuscaloosanews.com	left-center	leftcenter	-1.0
tvanouvelles.ca	left-center	leftcenter	-1.0
typemediacenter.org	left-center	leftcenter	-1.0
uawire.org	left-center	leftcenter	-1.0
undark.org	left-center	leftcenter	-1.0
ucsusa.org	pro-science	leftcenter	-1.0
uft.org	left-center	leftcenter	-1.0
uscis.gov	left-center	leftcenter	-1.0
universitybusiness.com	left-center	leftcenter	-1.0
news.un.org	left-center	leftcenter	-1.0
pravda.com.ua	left-center	leftcenter	-1.0
urban.org	left-center	leftcenter	-1.0
usatoday.com	left-center	leftcenter	-1.0
usnews.com	left-center	leftcenter	-1.0
upr.org	left-center	leftcenter	-1.0
uticaod.com	left-center	leftcenter	-1.0
centerforpolitics.org	left-center	leftcenter	-1.0
valdostadailytimes.com	left-center	leftcenter	-1.0
vancouverislandfreedaily.com	left-center	leftcenter	-1.0
ominecaexpress.com	left-center	leftcenter	-1.0
variety.com	left-center	leftcenter	-1.0
yorkregion.com/ontario-communities/vaughan	left-center	leftcenter	-1.0
vcstar.com	left-center	leftcenter	-1.0
verafiles.org	left-center	leftcenter	-1.0
vibe.com	left-center	leftcenter	-1.0
vice.com	left-center	leftcenter	-1.0
victoriaadvocate.com	left-center	leftcenter	-1.0
victoriabuzz.com	left-center	leftcenter	-1.0
vicnews.com	left-center	leftcenter	-1.0
vvdailypress.com	left-center	leftcenter	-1.0
thedailyjournal.com	left-center	leftcenter	-1.0
virginiamercury.com	left-center	leftcenter	-1.0
visaliatimesdelta.com	left-center	leftcenter	-1.0
vladtv.com	left-center	leftcenter	-1.0
voiceofoc.org	left-center	leftcenter	-1.0
voiceofsandiego.org	left-center	leftcenter	-1.0
votevets.org	left-center	leftcenter	-1.0
vtdigger.org	left-center	leftcenter	-1.0
vulture.com	left-center	leftcenter	-1.0
hometownsource.com/sun_patriot	left-center	leftcenter	-1.0
walesonline.co.uk	left-center	leftcenter	-1.0
walkermn.com	left-center	leftcenter	-1.0
wamu.org	left-center	leftcenter	-1.0
nj.com/warren	left-center	leftcenter	-1.0
southernminn.com/waseca_county_news	left-center	leftcenter	-1.0
washingtonblade.com	left-center	leftcenter	-1.0
washingtonmonthly.com	left-center	leftcenter	-1.0
wola.org	left-center	leftcenter	-1.0
washingtonpost.com	left-center	leftcenter	-1.0
apr.org	left-center	leftcenter	-1.0
waterloochronicle.ca	left-center	leftcenter	-1.0
therecord.com	left-center	leftcenter	-1.0
chicago.cbslocal.com	left-center	leftcenter	-1.0
nbcboston.com	left-center	leftcenter	-1.0
minnesota.cbslocal.com	left-center	leftcenter	-1.0
wellandtribune.ca	left-center	leftcenter	-1.0
westhawaiitoday.com	left-center	leftcenter	-1.0
miami.cbslocal.com	left-center	leftcenter	-1.0
whdh.com	left-center	leftcenter	-1.0
durhamregion.com/ontario-communities/whitby/news	left-center	leftcenter	-1.0
whitehouse.gov	left-center	leftcenter	-1.0
whyy.org	left-center	leftcenter	-1.0
wltribune.com	left-center	leftcenter	-1.0
starnewsonline.com	left-center	leftcenter	-1.0
wikileaks.org	left-center	leftcenter	-1.0
windsornewstoday.ca	left-center	leftcenter	-1.0
wired.com	left-center	leftcenter	-1.0
wishtv.com	left-center	leftcenter	-1.0
wjab.org	left-center	leftcenter	-1.0
atlanta.cbslocal.com	left-center	leftcenter	-1.0
wlrh.org	left-center	leftcenter	-1.0
wnyc.org	left-center	leftcenter	-1.0
wilsoncenter.org	left-center	leftcenter	-1.0
the-daily-record.com	left-center	leftcenter	-1.0
broadenimpact.com/world-policy	left-center	leftcenter	-1.0
worldcrunch.com	left-center	leftcenter	-1.0
weforum.org	left-center	leftcenter	-1.0
worldpress.org	left-center	leftcenter	-1.0
wri.org	left-center	leftcenter	-1.0
6abc.com	left-center	leftcenter	-1.0
nbcwashington.com	left center	leftcenter	-1.0
wsvn.com	left-center	leftcenter	-1.0
tampa.cbslocal.com	left-center	leftcenter	-1.0
nbcmiami.com	left-center	leftcenter	-1.0
wvasfm.org	left-center	leftcenter	-1.0
detroit.cbslocal.com	left-center	leftcenter	-1.0
news.yahoo.com	left-center	leftcenter	-1.0
world.yale.edu/yale-global	left-center	leftcenter	-1.0
ynetnews.com	left-center	leftcenter	-1.0
ydr.com	left-center	leftcenter	-1.0
yorkdispatch.com	left-center	leftcenter	-1.0
yr.media	left-center	leftcenter	-1.0
7news.com.au	right-center	right-center	1.0
9news.com.au	right-center	right-center	1.0
19fortyfive.com	right-center	right-center	1.0
abc.es	right-center	right-center	1.0
theadvocates.org	right-center	right-center	1.0
english.ahram.org.eg	right-center	right-center	1.0
airdrieecho.com	right-center	right-center	1.0
al.com	right-center	right-center	1.0
altoday.com	right-center	right-center	1.0
shelbycountyreporter.com/category/alabaster-news	right-center	right-center	1.0
albertleatribune.com	right-center	right-center	1.0
abqjournal.com	right-center	right-center	1.0
aleteia.org	right-center	right-center	1.0
alexcityoutlook.com	right-center	right-center	1.0
echopress.com	right-center	right-center	1.0
americanactionforum.org	right-center	right-center	1.0
americanaffairsjournal.org	right-center	right-center	1.0
acsh.org	right-center	right-center	1.0
americanfirearms.org	right-center	right-center	1.0
aier.org	right-center	right-center	1.0
americanmilitarynews.com	right-center	right-center	1.0
americasquarterly.org	right-center	right-center	1.0
americustimesrecorder.com	right-center	right-center	1.0
anchoragepress.com	right-center	right-center	1.0
andalusiastarnews.com	right-center	right-center	1.0
angusreid.org	right-center	right-center	1.0
saltwire.com/nova-scotia/communities/annapolis-valley	right-center	right-center	1.0
antiwar.com	right-center	right-center	1.0
hk.appledaily.com	right-center	right-center	1.0
arcamax.com	right-center	right-center	1.0
argusleader.com	right-center	right-center	1.0
arkansasonline.com	right-center	right-center	1.0
israelnationalnews.com	right-center	right-center	1.0
aawsat.com/english	right-center	right-center	1.0
aninews.in	right-center	right-center	1.0
atchisonglobenow.com	right-center	right-center	1.0
atlanticcouncil.org	right-center	right-center	1.0
atmoreadvance.com	right-center	right-center	1.0
newideal.aynrand.org	right-center	right-center	1.0
thepostsearchlight.com	right-center	right-center	1.0
bangkokpost.com	right-center	right-center	1.0
baptiststandard.com	right-center	right-center	1.0
barrons.com	right-center	right-center	1.0
guardonline.com	right-center	right-center	1.0
panolian.com	right-center	right-center	1.0
tj.news/northern-light	right-center	right-center	1.0
beavercreeknewscurrent.com	right-center	right-center	1.0
beinglibertarian.com	right-center	right-center	1.0
bellinghammetronews.com	right-center	right-center	1.0
bemidjipioneer.com	right-center	right-center	1.0
berlingske.dk	right-center	right-center	1.0
bild.de	right-center	right-center	1.0
billingsgazette.com	right-center	right-center	1.0
billofrightsinstitute.org	right-center	right-center	1.0
bipartisanpolicy.org	right-center	right-center	1.0
biznews.com	right-center	right-center	1.0
bnr.nl	right-center	right-center	1.0
bogalusadailynews.com	right-center	right-center	1.0
boomlive.in	right-center	right-center	1.0
bostonherald.com	right-center	right-center	1.0
bgdailynews.com	right-center	right-center	1.0
thecragandcanyon.ca	right-center	right-center	1.0
brainerddispatch.com	right-center	right-center	1.0
breakingdefense.com	right-center	right-center	1.0
thebreakthrough.org	right-center	right-center	1.0
brewtonstandard.com	right-center	right-center	1.0
bryantimes.com	right-center	right-center	1.0
bt.dk	right-center	right-center	1.0
batimes.com.ar	right-center	right-center	1.0
tj.news/bugle-observer	right-center	right-center	1.0
businesslive.co.za	right-center	right-center	1.0
business-standard.com	right-center	right-center	1.0
calgaryherald.com		right-center	1.0
californiaglobe.com	right-center	right-center	1.0
capoliticalreview.com	right-center	right-center	1.0
tj.news/the-tribune	right-center	right-center	1.0
campaignforliberty.org	right-center	right-center	1.0
thecjn.ca	right-center	right-center	1.0
taxpayer.com	right-center	right-center	1.0
saltwire.com/cape-breton	right-center	right-center	1.0
capitalismmagazine.com	right-center	right-center	1.0
leaderpub.com/category/news/cassopolis-news	right-center	right-center	1.0
cato.org	right-center	right-center	1.0
ccn.com	right-center	right-center	1.0
cftni.org	right-center	right-center	1.0
saltwire.com/prince-edward-island	right-center	right-center	1.0
checkyourfact.com	right-center	right-center	1.0
chicagotribune.com	right-center	right-center	1.0
chinadigitaltimes.net	right-center	right-center	1.0
christianitytoday.com	right-center	right-center	1.0
claiborneprogress.net	right-center	right-center	1.0
clantonadvertiser.com	right-center	right-center	1.0
clarin.com	right-center	right-center	1.0
clevelandbanner.com	right-center	right-center	1.0
cochranetimes.com	right-center	right-center	1.0
saltwire.com/nova-scotia	right-center	right-center	1.0
coldlakesun.com	right-center	right-center	1.0
gazette.com	right-center	right-center	1.0
columbiadailyherald.com	left-center	leftcenter	-1.0
crfb.org	right-center	right-center	1.0
newsexaminer.com	right-center	right-center	1.0
cordeledispatch.com	right-center	right-center	1.0
counterextremism.com	right-center	right-center	1.0
alexcityoutlook.com/news/dadeville	right-center	right-center	1.0
dn.se	right-center	right-center	1.0
heraldpalladium.com	right-center	right-center	1.0
dailyherald.com	right-center	right-center	1.0
mininggazette.com	right-center	right-center	1.0
dailypress.com	right-center	right-center	1.0
dailyo.in	right-center	right-center	1.0
dallasnews.com	right-center	right-center	1.0
amnews.com	right-center	right-center	1.0
dcjournal.com	right-center	right-center	1.0
volkskrant.nl	right-center	right-center	1.0
deccanchronicle.com	right-center	right-center	1.0
delgazette.com	right-center	right-center	1.0
demopolistimes.com	right-center	right-center	1.0
denvergazette.com	right-center	right-center	1.0
deseret.com	right-center	right-center	1.0
desertsun.com	right-center	right-center	1.0
dl-online.com	right-center	right-center	1.0
detroitnews.com	right-center	right-center	1.0
deutschland.de	right-center	right-center	1.0
devondispatch.ca	right-center	right-center	1.0
diepresse.com	right-center	right-center	1.0
welt.de	right-center	right-center	1.0
douglascountysentinel.com	right-center	right-center	1.0
leaderpub.com/category/news/dowagiac-news	right-center	right-center	1.0
downsizinggovernment.org	right-center	right-center	1.0
draytonvalleywesternreview.com	right-center	right-center	1.0
drudgereport.com	right-center	right-center	1.0
delawarevalleyjournal.com	right-center	right-center	1.0
registerherald.com	right-center	right-center	1.0
thewetumpkaherald.com/news/eclectic	right-center	right-center	1.0
ecuavisa.com	right-center	right-center	1.0
edmontonexaminer.com	right-center	right-center	1.0
edmontonjournal.com	right-center	right-center	1.0
edmontonsun.com	right-center	right-center	1.0
leaderpub.com/category/news/edwardsburg	right-center	right-center	1.0
elfinanciero.com.mx	right-center	right-center	1.0
thenewsenterprise.com	right-center	right-center	1.0
elmundo.es	right-center	right-center	1.0
eluniverso.com	right-center	right-center	1.0
endtimeheadlines.org	right-center	right-center	1.0
entrepreneur.com	right-center	right-center	1.0
ekirikas.com	right-center	right-center	1.0
expressen.se	right-center	right-center	1.0
fairborndailyherald.com	right-center	right-center	1.0
fairviewpost.com	right-center	right-center	1.0
faithfamilyamerica.com	right-center	right-center	1.0
daily-times.com	right-center	right-center	1.0
longwarjournal.org	right-center	right-center	1.0
financialexpress.com	right-center	right-center	1.0
financialpost.com	right-center	right-center	1.0
firearmsnews.com	right-center	right-center	1.0
firstpost.com	right-center	right-center	1.0
fitchratings.com	right-center	right-center	1.0
fitsnews.com	right	right-center	1.0
forbes.com	right-center	right-center	1.0
fpri.org	right-center	right-center	1.0
thedigitalcourier.com	right-center	right-center	1.0
fbherald.com	right-center	right-center	1.0
fortmcmurraytoday.com	right-center	right-center	1.0
fortsaskatchewanrecord.com	right-center	right-center	1.0
star-telegram.com	right-center	right-center	1.0
fortnightlyreview.co.uk	right-center	right-center	1.0
fortune.com	right-center	right-center	1.0
fee.org	right-center	right-center	1.0
foxbusiness.com	right-center	right-center	1.0
foxillinois.com	right-center	right-center	1.0
state-journal.com	right-center	right-center	1.0
ftimes.com	right-center	right-center	1.0
faz.net/aktuell	right-center	right-center	1.0
dailyjournal.net	right-center	right-center	1.0
franklinnews.org	right-center	right-center	1.0
fraserinstitute.org	right-center	right-center	1.0
tj.news/daily-gleaner	right-center	right-center	1.0
freedomalliance.org		right-center	1.0
freedomhouse.org	right-center	right-center	1.0
fcnews.org	right-center	right-center	1.0
mydailytribune.com	right-center	right-center	1.0
galvnews.com	right-center	right-center	1.0
geo.tv	right-center	right-center	1.0
godupdates.com	right-center	right-center	1.0
newsargus.com	right-center	right-center	1.0
gp.se	right-center	right-center	1.0
grandforksherald.com	right-center	right-center	1.0
grandhaventribune.com	right-center	right-center	1.0
mlive.com/grand-rapids-muskegon	right-center	right-center	1.0
greeleytribune.com	right-center	right-center	1.0
greenfieldreporter.com	right-center	right-center	1.0
greenvilleadvocate.com	right-center	right-center	1.0
dailyadvocate.com	right-center	right-center	1.0
griffindailynews.com	right-center	right-center	1.0
guns.com	right-center	right-center	1.0
saltwire.com/halifax	right-center	right-center	1.0
hammondstar.com	right-center	right-center	1.0
hannaherald.com	right-center	right-center	1.0
times-georgian.com/gateway-beacon	right-center	right-center	1.0
harlanenterprise.net	right-center	right-center	1.0
thesuntimes.com	right-center	right-center	1.0
myheraldreview.com	right-center	right-center	1.0
heraldsun.com.au	right-center	right-center	1.0
hln.be	right-center	right-center	1.0
hidesertstar.com	right-center	right-center	1.0
hpenews.com	right-center	right-center	1.0
highrivertimes.com	right-center	right-center	1.0
timesgazette.com	right-center	right-center	1.0
thehindubusinessline.com	right-center	right-center	1.0
honestreporting.com	right-center	right-center	1.0
hoover.org	right-center	right-center	1.0
humanprogress.org	right-center	right-center	1.0
h-ponline.com	right-center	right-center	1.0
al.com/huntsville	right-center	right-center	1.0
icitizen.com	right-center	right-center	1.0
idahostatejournal.com	right-center	right-center	1.0
iefimerida.gr	right-center	right-center	1.0
ilgiornale.it	right-center	right-center	1.0
amuedge.com/category/homeland-security	right-center	right-center	1.0
india.com	right-center	right-center	1.0
indiatimes.com	right-center	right-center	1.0
indiatoday.in	right-center	right-center	1.0
indiatvnews.com	right-center	right-center	1.0
inforum.com	right-center	right-center	1.0
insidesources.com	right-center	right-center	1.0
theihs.org	right-center	right-center	1.0
interfax.ru	right-center	right-center	1.0
investortimes.com	right-center	right-center	1.0
independent.ie		right-center	1.0
itv.com/news	right-center	right-center	1.0
jamestownsun.com	right-center	right-center	1.0
jpost.com	right-center	right-center	1.0
jessaminejournal.com	right-center	right-center	1.0
jewishbreakingnews.com	right-center	right-center	1.0
jewishjournal.com	right-center	right-center	1.0
jns.org		right-center	1.0
jewishunpacked.com	right-center	right-center	1.0
jonesborosun.com	right-center	right-center	1.0
justfacts.com	right-center	right-center	1.0
justfactsdaily.com	right-center	right-center	1.0
foxkansas.com	right-center	right-center	1.0
foxsanantonio.com	right-center	right-center	1.0
wwmt.com	right-center	right-center	1.0
khaleejtimes.com	right-center	right-center	1.0
katu.com	right-center	right-center	1.0
katv.com	right-center	right-center	1.0
bakersfieldnow.com	right-center	right-center	1.0
kbsi23.com	right-center	right-center	1.0
fox4beaumont.com	right-center	right-center	1.0
siouxlandnews.com	right-center	right-center	1.0
kcby.com	right-center	right-center	1.0
abcstlouis.com	right-center	right-center	1.0
kdsm17.com	right-center	right-center	1.0
nbcmontana.com	right-center	right-center	1.0
kentuckynewera.com	right-center	right-center	1.0
keprtv.com	right-center	right-center	1.0
kfdm.com	right-center	right-center	1.0
kfoxtv.com	right-center	right-center	1.0
cbs2iowa.com	right-center	right-center	1.0
foxnebraska.com	right-center	right-center	1.0
khqa.com	right-center	right-center	1.0
kimatv.com	right-center	right-center	1.0
tj.news/kings-county-record	right-center	right-center	1.0
klewtv.com	right-center	right-center	1.0
kmph.com	right-center	right-center	1.0
nbc16.com	right-center	right-center	1.0
knewz.com	right-center	right-center	1.0
okcfox.com	right-center	right-center	1.0
komonews.com	right-center	right-center	1.0
koreaherald.com	right-center	right-center	1.0
fox42kptm.com	right-center	right-center	1.0
krcgtv.com	right-center	right-center	1.0
mynews4.com	right-center	right-center	1.0
foxreno.com	right-center	right-center	1.0
fox38corpuschristi.com	right-center	right-center	1.0
news3lv.com	right-center	right-center	1.0
ktul.com	right-center	right-center	1.0
ktvl.com	right-center	right-center	1.0
kutv.com	right-center	right-center	1.0
abc7amarillo.com	right-center	right-center	1.0
nebraska.tv	right-center	right-center	1.0
lagrangenews.com	right-center	right-center	1.0
americanpress.com	right-center	right-center	1.0
nacion.com	right-center	right-center	1.0
lanacion.com.ar	right-center	right-center	1.0
valleytimes-news.com	right-center	right-center	1.0
lobservateur.com	right-center	right-center	1.0
lpheralddispatch.com	right-center	right-center	1.0
lmtonline.com	right center	right-center	1.0
reviewjournal.com	right-center	right-center	1.0
learnliberty.org	right-center	right-center	1.0
lebanondemocrat.com	right-center	right-center	1.0
leducrep.com	right-center	right-center	1.0
lefigaro.fr	right-center	right-center	1.0
leicestermercury.co.uk	right-center	right-center	1.0
newstopicnews.com	right-center	right-center	1.0
lexingtoninstitute.org	right-center	right-center	1.0
libertarianism.org	right-center	right-center	1.0
mycouriertribune.com	right-center	right-center	1.0
listverse.com	right-center	right-center	1.0
thecabin.net	right-center	right-center	1.0
lbc.co.uk	right-center	right-center	1.0
standard.co.uk	right-center	right-center	1.0
lfpress.com	right-center	right-center	1.0
dailynews.com	right-center	right-center	1.0
lowndessignal.com	right-center	right-center	1.0
lubbockonline.com	right-center	right-center	1.0
luvernejournal.com	right-center	right-center	1.0
mackinac.org	right-center	right-center	1.0
the-messenger.com	right-center	right-center	1.0
malaymail.com	right-center	right-center	1.0
malaysia-today.net	right-center	right-center	1.0
unionleader.com	right-center	right-center	1.0
manilatimes.net	right-center	right-center	1.0
marginalrevolution.com	right-center	right-center	1.0
chronicle-tribune.com	right-center	right-center	1.0
marketwatch.com	right-center	right-center	1.0
tribunecourier.com	right-center	right-center	1.0
frontiersman.com	right-center	right-center	1.0
mayerthorpefreelancer.com	right-center	right-center	1.0
mayfield-messenger.com	right-center	right-center	1.0
meaww.com	right-center	right-center	1.0
mercatus.org		right-center	1.0
metabunk.org	pro-science	right-center	1.0
metropolisplanet.com	right-center	right-center	1.0
miamivalleytoday.com	right-center	right-center	1.0
middlesboronews.com	right-center	right-center	1.0
tj.news/miramichi-leader	right-center	right-center	1.0
mitchellrepublic.com	right-center	right-center	1.0
al.com/mobile	right-center	right-center	1.0
tj.news/times-and-transcript	right-center	right-center	1.0
enquirerjournal.com	right-center	right-center	1.0
montrealgazette.com	right-center	right-center	1.0
moroccoworldnews.com	right-center	right-center	1.0
m24.ru	right-center	right-center	1.0
mtdemocrat.com	right-center	right-center	1.0
hometownregister.com	right-center	right-center	1.0
mynorthwest.com	right-center	right-center	1.0
nantonnews.com	right-center	right-center	1.0
nationalaffairs.com	right-center	right-center	1.0
nationalinterest.org	right-center	right-center	1.0
nationalpost.com	right-center	right-center	1.0
nos.nl	right-center	right-center	1.0
newbernsj.com	right-center	right-center	1.0
thecouriertimes.com	right-center	right-center	1.0
observer.com	right-center	right-center	1.0
nypost.com	right-center	right-center	1.0
news.com.au	right-center	right-center	1.0
news-gazette.com	right-center	right-center	1.0
newsroom.co.nz	right-center	right-center	1.0
newstalkzb.co.nz	right-center	right-center	1.0
newsweek.com	right-center	right-center	1.0
nhjournal.com	right-center	right-center	1.0
nhk.or.jp	right-center	right-center	1.0
asia.nikkei.com	right-center	right-center	1.0
leaderpub.com	right-center	right-center	1.0
nine.com.au	right-center	right-center	1.0
nj1015.com		right-center	1.0
nwaonline.com	right-center	right-center	1.0
northwestsignal.net	right-center	right-center	1.0
nowentertainment.net	right-center	right-center	1.0
nyteknik.se	right-center	right-center	1.0
oaoa.com	right-center	right-center	1.0
oilprice.com	right-center	right-center	1.0
omaha.com	right-center	right-center	1.0
opendoorsus.org	right-center	right-center	1.0
opposingviews.com	right-center	right-center	1.0
ocregister.com	right-center	right-center	1.0
ottawacitizen.com	right-center	right-center	1.0
ottawasun.com	right-center	right-center	1.0
messenger-inquirer.com	right-center	right-center	1.0
pacificresearch.org	right-center	right-center	1.0
paducahsun.com	right-center	right-center	1.0
paragoulddailypress.com	right-center	right-center	1.0
newsandsentinel.com	right-center	right-center	1.0
parkrapidsenterprise.com	right-center	right-center	1.0
peacecountrysun.com	right-center	right-center	1.0
prrecordgazette.com	right-center	right-center	1.0
shelbycountyreporter.com/category/pelham-news	right-center	right-center	1.0
peninsuladailynews.com	right-center	right-center	1.0
perutribune.com	right-center	right-center	1.0
pinchercreekecho.com	right-center	right-center	1.0
post-gazette.com	right-center	right-center	1.0
triblive.com	right-center	right-center	1.0
mydailyregister.com	right-center	right-center	1.0
policyed.org	right-center	right-center	1.0
politisite.com		right-center	1.0
mydailysentinel.com	right-center	right-center	1.0
portsmouth-dailytimes.com	right-center	right-center	1.0
postbulletin.com		right-center	1.0
prime9ja.com.ng	least biased	right-center	1.0
princegeorgepost.com	right-center	right-center	1.0
pdclarion.com	right-center	right-center	1.0
punjabitribuneonline.com	right-center	right-center	1.0
rstreet.org	right-center	right-center	1.0
rasmussenreports.com	right-center	right-center	1.0
realcleardefense.com		right-center	1.0
realclearinvestigations.com	right-center	right-center	1.0
realclearmarkets.com	right-center	right-center	1.0
realclearpolicy.com		right-center	1.0
realclearpolitics.com	right-center	right-center	1.0
realclearreligion.org		right-center	1.0
reason.com	right-center	right-center	1.0
valleynewslive.com	least biased	right-center	1.0
reforma.com		right-center	1.0
leaderpost.com		right-center	1.0
cato.org/regulation		right-center	1.0
remingtonresearchgroup.com	right-center	right-center	1.0
republicworld.com	right-center	right-center	1.0
richmond.com		right-center	1.0
rrdailyherald.com	right-center	right-center	1.0
rochsent.com	right-center	right-center	1.0
rtlnieuws.nl	right-center	right-center	1.0
couriernews.com	right-center	right-center	1.0
tj.news/telegraph-journal	right-center	right-center	1.0
tj.news/greater-saint-john	right-center	right-center	1.0
srnnews.com		right-center	1.0
sbsun.com		right-center	1.0
sanfordherald.com	right-center	right-center	1.0
thestarphoenix.com		right-center	1.0
savannahnow.com		right-center	1.0
scoperatings.com	right-center	right-center	1.0
thedailycitizen.com	right-center	right-center	1.0
seekingalpha.com	right-center	right-center	1.0
selmatimesjournal.com	right-center	right-center	1.0
themountainpress.com	right-center	right-center	1.0
shelbycountyreporter.com	right-center	right-center	1.0
shelbynews.com	right-center	right-center	1.0
sherwoodparknews.com	right-center	right-center	1.0
sofrep.com	right-center	right-center	1.0
sol.sapo.pt	right-center	right-center	1.0
southwestdailynews.com	right-center	right-center	1.0
sprucegroveexaminer.com	right-center	right-center	1.0
saltwire.com/newfoundland-labrador	right-center	right-center	1.0
twincities.com	right-center	right-center	1.0
theinteriorjournal.com	right-center	right-center	1.0
stonyplainreporter.com	right-center	right-center	1.0
tabletmag.com	right-center	right-center	1.0
times-georgian.com/tallapoosa_journal	right-center	right-center	1.0
tallasseetribune.com	right-center	right-center	1.0
taxfoundation.org	right-center	right-center	1.0
tharawat-magazine.com	right-center	right-center	1.0
algemeiner.com	right-center	right-center	1.0
theamericanconservative.com	right-center	right-center	1.0
theaustralian.com.au	right-center	right-center	1.0
al.com/birmingham	right-center	right-center	1.0
thebrunswicknews.com	right-center	right-center	1.0
thebulwark.com	right-center	right-center	1.0
chattanoogan.com	right-center	right-center	1.0
english.chosun.com	right-center	right-center	1.0
citizen.co.za	right-center	right-center	1.0
couriermail.com.au	right-center	right-center	1.0
thedickinsonpress.com	right-center	right-center	1.0
thedispatch.com	right-center	right-center	1.0
durangoherald.com	right-center	right-center	1.0
elkharttruth.com	right-center	right-center	1.0
thefiscaltimes.com	right-center	right-center	1.0
thegazette.com	right-center	right-center	1.0
theglobeandmail.com	right-center	right-center	1.0
thegraphicleader.com	right-center	right-center	1.0
independent.org	right-center	right-center	1.0
japannews.yomiuri.co.jp	right-center	right-center	1.0
jpost.com/jerusalem-report	right-center	right-center	1.0
jewishpress.com	right-center	right-center	1.0
journal-news.net		right-center	1.0
thelibertarianrepublic.com	right-center	right-center	1.0
nation.com.pk	right-center	right-center	1.0
thenewatlantis.com	right-center	right-center	1.0
thenews.com.pk	right-center	right-center	1.0
theobjectivestandard.com	right-center	right-center	1.0
oklahoman.com	right-center	right-center	1.0
pantagraph.com	right-center	right-center	1.0
post-journal.com	right-center	right-center	1.0
pe.com	right-center	right-center	1.0
tribtown.com	right-center	right-center	1.0
spectator.co.uk	right-center	right-center	1.0
spectator.us	right-center	right-center	1.0
spectatorworld.com	right-center	right-center	1.0
standardmedia.co.ke	right-center	right-center	1.0
straitstimes.com	right-center	right-center	1.0
thestreet.com	right-center	right-center	1.0
theitem.com	right-center	right-center	1.0
thetimesherald.com	right-center	right-center	1.0
timesofindia.indiatimes.com	right-center	right-center	1.0
thetimes.co.uk	right-center	right-center	1.0
tribuneindia.com	right-center	right-center	1.0
washingtoninstitute.org	right-center	right-center	1.0
thewest.com.au	right-center	right-center	1.0
winchesterstar.com	right-center	right-center	1.0
yomiuri.co.jp	right-center	right-center	1.0
times-georgian.com	right-center	right-center	1.0
tnonline.com	right-center	right-center	1.0
timeslive.co.za	right-center	right-center	1.0
thenationaldesk.com	right-center	right-center	1.0
toledoblade.com	right-center	right-center	1.0
tovima.gr	right-center	right-center	1.0
transparentcalifornia.com	right-center	right-center	1.0
tribunnews.com	right-center	right-center	1.0
troymessenger.com	right-center	right-center	1.0
tulsaworld.com	right-center	right-center	1.0
tylerpaper.com	right-center	right-center	1.0
unherd.com	right-center	right-center	1.0
saltwire.com/memberships-annapolis-valley-register-valley-journal-advertiser	right-center	right-center	1.0
valuewalk.com	right-center	right-center	1.0
thecabin.net/vanburen	right-center	right-center	1.0
theprovince.com	right-center	right-center	1.0
vancouversun.com	right-center	right-center	1.0
vaticannews.va	right-center	right-center	1.0
vermilionstandard.com	right-center	right-center	1.0
villages-news.com	right-center	right-center	1.0
times-georgian.com/villa_rican	right-center	right-center	1.0
suncommercial.com	right-center	right-center	1.0
vulcanadvocate.com	right-center	right-center	1.0
wabashplaindealer.com	right-center	right-center	1.0
wach.com	right-center	right-center	1.0
wsj.com	right-center	right-center	1.0
warricknews.com	right-center	right-center	1.0
recordherald.com	right-center	right-center	1.0
thecentersquare.com	right-center	right-center	1.0
rep-am.com	right-center	right-center	1.0
foxbaltimore.com	right-center	right-center	1.0
abc3340.com	right-center	right-center	1.0
wchstv.com	right-center	right-center	1.0
abcnews4.com	right-center	right-center	1.0
wcti12.com	right-center	right-center	1.0
wcyb.com	right-center	right-center	1.0
foxlexington.com	right-center	right-center	1.0
weartv.com	right-center	right-center	1.0
wctrib.com	right-center	right-center	1.0
wetaskiwintimes.com	right-center	right-center	1.0
thewetumpkaherald.com	right-center	right-center	1.0
nbc25news.com	right-center	right-center	1.0
wfxl.com	right-center	right-center	1.0
wgme.com	right-center	right-center	1.0
upnorthlive.com	right-center	right-center	1.0
wgxa.tv	right-center	right-center	1.0
13wham.com	right-center	right-center	1.0
whitecourtstar.com	right-center	right-center	1.0
local21news.com	right-center	right-center	1.0
newschannel20.com	right-center	right-center	1.0
myheraldreview.com/news/willcox	right-center	right-center	1.0
sungazette.com	right-center	right-center	1.0
news-herald.com	right-center	right-center	1.0
wnewsj.com	right-center	right-center	1.0
winchestersun.com	right-center	right-center	1.0
windsorstar.com	right-center	right-center	1.0
winnipegsun.com	right-center	right-center	1.0
wjactv.com	right-center	right-center	1.0
turnto10.com	right-center	right-center	1.0
wjla.com	right-center	right-center	1.0
dayton247now.com	right-center	right-center	1.0
local12.com	right-center	right-center	1.0
wlos.com	right-center	right-center	1.0
fox11online.com	right-center	right-center	1.0
mycbs4.com	right-center	right-center	1.0
nbc24.com	right-center	right-center	1.0
news4sanantonio.com	right-center	right-center	1.0
fox56.com	right-center	right-center	1.0
dglobe.com	right-center	right-center	1.0
wpde.com	right-center	right-center	1.0
cbs12.com	right-center	right-center	1.0
fox23maine.com	right-center	right-center	1.0
wpgh53.com	right-center	right-center	1.0
mynbc15.com	right-center	right-center	1.0
foxrichmond.com	right-center	right-center	1.0
wsbt.com	right-center	right-center	1.0
wset.com	right-center	right-center	1.0
cnycentral.com	right-center	right-center	1.0
fox28media.com	right-center	right-center	1.0
wtov9.com	right-center	right-center	1.0
myfox28columbus.com	right-center	right-center	1.0
newschannel9.com	right-center	right-center	1.0
foxchattanooga.com	right-center	right-center	1.0
wtwc40.com	right-center	right-center	1.0
foxrochester.com	right-center	right-center	1.0
wutv29.com	right-center	right-center	1.0
wvah.com	right-center	right-center	1.0
fox17.com	right-center	right-center	1.0
xeniagazette.com	right-center	right-center	1.0
yankeeinstitute.org	right-center	right-center	1.0
en.yna.co.kr	right-center	right-center	1.0
zebrafactcheck.com	right-center	right-center	1.0
2ndvote.com	right	right	1.0
abort73.com	right	right	1.0
academia.org	right	right	1.0
aim.org	right	right	1.0
acton.org	right	right	1.0
ac2news.com	right	right	1.0
aish.com	right	right	1.0
albertapressleader.ca	right	right	1.0
altnewsmedia.net	right	right	1.0
amac.us	right	right	1.0
a1apac.org	right	right	1.0
americarisingpac.org	right	right	1.0
aclj.org	right	right	1.0
americanconsequences.com	right	right	1.0
conservative.org	right	right	1.0
aei.org	right	right	1.0
americansforprosperity.org	right	right	1.0
atr.org		right	1.0
afpc.org	right	right	1.0
amgreatness.com	right	right	1.0
americanjournaldaily.com	right	right	1.0
alec.org	right	right	1.0
spectator.org	right	right	1.0
americanwirenews.com	right	right	1.0
amimagazine.org	right	right	1.0
ammoland.com	right	right	1.0
aa.com.tr/en	right	right	1.0
arizonadailyindependent.com	right	right	1.0
armstrongeconomics.com	right	right	1.0
asian-dawn.com	right	right	1.0
asianews.it/en.html	right	right	1.0
aina.org	right	right	1.0
badgerinstitute.org	right	right	1.0
bearingarms.com	right	right	1.0
beliefnet.com	right	right	1.0
bizpacreview.com	right	right	1.0
blabber.buzz	right	right	1.0
blackcommunitynews.com	right	right	1.0
policetribune.com	right	right	1.0
boundingintocomics.com	right	right	1.0
brownstone.org	right	right	1.0
c2cjournal.ca	right	right	1.0
calgarysun.com	right-center	right	1.0
campaignlifecoalition.com	right	right	1.0
campusreform.org	right	right	1.0
capitalresearch.org	right	right	1.0
catholicworldreport.com	right	right	1.0
freedomandprosperity.org	right	right	1.0
americanexperiment.org	right	right	1.0
chicksonright.com	right	right	1.0
cc.org	right	right	1.0
christianheadlines.com	right	right	1.0
christiannewsalerts.com	right	right	1.0
christianpost.com	right	right	1.0
christiantoday.com	right	right	1.0
chroniclesmagazine.org	right	right	1.0
citizenfreepress.com	right	right	1.0
cagw.org	right	right	1.0
citizensunited.org/index.aspx	right	right	1.0
city-journal.org	right	right	1.0
nccivitas.org	right	right	1.0
claremont.org	right	right	1.0
colddeadhands.us		right	1.0
commentarymagazine.com	right	right	1.0
concealednation.org	right	right	1.0
conservativebrief.com	right	right	1.0
conservativefighters.co	right	right	1.0
conservativehome.com	right-center	right	1.0
conservativehq.org	right	right	1.0
conservativeinstitute.org	right	right	1.0
conservativeopinion.com	right	right	1.0
cpi.org	right	right	1.0
conservativereview.com	right	right	1.0
conservativetoday.com		right	1.0
crimeresearch.org	right	right	1.0
crisismagazine.com	right	right	1.0
dailycaller.com	right	right	1.0
express.co.uk	right	right	1.0
thedailyliberator.com		right	1.0
dailyreckoning.com	right	right	1.0
dailysignal.com	right	right	1.0
telegraph.co.uk	right	right	1.0
dcenquirer.com	right	right	1.0
dcstatesman.com		right	1.0
dailytorch.com	right	right	1.0
dennismichaellynch.com	right	right	1.0
telegraaf.nl	right	right	1.0
disrn.com	right	right	1.0
teamdml.com	right	right	1.0
donaldjtrump.com	far right	right	1.0
epnewsleader.com	right	right	1.0
economicpolicyjournal.com	right	right	1.0
egypttoday.com	right	right	1.0
energycitizens.org	right	right	1.0
eppc.org	right	right	1.0
erlc.com	right	right	1.0
explainamerica.com	right	right	1.0
factsandlogic.org	right	right	1.0
faithwire.com	right	right	1.0
fakehatecrimes.org	right	right	1.0
fedsoc.org	right	right	1.0
firstthings.com	right	right	1.0
floridadaily.com		right	1.0
fdd.org	right	right	1.0
freerepublic.com	right	right	1.0
freedomworks.org	right-center	right	1.0
ff.org	right	right	1.0
fff.org	right	right	1.0
getreligion.org	right	right	1.0
g-a-i.org	right	right	1.0
news.grabien.com	right	right	1.0
order-order.com	right	right	1.0
heritage.org	right	right	1.0
hotair.com	right	right	1.0
hudson.org	right	right	1.0
humanevents.com	right	right	1.0
hurriyet.com.tr		right	1.0
hurriyetdailynews.com		right	1.0
ibleedredwhiteblue.com	right	right	1.0
illinoispolicy.org	right	right	1.0
imprimis.hillsdale.edu	right	right	1.0
ijr.com	right	right	1.0
iwf.org	right	right	1.0
influencewatch.org	right	right	1.0
ifstudies.org	right	right	1.0
intellectualtakeout.org	right	right	1.0
investors.com	right	right	1.0
israelhayom.com	right	right	1.0
issuesinsights.com	right	right	1.0
jewishpolicycenter.org	right	right	1.0
jewishworldreview.com	right	right	1.0
judicialnetwork.com		right	1.0
kansaspolicy.org	right	right	1.0
krone.at	right	right	1.0
latestly.com	right	right	1.0
lawliberty.org	right	right	1.0
lawenforcementtoday.com	right	right	1.0
legalinsurrection.com	right	right	1.0
journaldemontreal.com	right	right	1.0
libertyheadlines.com		right	1.0
libertynation.com	right	right	1.0
loneconservative.com	right	right	1.0
lozierinstitute.org	right	right	1.0
manhattan-institute.org	right	right	1.0
mrc.org	right	right	1.0
mediarightnews.com	right	right	1.0
mercatornet.com	right	right	1.0
milliyet.com.tr	right	right	1.0
mises.org	right	right	1.0
mxmnews.com	right	right	1.0
ncregister.com	right	right	1.0
nationalcenter.org	right	right	1.0
nfrw.org	right	right	1.0
nationalreview.com	right	right	1.0
newbostonpost.com	right	right	1.0
newsbusters.org	right	right	1.0
newspageindex.com	right	right	1.0
nysun.com	right	right	1.0
ngo-monitor.org	right	right	1.0
notthebee.com	right	right	1.0
nova24tv.si	far-right	right	1.0
nraila.org		right	1.0
ntknetwork.com		right	1.0
numbersusa.com	right	right	1.0
offgridsurvival.com	right	right	1.0
oneangrygamer.net	right	right	1.0
ontarioproud.ca	right	right	1.0
openvaers.com	right	right	1.0
opslens.com	right	right	1.0
outkick.com	right-center	right	1.0
panampost.com		right	1.0
pantsonfirenews.com	far right	right	1.0
patriotnewsalerts.com	right	right	1.0
patriotnewsdaily.com	right	right	1.0
pluralist.com	right	right	1.0
: politicalite.com	right	right	1.0
politichicks.com	extreme right	right	1.0
populistwire.com		right	1.0
powerlineblog.com		right	1.0
conservativesus.party		right	1.0
publicinterestlegal.org		right	1.0
quadrant.org.au	right	right	1.0
rd.com	right	right	1.0
americasvoice.news	right	right	1.0
redalertpolitics.com		right	1.0
redstate.com	right	right	1.0
regated.com		right	1.0
ricochet.com	right	right	1.0
rightandfree.com	right	right	1.0
ronpaullibertyreport.com	right	right	1.0
rare.us	right	right	1.0
sabah.com.tr	right	right	1.0
newspress.com	right	right	1.0
savejersey.com		right	1.0
sentinelksmo.org	right	right	1.0
shorenewsnetwork.com	right	right	1.0
sbgi.net	right	right	1.0
skynews.com.au	right	right	1.0
sonorannews.com	right	right	1.0
sonsof1776.com	far right	right	1.0
spiked-online.com	right	right	1.0
talk.tv	right	right	1.0
tampafp.com	right	right	1.0
tatumreport.com	right	right	1.0
tenthamendmentcenter.com	right	right	1.0
adelaidenow.com.au	right	right	1.0
americafirstpolicy.com	right	right	1.0
theamericancause.org	right	right	1.0
americanmind.org	right-center	right	1.0
thecollegefix.com	right	right	1.0
conservativewoman.co.uk	right	right	1.0
dailytelegraph.com.au	right	right	1.0
dailywire.com	right	right	1.0
thefirsttv.com	right	right	1.0
thegreggjarrett.com	right	right	1.0
thehonestpatriot.net	right	right	1.0
theleoterrell.com	right	right	1.0
econlib.org	right	right	1.0
thenationalherald.com	right	right	1.0
thenewamerican.com	right	right	1.0
thenewrevere.com		right	1.0
patriotpost.us	right	right	1.0
thepostmillennial.com	right	right	1.0
punchingbagpost.com		right	1.0
thestar.com.my	right	right	1.0
thesun.co.uk	right	right	1.0
thetexan.news	right	right	1.0
thetruthaboutguns.com	right	right	1.0
the-sun.com	right	right	1.0
timcast.com	right	right	1.0
tippinsights.com	right	right	1.0
torontosun.com	right	right	1.0
mydailyfreedom.com	right	right	1.0
tnc.news	right	right	1.0
trtworld.com	right	right	1.0
twitchy.com	right	right	1.0
unwatch.org	right	right	1.0
valiantnews.com	right	right	1.0
valuetainment.com	right	right	1.0
washingtonexaminer.com		right	1.0
freebeacon.com	right	right	1.0
watchdogreport.org	right	right	1.0
weaselzippers.us	right	right	1.0
westernstandard.news	right	right	1.0
wikiislam.net	right	right	1.0
wng.org	right	right	1.0
yellowhammernews.com	right	right	1.0
yaf.org	right	right	1.0
freeworldnews.tv	right conspiracy- pseudoscience	conspiracy	1.0
21stcenturywire.com	right	conspiracy	1.0
79days.news	right conspiracy-pseudoscience	conspiracy	1.0
911truth.org	right	conspiracy	1.0
abovetopsecret.com	right	conspiracy	1.0
acallforanuprising.com	right-conspiracy	conspiracy	1.0
activistpost.com	left	conspiracy	-1.0
ageofautism.com	right pseudoscience	conspiracy	1.0
amtvmedia.com	right	conspiracy	1.0
alternativenews.com	right conspiracy-pseudoscience	conspiracy	1.0
altleft.news	right-conspiracy-pseudoscience	conspiracy	1.0
americanfreepress.net	right conspiracy-pseudoscience	conspiracy	1.0
aim4truth.org	extreme right	conspiracy	1.0
amg-news.com	right-conspiracy-pseudoscience	conspiracy	1.0
americanpolicy.org	right conspiracy	conspiracy	1.0
americasfrontlinedoctors.com	pseudoscience right biased	conspiracy	1.0
andmagazine.com	right conspiracy-pseudoscience	conspiracy	1.0
answersingenesis.org	right-pseudoscience	conspiracy	1.0
anti-empire.com	right conspiracy-pseudoscience	conspiracy	1.0
askingangels.com	right	conspiracy	1.0
australiannationalreview.com	right conspiracy	conspiracy	1.0
awakecanada.org	right conspiracy-pseudoscience	conspiracy	1.0
banned.video	right conspiracy- pseudoscience	conspiracy	1.0
beholdisrael.org	right conspiracy-pseudoscience	conspiracy	1.0
bestnewshere.com	right conspiracy-pseudoscience	conspiracy	1.0
biggovernment.news/index.html	right conspiracy-pseudoscience	conspiracy	1.0
biodefense.com	right conspiracy-pseudoscience	conspiracy	1.0
biotechexpressmag.com	right conspiracy – pseudoscience	conspiracy	1.0
blckbx.tv	right conspiracy-pseudoscience	conspiracy	1.0
bonsens.info	right conspiracy-pseudoscience	conspiracy	1.0
brandnewtube.com	right conspiracy-pseudoscience	conspiracy	1.0
brighteon.com	far right conspiracy-pseusdoscience	conspiracy	1.0
bugout.news/#	right conspiracy-pseudoscience	conspiracy	1.0
campusinsanity.com	right conspiracy-pseudoscience	conspiracy	1.0
cancer.news	right conspiracy-pseudoscience	conspiracy	1.0
catholic.org	right conspiracy-pseudoscience	conspiracy	1.0
charismanews.com	right conspiracy-pseudoscience	conspiracy	1.0
childrenshealthdefense.org	right conspiracy-pseudoscience	conspiracy	1.0
chlorellafactor.com	right conspiracy-pseudoscience	conspiracy	1.0
christiananswers.net	right pseudoscience	conspiracy	1.0
carm.org	right conspiracy-pseudoscience	conspiracy	1.0
www1.cbn.com	right	conspiracy	1.0
creation.com	right-pseudoscience	conspiracy	1.0
christianscience.com	right-pseudoscience	conspiracy	1.0
legitgov.org	right conspiracy-pseudoscience	conspiracy	1.0
climatedepot.com	right conspiracy-pseudoscience	conspiracy	1.0
climate.news	right conspiracy-pseudoscience	conspiracy	1.0
cnnsofake.news	right conspiracy-pseudoscience	conspiracy	1.0
collapse.news	right conspiracy-pseudoscience	conspiracy	1.0
cfact.org	right conspiracy-pseudoscience	conspiracy	1.0
consciouslifenews.com	left conspiracy-pseudoscience	conspiracy	-1.0
conspiracydailyupdate.com	right conspiracy-pseudoscience	conspiracy	1.0
consumerwellness.org	right conspiracy-pseudoscience	conspiracy	1.0
coreysdigs.com	right conspiracy-pseudoscience	conspiracy	1.0
counterthink.com	right conspiracy-pseudoscience	conspiracy	1.0
geopolitics.co	left-center	conspiracy	-1.0
creationwiki.org/main_page	right conspiracy-pseudoscience	conspiracy	1.0
billmuehlenberg.com	extreme right conspiracy-pseudoscience	conspiracy	1.0
dailyclout.io	right conspiracy-pseudoscience	conspiracy	1.0
dailysceptic.org	right pseudoscience	conspiracy	1.0
diedsuddenly.info	right conspiracy-pseudoscience	conspiracy	1.0
discovery.org	right conspiracy-pseudoscience	conspiracy	1.0
doctoroz.com	right conspiracy-pseudoscience	conspiracy	1.0
ecology.news	right conspiracy-pseudoscience	conspiracy	1.0
eluxemagazine.com	left conspiracy-pseudoscience	conspiracy	-1.0
ewg.org	left-pseudoscience	conspiracy	-1.0
escapeallthesethings.com	right-conspiracy	conspiracy	1.0
eugenics.news	right-conspiracy-pseudoscience	conspiracy	1.0
europereloaded.com	far-right conspiracy-pseudoscience	conspiracy	1.0
faithit.com	right conspiracy-pseudoscience	conspiracy	1.0
food.news	right conspiracy-pseudoscience	conspiracy	1.0
thefreethoughtproject.com	left-conspiracy/pseudoscience	conspiracy	-1.0
freedomadvocates.org	right conspiracy-pseudoscience	conspiracy	1.0
freedomainradio.com	alt-right conspiracy	conspiracy	1.0
freedom.news	right conspiracy-pseudoscience	conspiracy	1.0
friendsofscience.org	right pseudoscience	conspiracy	1.0
covid19criticalcare.com	right pseudoscience	conspiracy	1.0
gender.news	right-conspiracy-pseudoscience	conspiracy	1.0
geoengineering.news	right conspiracy-pseudoscience	conspiracy	1.0
glitch.news	right conspiracy-pseudoscience	conspiracy	1.0
gmwatch.org	left conspiracy-pseudoscience	conspiracy	-1.0
godlikeproductions.com	right conspiracy-pseudoscience	conspiracy	1.0
gotquestions.org	right-psuedoscience	conspiracy	1.0
govtslaves.com	right conspiracy-pseudoscience	conspiracy	1.0
greenpeace.org	left-pseudoscience	conspiracy	-1.0
healingfoodreference.com	right conspiracy-pseudoscience	conspiracy	1.0
healthimpactnews.com	right conspiracy-pseudoscience	conspiracy	1.0
health.news	right conspiracy-pseudoscience	conspiracy	1.0
healthnutnews.com	right conspiracy-pseudoscience	conspiracy	1.0
healthrangerreport.com	right conspiracy-pseudoscience	conspiracy	1.0
savethemales.ca	extreme right conspiracy	conspiracy	1.0
herbreference.com	right conspiracy-pseudoscience	conspiracy	1.0
humansarefree.com	right conspiracy-pseudoscience	conspiracy	1.0
infiniteunknown.net	extreme right conspiracy-pseudoscience	conspiracy	1.0
informationclearinghouse.info	left conspiracy-pseudoscience	conspiracy	-1.0
infowars.com	extreme right	conspiracy	1.0
ingredients.news	right conspiracy-pseudoscience	conspiracy	1.0
icr.org	right-pseudoscience	conspiracy	1.0
responsibletechnology.org	left-pseudoscience	conspiracy	-1.0
investmentwatchblog.com	right conspiracy-pseudoscience	conspiracy	1.0
iowaclimate.org	right conspiracy-pseudoscience	conspiracy	1.0
theirishsentinel.com	right conspiracy-pseudoscience	conspiracy	1.0
israel365news.com	right conspiracy-pseudoscience	conspiracy	1.0
jesus-is-savior.com	right conspiracy-pseudoscience	conspiracy	1.0
joebiden.news	right conspiracy-pseudoscience	conspiracy	1.0
junkscience.com	right conspiracy-pseudoscience	conspiracy	1.0
larouchepac.com	right conspiracy-pseudoscience	conspiracy	1.0
leftcult.com	right conspiracy-pseudoscience	conspiracy	1.0
lesmoutonsrebelles.com	right-conspiracy-pseudoscience	conspiracy	1.0
liberty.news	right conspiracy-pseudoscience	conspiracy	1.0
libertyplanets.com	right conspiracy-pseudoscience	conspiracy	1.0
libtards.news	right conspiracy-pseudoscience	conspiracy	1.0
littlethings.com	left – pseudoscience	conspiracy	-1.0
liveaction.org	right – conspiracy and pseudoscience	conspiracy	1.0
livingwhole.org	right-pseudoscience	conspiracy	1.0
madmaxworld.tv	right conspiracy- pseudoscience	conspiracy	1.0
maloneinstitute.org	right conspiracy-pseudoscience	conspiracy	1.0
mediafactwatch.com	far right conspiracy-pseusdoscience	conspiracy	1.0
medicalcensorship.com	right conspiracy-pseudoscience	conspiracy	1.0
medicalkidnap.com	right conspiracy-pseudoscience	conspiracy	1.0
medicine.news	right conspiracy-pseudoscience	conspiracy	1.0
nationalfile.com	far right	conspiracy	1.0
nationalsecurity.news	right conspiracy-pseudoscience	conspiracy	1.0
naturalmedicine.news	right conspiracy-pseudoscience	conspiracy	1.0
naturalnews.com	far right conspiracy-pseusdoscience	conspiracy	1.0
naturalnewsblogs.com	right conspiracy-pseudoscience	conspiracy	1.0
naturalnewsradio.com	right conspiracy-pseudoscience	conspiracy	1.0
naturalpedia.com	right conspiracy-pseudoscience	conspiracy	1.0
naturalsociety.com	left conspiracy-pseudoscience	conspiracy	-1.0
neonnettle.com	right conspiracy-pseudoscience	conspiracy	1.0
nomorefakenews.com	right conspiracy- pseudoscience	conspiracy	1.0
notrickszone.com	right pseudoscience	conspiracy	1.0
nowtheendbegins.com	right conspiracy-pseudoscience	conspiracy	1.0
nutrientreference.com	right conspiracy-pseudoscience	conspiracy	1.0
nworeport.me	right conspiracy-pseudoscience	conspiracy	1.0
pandemic.news	right conspiracy-pseudoscience	conspiracy	1.0
patriots4truth.org	right conspiracy-pseudoscience	conspiracy	1.0
paulcraigroberts.org	right conspiracy-pseudoscience	conspiracy	1.0
peta.org	left-pseudoscience	conspiracy	-1.0
philosophers-stone.info	right conspiracy-pseudoscience	conspiracy	1.0
pollution.news	right conspiracy-pseudoscience	conspiracy	1.0
pressfortruth.ca	right conspiracy-pseudoscience	conspiracy	1.0
principia-scientific.org/ or principia-scientific.com	right	conspiracy	1.0
pdmj.org	right pseudoscience	conspiracy	1.0
qanon.pub	extreme right	conspiracy	1.0
randpaul.news	right-conspiracy-pseudoscience	conspiracy	1.0
realclimatescience.com	right conspiracy-pseudoscience	conspiracy	1.0
realnews24.com	left conspiracy-pseudoscience	conspiracy	-1.0
redoubtnews.com	right-conspiracy	conspiracy	1.0
redpillpodcasts.com	right conspiracy-pseudoscience	conspiracy	1.0
renegadetribune.com	right conspiracy-pseudoscience	conspiracy	1.0
rense.com	far right	conspiracy	1.0
rumormillnews.com	right conspiracy-pseudoscience	conspiracy	1.0
science.news	right conspiracy-pseudoscience	conspiracy	1.0
sott.net	right conspiracy-pseudoscience	conspiracy	1.0
snopes.news	right-conspiracy-pseudoscience	conspiracy	1.0
southfront.org	right-conspiracy	conspiracy	1.0
space.news	far right	conspiracy	1.0
stillnessinthestorm.com	right conspiracy-pseudoscience	conspiracy	1.0
stormfront.org/forum/blogs/recent-entries	extreme right conspiracy-pseudoscience	conspiracy	1.0
supplementreference.com	right conspiracy-pseudoscience	conspiracy	1.0
sustainablepulse.com	left-psuedoscience	conspiracy	-1.0
swprs.org	right – conspiracy	conspiracy	1.0
talknetwork.com	right conspiracy-pseudoscience	conspiracy	1.0
technocracy.news	right conspiracy-pseudoscience	conspiracy	1.0
theautomaticearth.com	right-pseudoscience	conspiracy	1.0
thecommonsenseshow.com	right conspiracy-pseudoscience	conspiracy	1.0
corbettreport.com	right conspiracy-pseudoscience	conspiracy	1.0
childrenshealthdefense.org/defender	right conspiracy-pseudoscience	conspiracy	1.0
eutimes.net	right conspiracy-pseudoscience	conspiracy	1.0
thefullertoninformer.com	right conspiracy-pseudoscience	conspiracy	1.0
greanvillepost.com	left conspiracy-pseudoscience	conspiracy	-1.0
healthranger.com	right conspiracy-pseudoscience	conspiracy	1.0
thehealthyamerican.org	right conspiracy-pseudoscience	conspiracy	1.0
thelibertybeacon.com	far-right conspiracy-pseudoscience	conspiracy	1.0
newnationalist.net	right conspiracy-pseudoscience	conspiracy	1.0
stream.org	right-conspiracy/pseudoscience	conspiracy	1.0
thetrumpet.com	right conspiracy-pseudoscience	conspiracy	1.0
thetruthaboutcancer.com	right pseudoscience	conspiracy	1.0
thoughtcrimeradio.net	right conspiracy-pseudoscience	conspiracy	1.0
thriveglobal.com	left pseudoscience	conspiracy	-1.0
treason.news	right conspiracy-pseudoscience	conspiracy	1.0
trunews.com	right conspiracy-pseudoscience	conspiracy	1.0
truth11.com	right conspiracy-pseudoscience	conspiracy	1.0
twisted.news	right conspiracy-pseudoscience	conspiracy	1.0
unlimitedhangout.com	right conspiracy-pseudoscience	conspiracy	1.0
ukcolumn.org	right conspiracy	conspiracy	1.0
usawatchdog.com	right conspiracy-pseudoscience	conspiracy	1.0
vaccineimpact.com	right conspiracy-pseudoscience	conspiracy	1.0
vaccines.news	right conspiracy-pseudoscience	conspiracy	1.0
vactruth.com	right conspiracy pseudoscience	conspiracy	1.0
vaxxter.com	right conspiracy-pseudoscience	conspiracy	1.0
vigilantcitizen.com	right conspiracy-pseudoscience	conspiracy	1.0
votefraud.news	right conspiracy-pseudoscience	conspiracy	1.0
wearechange.org	right conspiracy-pseudoscience	conspiracy	1.0
whatreallyhappened.com	right conspiracy-pseudoscience	conspiracy	1.0
whatdoesitmean.com	right conspiracy-pseudoscience	conspiracy	1.0
whitehouse.news	right conspiracy-pseudoscience	conspiracy	1.0
wikispooks.com	right conspiracy=pseudoscience	conspiracy	1.0
winterwatch.net	right conspiracy-pseudoscience	conspiracy	1.0
worldaffairsbrief.com	right conspiracy-pseudoscience	conspiracy	1.0
worldcouncilforhealth.org	right conspiracy-pseudoscience	conspiracy	1.0
worlddoctorsalliance.com	right conspiracy-pseudoscience	conspiracy	1.0
worldtruth.tv	right conspiracy-pseudoscience	conspiracy	1.0
worldviewweekend.com	right conspiracy-pseudoscience	conspiracy	1.0
x22report.com	far right	conspiracy	1.0
zerohedge.com	right conspiracy/pseudoscience	conspiracy	1.0
secondamendmentdaily.com	extreme right	fake-news	1.0
100percentfedup.com	extreme right	fake-news	1.0
24jours.com	right-center	fake-news	1.0
us24news.com	extreme right	fake-news	1.0
2020conservative.com	extreme right	fake-news	1.0
avoiceformen.com	right	fake-news	1.0
abqtimes.com	right-center	fake-news	1.0
acting-man.com	right	fake-news	1.0
elizabethjohnston.org	extreme right	fake-news	1.0
adareporter.com	right-center	fake-news	1.0
adamscountytimes.com	right-center	fake-news	1.0
english.alarabiya.net	right-center	fake-news	1.0
albanystandard.com	right-center	fake-news	1.0
albawaba.com	right-center	fake-news	1.0
allnewspipeline.com	right-center	fake-news	1.0
adflegal.org	extreme right	fake-news	1.0
english.almanar.com.lb	right-center	fake-news	1.0
almasdarnews.com	right	fake-news	1.0
alohastatenews.com	right-center	fake-news	1.0
alphanews.org	far right	fake-news	1.0
altrighttv (dot) com	extreme right	fake-news	1.0
youm7.com	right-center	fake-news	1.0
americaoutloud.com	far right	fake-news	1.0
americanactionnews.com	right	fake-news	1.0
americancatholictribune.com	right-center	fake-news	1.0
acpeds.org	far-right	fake-news	1.0
americanconservativemovement.com	far right	fake-news	1.0
afa.net	extreme right	fake-news	1.0
afn.net	far right	fake-news	1.0
americasfreedomfighters.com	extreme right	fake-news	1.0
americangulag.org	extreme right	fake-news	1.0
americanlibertyemail.com	far right	fake-news	1.0
americanlookout.com	extreme right	fake-news	1.0
americanpartisan.org	far right	fake-news	1.0
americanpatriotdaily.com	extreme right	fake-news	1.0
americanpeopledaily.com	extreme right	fake-news	1.0
americanpharmacynews.com	right-center	fake-news	1.0
americanprinciplesproject.org	extreme right	fake-news	1.0
amren.com	extreme right	fake-news	1.0
americansecuritynews.com	right-center	fake-news	1.0
tfp.org	extreme right	fake-news	1.0
americanthinker.com	extreme right	fake-news	1.0
awm.com	right	fake-news	1.0
americansfortruth.com	extreme right	fake-news	1.0
americasnewssource.com	right	fake-news	1.0
amerika.org	extreme right	fake-news	1.0
amestoday.com	right-center	fake-news	1.0
amoskeagtimes.com	left-center	fake-news	-1.0
analyzingamerica.org	extreme right	fake-news	1.0
andersonreporter.com	right-center	fake-news	1.0
annarbortimes.com	right-center	fake-news	1.0
annearundeltoday.com	right-center	fake-news	1.0
anokatimes.com	right-center	fake-news	1.0
anonymouswire.com	extreme right	fake-news	1.0
antelopevalleytoday.com	right-center	fake-news	1.0
arabnews.com	right-center	fake-news	1.0
arizonaindependent.com	left	fake-news	-1.0
arizonasuntimes.com	right	fake-news	1.0
aroostooknews.com	right-center	fake-news	1.0
athensreporter.com	right-center	fake-news	1.0
atlanticcotimes.com	right-center	fake-news	1.0
atlstandard.com	right-center	fake-news	1.0
auburntimes.com	right-center	fake-news	1.0
augustarichmondherald.com	left-center	fake-news	-1.0
baldwintimes.com	right-center	fake-news	1.0
baltimorecitywire.com	right-center	fake-news	1.0
barenakedislam.com	extreme right	fake-news	1.0
basnews.com	left	fake-news	-1.0
batonrougereporter.com	right-center	fake-news	1.0
battlecreektimes.com	right-center	fake-news	1.0
baystatenews.com	right-center	fake-news	1.0
bb4sp.com	extreme right	fake-news	1.0
en.bbarta24.net	left-center	fake-news	-1.0
bdnews24.com	left-center	fake-news	-1.0
beachbroadcastnews.com	extreme right	fake-news	1.0
beantowntimes.com	right-center	fake-news	1.0
beckernews.com	far right	fake-news	1.0
beforeitsnews.com	extreme right	fake-news	1.0
bjreview.com	left-center	fake-news	-1.0
bentontimes.com	right-center	fake-news	1.0
bigislandtimes.com	right-center	fake-news	1.0
bigleaguepolitics.com	extreme right	fake-news	1.0
bigskytimes.com	right-center	fake-news	1.0
billionbibles.org	right	fake-news	1.0
bipartisanreport.com	extreme left	fake-news	-1.0
bitchute.com	extreme right	fake-news	1.0
blackeyepolitics.com	extreme right	fake-news	1.0
blackgenocide.org	extreme right	fake-news	1.0
blacknews.com	left	fake-news	-1.0
blackpigeonspeaks.com	extreme right	fake-news	1.0
bloomingtonleader.com	right-center	fake-news	1.0
bluegrasstimes.com	right-center	fake-news	1.0
bluestatebluesnews.com	far right	fake-news	1.0
bluntforcetruth.com	extreme-right	fake-news	1.0
boisecitywire.com	right-center	fake-news	1.0
bongino.com	far right	fake-news	1.0
bostonbroadside.com	right	fake-news	1.0
bowlinggreentoday.com	right-center	fake-news	1.0
bossip.com	extreme left	fake-news	-1.0
bransontimes.com	right-center	fake-news	1.0
breakingchristiannews.com	extreme right	fake-news	1.0
breakingfirst.com	extreme right	fake-news	1.0
breitbart.com	right	fake-news	1.0
brevardsun.com	right-center	fake-news	1.0
bridgeporttimes.com	right-center	fake-news	1.0
bristolreporter.com	right-center	fake-news	1.0
britainfirst.org	extreme right	fake-news	1.0
buckscountystandard.com	left-center	fake-news	-1.0
buffaloledger.com	right-center	fake-news	1.0
burlingtonreview.com	right-center	fake-news	1.0
c19aspirin.com	right	fake-news	1.0
c19bromhexine.com	right	fake-news	1.0
c19budesonide.com	right	fake-news	1.0
c19colchicine.com	right	fake-news	1.0
c19curcumin.com	right	fake-news	1.0
c19ly.com	right	fake-news	1.0
c19favipiravir.com	right	fake-news	1.0
c19fluvoxamine.com	right	fake-news	1.0
c19hcq.com	right	fake-news	1.0
c19ic.com	right	fake-news	1.0
c19ivermectin.com	right	fake-news	1.0
c19melatonin.com	right	fake-news	1.0
c19mp.com	right	fake-news	1.0
c19nitazoxanide.com	right	fake-news	1.0
c19ns.com	right	fake-news	1.0
c19proxalutamide.com	right	fake-news	1.0
c19pvpi.com	right	fake-news	1.0
c19quercetin.com	right	fake-news	1.0
c19regn.com	right	fake-news	1.0
c19rmd.com	right	fake-news	1.0
c19sv.com	right	fake-news	1.0
c19vitaminc.com	right	fake-news	1.0
c19vitamind.com	right	fake-news	1.0
c19zinc.com	right	fake-news	1.0
caixinglobal.com	right-center	fake-news	1.0
caldronpool.com	extreme right	fake-news	1.0
canadafreepress.com	extreme right	fake-news	1.0
capecodledger.com	right-center	fake-news	1.0
capitaldistricttimes.com	right-center	fake-news	1.0
micapitolnews.com	right-center	fake-news	1.0
capemonews.com	right-center	fake-news	1.0
capstonereport.com	extreme right	fake-news	1.0
carbondalereporter.com	right-center	fake-news	1.0
azcatholictribune.com	right-center	fake-news	1.0
flcatholictribune.com	right-center	fake-news	1.0
micatholictribune.com	right-center	fake-news	1.0
mncatholictribune.com	right-center	fake-news	1.0
pacatholictribune.com	right-center	fake-news	1.0
wicatholictribune.com	right-center	fake-news	1.0
causeur.fr	far right	fake-news	1.0
english.cctv.com	left-center	fake-news	-1.0
cdareporter.com	right-center	fake-news	1.0
cedarrapidstoday.com	right-center	fake-news	1.0
centennialstatenews.com	right-center	fake-news	1.0
trueactivist.com	extreme left	fake-news	-1.0
centerforsecuritypolicy.org	far right	fake-news	1.0
centralbrowardnews.com	right-center	fake-news	1.0
centralcoloradonews.com	right-center	fake-news	1.0
centralfloridapost.com	far right	fake-news	1.0
centralgeorgianews.com	right-center	fake-news	1.0
centralidahotimes.com	right-center	fake-news	1.0
centraliowatimes.com	right-center	fake-news	1.0
centrallouisiananews.com	right-center	fake-news	1.0
centralmissourinews.com	right-center	fake-news	1.0
centralmontanatimes.com	right-center	fake-news	1.0
centraloctimes.com	right-center	fake-news	1.0
centralpatimes.com	left-center	fake-news	-1.0
centralstlnews.com	right-center	fake-news	1.0
chambanasun.com	right-center	fake-news	1.0
1tv.ru	right-center	fake-news	1.0
chicagocitywire.com	right-center	fake-news	1.0
chicotimes.com	right-center	fake-news	1.0
chinadaily.com.cn	left	fake-news	-1.0
cgtn.com	left-center	fake-news	-1.0
christianaction.org	extreme right	fake-news	1.0
christiansfortruth dot com	extreme right	fake-news	1.0
churchmilitant.com	extreme right	fake-news	1.0
citizengo.org	extreme right	fake-news	1.0
citizensjournal.us	right	fake-news	1.0
clarionproject.org	extreme right	fake-news	1.0
clayandbuck.com	right	fake-news	1.0
claycotimes.com	right-center	fake-news	1.0
clayreporter.com	right-center	fake-news	1.0
cloverchronicle.com	extreme right	fake-news	1.0
cnsnews.com	far right	fake-news	1.0
coachellatoday.com	right-center	fake-news	1.0
coastalganews.com	right-center	fake-news	1.0
cobbnewsga.com	left-center	fake-news	-1.0
cobbreporter.com	right-center	fake-news	1.0
coconinonews.com	right-center	fake-news	1.0
columbiamonews.com	right-center	fake-news	1.0
colonews.org	left-center	fake-news	-1.0
columbusstandard.com	right-center	fake-news	1.0
cei.org	far right-bias	fake-news	1.0
concernedwomen.org/blog	extreme right	fake-news	1.0
concordledger.com	right-center	fake-news	1.0
theconnecticutstar.com	right	fake-news	1.0
conservapedia.com	extreme right	fake-news	1.0
conservativeammo.com	extreme right	fake-news	1.0
conservativebeaver.com	extreme right	fake-news	1.0
conservativechoicecampaign.com	extreme right	fake-news	1.0
conservativedailynews.com	extreme right	fake-news	1.0
conservativedailypost.com	extreme right	fake-news	1.0
conservativefiringline.com	extreme right	fake-news	1.0
conservativefreepress.com	extreme right	fake-news	1.0
conservativematrix.com	right	fake-news	1.0
conservativeplaylist.com	extreme right	fake-news	1.0
facebook.com/conservativepoliticstoday	extreme right	fake-news	1.0
conservativepost.com	extreme right	fake-news	1.0
conservativerevival.com	extreme right	fake-news	1.0
westernjournal.com/ct	extreme right	fake-news	1.0
conservativeundergroundnews.com	far right	fake-news	1.0
constative.com	right-center	fake-news	1.0
constitutionstatenews.com	right-center	fake-news	1.0
cornhuskerstatenews.com	right-center	fake-news	1.0
corona-transition.org	right	fake-news	1.0
cair.com	right-center	fake-news	1.0
councilforthenationalinterest.org	left-center	fake-news	-1.0
conservative-headlines.org	extreme right	fake-news	1.0
c19early.com	right	fake-news	1.0
cowgernation.com	right	fake-news	1.0
creativedestructionmedia.com	extreme right	fake-news	1.0
culturewatchnews.com	far right	fake-news	1.0
currentsciencedaily.com	right-center	fake-news	1.0
dagospia.com	right	fake-news	1.0
dailycitizen.focusonthefamily.com	extreme right	fake-news	1.0
dailyheadlines.net	extreme right	fake-news	1.0
dailymail.co.uk	right	fake-news	1.0
dailypoliticalnewswire.com	right	fake-news	1.0
dailystar.co.uk	right-center	fake-news	1.0
stormer-daily.rw	extreme right	fake-news	1.0
dailysurge.com	far right	fake-news	1.0
dakotatimes.com	right-center	fake-news	1.0
davidharrisjr.com	extreme right	fake-news	1.0
dcdirtylaundry.com	extreme right	fake-news	1.0
debka.com	right	fake-news	1.0
decaturtimes.com	right-center	fake-news	1.0
new.deepleftfield.info	extreme left	fake-news	-1.0
deepstatejournal.com	extreme right	fake-news	1.0
defconnews.com	far right	fake-news	1.0
defendingtherepublic.org	extreme right	fake-news	1.0
defiantamerica.com	extreme right	fake-news	1.0
dekalbganews.com	right-center	fake-news	1.0
dekalbtimes.com	right-center	fake-news	1.0
delawarevalleysun.com	left-center	fake-news	-1.0
democrats.org	left	fake-news	-1.0
denvercitywire.com	right-center	fake-news	1.0
deplorablekel.com	extreme right	fake-news	1.0
desmoinessun.com	right-center	fake-news	1.0
desantisdaily.com	far right	fake-news	1.0
detroitcitywire.com	right-center	fake-news	1.0
diamondandsilkinc.com	far right	fake-news	1.0
disclose.tv	right	fake-news	1.0
discoverthenetworks.org	far right	fake-news	1.0
disntr.com	right	fake-news	1.0
djhjmedia.com	extreme right	fake-news	1.0
dnyuz.com	right-center	fake-news	1.0
downeasttimes.com	right-center	fake-news	1.0
download.news	extreme right	fake-news	1.0
downrivertoday.com	right-center	fake-news	1.0
dubuquetimes.com	right-center	fake-news	1.0
dupagepolicyjournal.com	right-center	fake-news	1.0
duvaltimes.com	right-center	fake-news	1.0
eaglevalleytimes.com	right-center	fake-news	1.0
eastalamedanews.com	right-center	fake-news	1.0
eastarapahoenews.com	right-center	fake-news	1.0
eastarizonanews.com	right-center	fake-news	1.0
ecalabamanews.com	right-center	fake-news	1.0
eastcentralreporter.com	right-center	fake-news	1.0
eastcontracostanews.com	right-center	fake-news	1.0
easthillsboroughnews.com	right-center	fake-news	1.0
easthudvalleynews.com	right-center	fake-news	1.0
eastidahotimes.com	right-center	fake-news	1.0
eastindynews.com	right-center	fake-news	1.0
eciowanews.com	right-center	fake-news	1.0
eastkentuckytimes.com	right-center	fake-news	1.0
eastlittlerocktimes.com	right-center	fake-news	1.0
eastlouisvillenews.com	right-center	fake-news	1.0
eastmichigannews.com	right-center	fake-news	1.0
eastnewmexiconews.com	right-center	fake-news	1.0
eastpanhandlenews.com	right-center	fake-news	1.0
eastpennyroyalnews.com	right-center	fake-news	1.0
eastsandiegonews.com	right-center	fake-news	1.0
eastsbvtimes.com	right-center	fake-news	1.0
eastsfvtoday.com	right-center	fake-news	1.0
eastsierranews.com	right-center	fake-news	1.0
easttwincities.com	right-center	fake-news	1.0
eastventuranews.com	right-center	fake-news	1.0
eastvolusianews.com	right-center	fake-news	1.0
eastwichitatimes.com	right-center	fake-news	1.0
easternwaynetoday.com	right-center	fake-news	1.0
echocheck.org	extreme right	fake-news	1.0
ecgeorgianews.com	right-center	fake-news	1.0
ecindiananews.com	right-center	fake-news	1.0
eckansasnews.com	right-center	fake-news	1.0
ecmissnews.com	right-center	fake-news	1.0
ecnebraskanews.com	right-center	fake-news	1.0
educationdailywire.com	right-center	fake-news	1.0
elizabethtowntimes.com	right-center	fake-news	1.0
elkharttimes.com	right-center	fake-news	1.0
emeraldcoasttimes.com	right-center	fake-news	1.0
emirates247.com	right-center	fake-news	1.0
empirestatetoday.com	right-center	fake-news	1.0
en-volve.com	extreme right	fake-news	1.0
enchantmentstatenews.com	right-center	fake-news	1.0
endthefed.org	right	fake-news	1.0
europe-israel.org	right	fake-news	1.0
everetttimes.com	left-center	fake-news	-1.0
everytownresearch.org	left	fake-news	-1.0
eviemagazine.com	extreme right	fake-news	1.0
evil.news	extreme right	fake-news	1.0
factcheckingturkey.com	right	fake-news	1.0
frc.org	extreme right	fake-news	1.0
familysurvivalheadlines.com	right	fake-news	1.0
farminsurancenews.com	right-center	fake-news	1.0
farsnews.ir	left-center	fake-news	-1.0
dissident-mag.com	extreme right	fake-news	1.0
fayettevillestandard.com	right-center	fake-news	1.0
fdahealthnews.com	right-center	fake-news	1.0
fdareporter.com	right-center	fake-news	1.0
federalistpress.com	right	fake-news	1.0
femalista.com	left	fake-news	-1.0
filmingcops.com	left	fake-news	-1.0
fingerlakestoday.com	right-center	fake-news	1.0
fireboebert.com	left	fake-news	-1.0
firstinfreedomdaily.com	right	fake-news	1.0
firststatetimes.com	right-center	fake-news	1.0
fl24.net	far-right	fake-news	1.0
flagandcross.com	extreme right	fake-news	1.0
thecareerbd.com	right-center	fake-news	1.0
floridacapitalstar.com	right	fake-news	1.0
floridaparishnews.com	right-center	fake-news	1.0
focusonthefamily.com	extreme right	fake-news	1.0
bannedbook.org	right	fake-news	1.0
conservativeglobe.com	extreme right	fake-news	1.0
fortsmithtimes.com	right-center	fake-news	1.0
foxnews.com	right	fake-news	1.0
frankspeech.com	far right	fake-news	1.0
freedomfirstnetwork.com	far right	fake-news	1.0
freedomnewsreport.com	right	fake-news	1.0
freedomproject.com	extreme right	fake-news	1.0
free-speechfront.info	extreme-right	fake-news	1.0
freewestmedia.com	right	fake-news	1.0
fresnoleader.com	right-center	fake-news	1.0
friatider.se	extreme right	fake-news	1.0
frontpagemag.com	extreme right	fake-news	1.0
ftwaynetimes.com	right-center	fake-news	1.0
news.gab.com	extreme right	fake-news	1.0
gadsdentoday.com	right-center	fake-news	1.0
galesburgreporter.com	right-center	fake-news	1.0
gardenstatetimes.com	right-center	fake-news	1.0
gatestoneinstitute.org	extreme right	fake-news	1.0
gbnews.com	right	fake-news	1.0
gellerreport.com	extreme right	fake-news	1.0
gemstatewire.com	right-center	fake-news	1.0
geneseenews.com	right-center	fake-news	1.0
genzconservative.com	far-right	fake-news	1.0
georgiamountainnews.com	right-center	fake-news	1.0
georgiastarnews.com	right	fake-news	1.0
gettr.com	far right	fake-news	1.0
ghost.report	right	fake-news	1.0
girlsjustwannahaveguns.com	extreme right	fake-news	1.0
glaciercountrynews.com	right-center	fake-news	1.0
gloucestertoday.com	right-center	fake-news	1.0
gnews.org	far right	fake-news	1.0
goldcountrytoday.com	right-center	fake-news	1.0
goldenstatetoday.com	right-center	fake-news	1.0
gopdailybrief.com	right	fake-news	1.0
gop.gov	right	fake-news	1.0
gopusa.com	right	fake-news	1.0
grandcanyontimes.com	right-center	fake-news	1.0
grandjunctiontimes.com	right-center	fake-news	1.0
grandrapidsminews.com	left-center	fake-news	-1.0
grandrapidsreporter.com	right-center	fake-news	1.0
en.granma.cu	far left	fake-news	-1.0
greatamericandaily.com	extreme right	fake-news	1.0
greatlakeswire.com	right-center	fake-news	1.0
greatreject.org	extreme right	fake-news	1.0
grundyreporter.com	right-center	fake-news	1.0
grunge.com	left-center	fake-news	-1.0
gtrtimes.com	right-center	fake-news	1.0
gucmakale.com	left	fake-news	-1.0
gulfnews.com	right	fake-news	1.0
hagmannreport.com	extreme right	fake-news	1.0
halturnerradioshow.com	extreme right	fake-news	1.0
hannity.com	extreme right	fake-news	1.0
harfordnews.com	right-center	fake-news	1.0
hartfordreporter.com	right-center	fake-news	1.0
en.hawarnews.org	far left	fake-news	-1.0
hawkeyereporter.com	right-center	fake-news	1.0
headlineusa.com	far right	fake-news	1.0
headtopics.com/us/#	left-center	fake-news	-1.0
hendersontimes.org	left-center	fake-news	-1.0
hereistheevidence.com	right	fake-news	1.0
hernandoreporter.com	right-center	fake-news	1.0
heartland.org	right	fake-news	1.0
highereducationtribune.com	right-center	fake-news	1.0
hillsboroughsun.com	right-center	fake-news	1.0
hindustantimes.com	left-center	fake-news	-1.0
hoggwatch.com	extreme right	fake-news	1.0
honolulureporter.com	right-center	fake-news	1.0
hollandreporter.com	right-center	fake-news	1.0
hoosierstatetoday.com	right-center	fake-news	1.0
hopkinsvilletimes.com	right-center	fake-news	1.0
hotspringstimes.com	right-center	fake-news	1.0
houmathibodauxnews.com	right-center	fake-news	1.0
housatonicvalleynews.com	right-center	fake-news	1.0
howardconews.com	right-center	fake-news	1.0
hrdailywire.com	right-center	fake-news	1.0
hudsontoday.com	right-center	fake-news	1.0
huntsvilleleader.com	right-center	fake-news	1.0
hutchtoday.com	right-center	fake-news	1.0
iharare.com	left	fake-news	-1.0
ihatethemedia.com	far-right	fake-news	1.0
ihypocrite.net	extreme right	fake-news	1.0
illegalaliencrimereport.com	extreme right	fake-news	1.0
illicitinfo.com	extreme right	fake-news	1.0
illinoisvalleytimes.com	right-center	fake-news	1.0
imperialcanews.com	right-center	fake-news	1.0
infogalactic.com	extreme right	fake-news	1.0
independentsentinel.com	right	fake-news	1.0
indystandard.com	right-center	fake-news	1.0
informationliberation.com	extreme right	fake-news	1.0
informer.rs	right	fake-news	1.0
infoscum.com	left-center	fake-news	-1.0
ihr.org	extreme right	fake-news	1.0
insuranceratereporter.com	right-center	fake-news	1.0
interioralaskanews.com	right-center	fake-news	1.0
profam.org	extreme right	fake-news	1.0
iowacitytoday.com	right-center	fake-news	1.0
theiowastar.com	right	fake-news	1.0
ipatriot.com	right	fake-news	1.0
israelunwired.com	far right	fake-news	1.0
ivmmeta.com	right	fake-news	1.0
jacksonpurchasenews.com	right-center	fake-news	1.0
jeffcitynews.com	right-center	fake-news	1.0
jeffcotimes.com	right-center	fake-news	1.0
jeffersonreporter.com	right-center	fake-news	1.0
jocotoday.com	right-center	fake-news	1.0
jbs.org	extreme right	fake-news	1.0
jonesborotimes.com	right-center	fake-news	1.0
jordanbpeterson.com	right	fake-news	1.0
judicialwatch.org	far right	fake-news	1.0
justthenews.com	far right	fake-news	1.0
kalamazootimes.com	right-center	fake-news	1.0
kanecountyreporter.com	right-center	fake-news	1.0
kankakeetimes.com	right-center	fake-news	1.0
katehon.com	far-right	fake-news	1.0
kauaisun.com	right-center	fake-news	1.0
kcreporter.com	right-center	fake-news	1.0
kendallcountytimes.com	right-center	fake-news	1.0
kentcountytoday.com	right-center	fake-news	1.0
kentuckianatimes.com	right-center	fake-news	1.0
kerncountytimes.com	right-center	fake-news	1.0
keywestreporter.com	right-center	fake-news	1.0
kingscountytimes.com	right-center	fake-news	1.0
knightstemplarorder.com	far right	fake-news	1.0
kokomostandard.com	right-center	fake-news	1.0
kcna.kp	extreme left	fake-news	-1.0
en.kremlin.ru	right-center	fake-news	1.0
lacrosseleader.org	left-center	fake-news	-1.0
lafayettereporter.com	right-center	fake-news	1.0
lafayettetimes.com	right-center	fake-news	1.0
laharbornews.com	right-center	fake-news	1.0
lakecountygazette.com	right-center	fake-news	1.0
lakeregionnews.com	right-center	fake-news	1.0
laketahoesun.com	right-center	fake-news	1.0
lancastercourier.com	left	fake-news	-1.0
lansingsun.com	right-center	fake-news	1.0
larimernews.com	right-center	fake-news	1.0
lastfrontiernews.com	right-center	fake-news	1.0
lasvegascitywire.com	right-center	fake-news	1.0
lawrencereporter.com	right-center	fake-news	1.0
laxleader.com	right-center	fake-news	1.0
theleadingreport.com	extreme right	fake-news	1.0
leftaction.com	extreme left	fake-news	-1.0
legalnewsline.com	right-center	fake-news	1.0
lehighnews.org	left-center	fake-news	-1.0
lewistontimes.com	right-center	fake-news	1.0
lewrockwell.com	extreme right	fake-news	1.0
libertybell.com	extreme right	fake-news	1.0
libertyhangout.org	extreme right	fake-news	1.0
libertynews.com	right	fake-news	1.0
libertytalk.fm	far right	fake-news	1.0
libertywire.net	extreme right	fake-news	1.0
libsoftiktok.com	extreme right	fake-news	1.0
lifenews.com	far right	fake-news	1.0
lifesitenews.com	right	fake-news	1.0
lifezette.com	far right	fake-news	1.0
lindelltv.com	far right	fake-news	1.0
litchfieldhillstoday.com	right-center	fake-news	1.0
littleappletimes.com	right-center	fake-news	1.0
livingstontoday.com	right-center	fake-news	1.0
itemfix.com	right-center	fake-news	1.0
louderwithcrowder.com	right	fake-news	1.0
louisvillecitywire.com	right-center	fake-news	1.0
lowedeltanews.com	right-center	fake-news	1.0
macombdigest.com	left-center	fake-news	-1.0
macombtoday.com	right-center	fake-news	1.0
maconreporter.com	right-center	fake-news	1.0
macontimes.com	right-center	fake-news	1.0
magicvalleytimes.com	right-center	fake-news	1.0
magnoliastatenews.com	right-center	fake-news	1.0
mainebusinessdaily.com	right-center	fake-news	1.0
mainehighlandsnews.com	right-center	fake-news	1.0
mainelakesnews.com	right-center	fake-news	1.0
mainstreamfakemedia.com	far right	fake-news	1.0
manateereview.com	right-center	fake-news	1.0
manilabusinessdaily.com	right-center	fake-news	1.0
marinleader.com	right-center	fake-news	1.0
mdbusinessdaily.com	right-center	fake-news	1.0
mdstatewire.com	right-center	fake-news	1.0
mabusinessdaily.com	right-center	fake-news	1.0
matsutimes.com	right-center	fake-news	1.0
mauireporter.com	right-center	fake-news	1.0
mchenrytimes.com	right-center	fake-news	1.0
mcleancountytimes.com	right-center	fake-news	1.0
mecklenburgherald.com	left-center	fake-news	-1.0
en.mehrnews.com	right	fake-news	1.0
mercedtimes.com	right-center	fake-news	1.0
mercertimes.com	right-center	fake-news	1.0
en.mercopress.com	left-center	fake-news	-1.0
merrimackvalleynews.com	right-center	fake-news	1.0
mesatimes.org	left-center	fake-news	-1.0
en.metapedia.org/wiki/main_page	extreme right	fake-news	1.0
metricmedianews.com	right-center	fake-news	1.0
metroeastsun.com	right-center	fake-news	1.0
metrolexnews.com	right-center	fake-news	1.0
metrowesttimes.com	right-center	fake-news	1.0
mexicobusinessdaily.com	right-center	fake-news	1.0
mexicodailypost.com	left-center	fake-news	-1.0
miamicourant.com	right-center	fake-news	1.0
miamistandard.news	right	fake-news	1.0
micdroppolitics.com	extreme right	fake-news	1.0
mibusinessdaily.com	right-center	fake-news	1.0
themichiganstar.com	right	fake-news	1.0
midcoasttoday.com	right-center	fake-news	1.0
meforum.org	extreme right	fake-news	1.0
mena.org.eg/en	right-center	fake-news	1.0
memri.org	right	fake-news	1.0
midmassnews.com	right-center	fake-news	1.0
midmichiganstd.com	left-center	fake-news	-1.0
milehighsentinel.com	left-center	fake-news	-1.0
topwar.ru/news/ or en.topwar.ru/about.html	right	fake-news	1.0
militarywatchmagazine.com	right-center	fake-news	1.0
milwaukeemetrotimes.com	left-center	fake-news	-1.0
minneapolisreview.com	right-center	fake-news	1.0
mnbusinessdaily.com	right-center	fake-news	1.0
minnesotastatewire.com	right-center	fake-news	1.0
theminnesotasun.com	right	fake-news	1.0
mintpressnews.com	far left	fake-news	-1.0
msbusinessdaily.com	right-center	fake-news	1.0
msgulfnews.com	right-center	fake-news	1.0
mobusinessdaily.com	right-center	fake-news	1.0
mixi.media	extreme right	fake-news	1.0
mobilecourant.com	right-center	fake-news	1.0
mohavetoday.com	right-center	fake-news	1.0
mohawkvalleytimes.com	right-center	fake-news	1.0
momsforliberty.org	far right	fake-news	1.0
mondoweiss.net	left	fake-news	-1.0
monmouthtimes.com	right-center	fake-news	1.0
monroenynews.com	right-center	fake-news	1.0
monroereview.com	right-center	fake-news	1.0
mtbusinessdaily.com	right-center	fake-news	1.0
montereytimes.com	right-center	fake-news	1.0
montgomerymdnews.com	right-center	fake-news	1.0
moonbattery.com	extreme right	fake-news	1.0
moonofalabama.org	left	fake-news	-1.0
morningpoll.com	far right	fake-news	1.0
morrisleader.com	right-center	fake-news	1.0
mtonews.com	left-center	fake-news	-1.0
munciereporter.com	right-center	fake-news	1.0
muskegonsun.com	right-center	fake-news	1.0
mutembeitv.com	right-center	fake-news	1.0
nwiowanews.com	right-center	fake-news	1.0
njbusinessdaily.com	right-center	fake-news	1.0
naplesstandard.com	right-center	fake-news	1.0
nassaustandard.com	right-center	fake-news	1.0
naturecoasttimes.com	right-center	fake-news	1.0
natall.com	extreme right	fake-news	1.0
nationalenquirer.com	right	fake-news	1.0
nationalinsiders.com	far right	fake-news	1.0
home.nra.org	far right	fake-news	1.0
nrlc.org	extreme right	fake-news	1.0
nationalvanguard.org	extreme right	fake-news	1.0
nationalzero.com	far left	fake-news	-1.0
nationandstate.com	far right	fake-news	1.0
naturalstatenews.com	right-center	fake-news	1.0
naugatucktimes.com	right-center	fake-news	1.0
ncfloridanews.com	right-center	fake-news	1.0
ncgeorgianews.com	right-center	fake-news	1.0
nckansasnews.com	right-center	fake-news	1.0
ncindiananews.com	right-center	fake-news	1.0
nckentuckynews.com	right-center	fake-news	1.0
ncmassnews.com	right-center	fake-news	1.0
ncminnesotanews.com	right-center	fake-news	1.0
ncmissnews.com	right-center	fake-news	1.0
nealabamanews.com	right-center	fake-news	1.0
neatlantanews.com	right-center	fake-news	1.0
nebergennews.com	right-center	fake-news	1.0
nebraskabusinessdaily.com	right-center	fake-news	1.0
nepanhandlenews.com	right-center	fake-news	1.0
necalinews.com	right-center	fake-news	1.0
necoloradonews.com	right-center	fake-news	1.0
neconnnews.com	right-center	fake-news	1.0
nefloridanews.com	right-center	fake-news	1.0
neindiananews.com	right-center	fake-news	1.0
nekansascitynews.com	right-center	fake-news	1.0
nekansasnews.com	right-center	fake-news	1.0
nekentuckynews.com	right-center	fake-news	1.0
nelouisiananews.com	right-center	fake-news	1.0
nemissnews.com	right-center	fake-news	1.0
nemissourinews.com	right-center	fake-news	1.0
nenebraskanews.com	right-center	fake-news	1.0
nenewmexiconews.com	right-center	fake-news	1.0
nenewyorktoday.com	right-center	fake-news	1.0
nesacramentonews.com	right-center	fake-news	1.0
nevalleytimes.com	right-center	fake-news	1.0
journal-neo.org	right	fake-news	1.0
nvbusinessdaily.com	right-center	fake-news	1.0
newarkreporter.com	right-center	fake-news	1.0
nhbusinessdaily.com	right-center	fake-news	1.0
nmbusinessdaily.com	right-center	fake-news	1.0
newnation.org	extreme right	fake-news	1.0
news18.com	right-center	fake-news	1.0
newsblaze.com	extreme right	fake-news	1.0
newsbreak.com	left-center	fake-news	-1.0
newsglobal.com	far right	fake-news	1.0
newsheist.com	extreme right	fake-news	1.0
newshourfirst.com	far right	fake-news	1.0
thepeoplesvoice.tv	extreme right	fake-news	1.0
newspushed.com	extreme right	fake-news	1.0
newsready.com	extreme right	fake-news	1.0
newsrescue.com	right-center	fake-news	1.0
newssloth.com	right	fake-news	1.0
newswithviews.com	right	fake-news	1.0
newsammo.com	far right	fake-news	1.0
newsmax.com	right	fake-news	1.0
newsview.gr	extreme right	fake-news	1.0
newswars.com	extreme right	fake-news	1.0
nybusinessdaily.com	right-center	fake-news	1.0
nextnewsnetwork.com	extreme right	fake-news	1.0
nolareporter.com	right-center	fake-news	1.0
noqreport.com	far right	fake-news	1.0
nordicmonitor.com	left-center	fake-news	-1.0
norfolkreporter.com	right-center	fake-news	1.0
northacadiananews.com	right-center	fake-news	1.0
northalaskanews.com	right-center	fake-news	1.0
northbaltimorejournal.com	right-center	fake-news	1.0
northbirminghamtimes.com	right-center	fake-news	1.0
northbluegrassnews.com	right-center	fake-news	1.0
northbostonnews.com	right-center	fake-news	1.0
northbrowardnews.com	right-center	fake-news	1.0
ncarkansasnews.com	right-center	fake-news	1.0
northcoastcanews.com	right-center	fake-news	1.0
northcooknews.com	right-center	fake-news	1.0
northcountryreporter.com	right-center	fake-news	1.0
northdsmnews.com	right-center	fake-news	1.0
northeastherald.org	left-center	fake-news	-1.0
nemontananews.com	right-center	fake-news	1.0
northernclarkcountyherald.com	left-center	fake-news	-1.0
northernwitimes.com	left-center	fake-news	-1.0
northegyptnews.com	right-center	fake-news	1.0
northessexnews.com	right-center	fake-news	1.0
northfultontoday.com	right-center	fake-news	1.0
northgwinnettnews.com	right-center	fake-news	1.0
northhennepinnews.com	right-center	fake-news	1.0
northmichigannews.com	right-center	fake-news	1.0
northidahotimes.com	right-center	fake-news	1.0
northindynews.com	right-center	fake-news	1.0
northinlandnews.com	right-center	fake-news	1.0
northiowareporter.com	right-center	fake-news	1.0
northjeffconews.com	right-center	fake-news	1.0
northkentnews.com	right-center	fake-news	1.0
northkentuckynews.com	right-center	fake-news	1.0
northlaketimes.com	right-center	fake-news	1.0
northlittlerocktimes.com	right-center	fake-news	1.0
northmianews.com	right-center	fake-news	1.0
northmiddlesextimes.com	right-center	fake-news	1.0
northnevadanews.com	right-center	fake-news	1.0
northoctimes.com	right-center	fake-news	1.0
northomahatimes.com	right-center	fake-news	1.0
northpanhandlenews.com	right-center	fake-news	1.0
northpimanews.com	right-center	fake-news	1.0
northramseynews.com	right-center	fake-news	1.0
northsactoday.com	right-center	fake-news	1.0
northnewcastlenews.com	right-center	fake-news	1.0
northsfvtoday.com	right-center	fake-news	1.0
northsgvnews.com	right-center	fake-news	1.0
northshorelanews.com	right-center	fake-news	1.0
northstlnews.com	right-center	fake-news	1.0
northvegastimes.com	right-center	fake-news	1.0
nwmontananews.com	right-center	fake-news	1.0
nwwaynenews.com	right-center	fake-news	1.0
nwlaketimes.com	left-center	fake-news	-1.0
northwichitanews.com	right-center	fake-news	1.0
novitimes.com	right-center	fake-news	1.0
nowthisnews.com	far left bias	fake-news	-1.0
npr.news	right conspiracy-pseudoscience	fake-news	1.0
nationalrighttolifenews.org	extreme right	fake-news	1.0
ntd.com	right	fake-news	1.0
nwalabamanews.com	right-center	fake-news	1.0
nwarkansasnews.com	right-center	fake-news	1.0
nwatlantanews.com	right-center	fake-news	1.0
nwbergennews.com	right-center	fake-news	1.0
nwconnnews.com	right-center	fake-news	1.0
nwclarknews.com	right-center	fake-news	1.0
nwgeorgianews.com	right-center	fake-news	1.0
nwillinoisnews.com	right-center	fake-news	1.0
nwjerseynews.com	right-center	fake-news	1.0
nwkansasnews.com	right-center	fake-news	1.0
nwkentuckynews.com	right-center	fake-news	1.0
nwlatimes.com	right-center	fake-news	1.0
nwlouisiananews.com	right-center	fake-news	1.0
nwminnesotanews.com	right-center	fake-news	1.0
nwmissnews.com	right-center	fake-news	1.0
nwmissouritimes.com	right-center	fake-news	1.0
nwnewmexiconews.com	right-center	fake-news	1.0
nwriversidenews.com	right-center	fake-news	1.0
nwvalleytimes.com	right-center	fake-news	1.0
trendingpolitics.com	right	fake-news	1.0
oaklandcitywire.com	right-center	fake-news	1.0
oaklandtimes.org	left-center	fake-news	-1.0
objectivist.co	far right	fake-news	1.0
ocalastandard.com	right-center	fake-news	1.0
occupydemocrats.com	far left	fake-news	-1.0
oceancountyleader.com	right-center	fake-news	1.0
okeechobeetimes.com	right-center	fake-news	1.0
origo.hu	far right	fake-news	1.0
orlandostandard.com	right-center	fake-news	1.0
otptribune.com	left-center	fake-news	-1.0
outragedpatriot.com	extreme right	fake-news	1.0
overpassesforamerica.com	right	fake-news	1.0
oxfordreporter.com	right-center	fake-news	1.0
pacificpundit.com	extreme right	fake-news	1.0
palmcoasttimes.com	right-center	fake-news	1.0
panamacityreporter.com	right-center	fake-news	1.0
parler.com	extreme right	fake-news	1.0
passaictoday.com	right-center	fake-news	1.0
patientdaily.com	right-center	fake-news	1.0
patriotfetch.com	extreme right	fake-news	1.0
thepatriotjournal.com	right	fake-news	1.0
patrioticpost.com	far right	fake-news	1.0
patriotnewsfeed.com	right	fake-news	1.0
patriotpulse.net	far right	fake-news	1.0
patriotuproar.com	far-right	fake-news	1.0
patrioticviralnews.com	extreme right	fake-news	1.0
peachtreegazette.com	left-center	fake-news	-1.0
peachtreetimes.com	right-center	fake-news	1.0
pelicanstatenews.com	right-center	fake-news	1.0
pennsylvaniadailystar.com	right	fake-news	1.0
pennsylvaniaindependent.com	left	fake-news	-1.0
pensacolatimes.com	right-center	fake-news	1.0
peoriastandard.com	right-center	fake-news	1.0
perezhilton.com	left	fake-news	-1.0
personalinterpretation.com	extreme-right	fake-news	1.0
personalliberty.com	extreme right	fake-news	1.0
phxreporter.com	right-center	fake-news	1.0
piedmonttribune.com	left-center	fake-news	-1.0
pimatimes.com	left-center	fake-news	-1.0
pinaltoday.com	right-center	fake-news	1.0
pinebelttimes.com	right-center	fake-news	1.0
pinellastimes.com	right-center	fake-news	1.0
pinestatenews.com	right-center	fake-news	1.0
pjmedia.com	right	fake-news	1.0
plattenews.com	right-center	fake-news	1.0
plymouthreporter.com	right-center	fake-news	1.0
pocatellotimes.com	right-center	fake-news	1.0
politicalanimalnews.com	far right	fake-news	1.0
political-discussion.com	extreme-right	fake-news	1.0
politicalflare.com	left	fake-news	-1.0
thepoliticalinsider.com	extreme right	fake-news	1.0
politnavigator.net	right	fake-news	1.0
politros.com	right	fake-news	1.0
polktimes.com	right-center	fake-news	1.0
pomonavalleynews.com	right-center	fake-news	1.0
pontiactimes.com	right-center	fake-news	1.0
pop.org	extreme right	fake-news	1.0
populistpress.com	extreme right	fake-news	1.0
portlandmainenews.com	right-center	fake-news	1.0
prageru.com	right	fake-news	1.0
prairiestatewire.com	right-center	fake-news	1.0
pravdareport.com	right	fake-news	1.0
pravoslavie.ru/ or  orthochristian.com	right	fake-news	1.0
presidentialhill.com	far right	fake-news	1.0
presscalifornia.com	extreme right	fake-news	1.0
presscorp.org	right	fake-news	1.0
presstv.ir	right	fake-news	1.0
projectveritas.com	right	fake-news	1.0
en.protothema.gr	right	fake-news	1.0
protrumpnews.com	extreme right	fake-news	1.0
pulaskitimes.com	right-center	fake-news	1.0
quillette.com	right	fake-news	1.0
quincyreporter.com	right-center	fake-news	1.0
rairfoundation.com	extreme right	fake-news	1.0
rationalground.com	right	fake-news	1.0
realnewsnow.com	extreme right	fake-news	1.0
goodsciencing.com	extreme right	fake-news	1.0
redacted.inc	right	fake-news	1.0
reddingtoday.com	right-center	fake-news	1.0
redrightdaily.com	right	fake-news	1.0
redstatenation.com	far right	fake-news	1.0
redvoicemedia.com	far right	fake-news	1.0
redwoodempirenews.com	right-center	fake-news	1.0
reformedmedia.net	extreme right	fake-news	1.0
renewedright.com	far right	fake-news	1.0
renoreporter.com	right-center	fake-news	1.0
republicandaily.net	right	fake-news	1.0
gop.com	right	fake-news	1.0
resistthemainstream.org	right	fake-news	1.0
revolver.news	right	fake-news	1.0
ria.ru	right-center	fake-news	1.0
righterway.com	extreme right	fake-news	1.0
rightnewswire.com	far right	fake-news	1.0
rsbnetwork.com	right	fake-news	1.0
ripostelaique.com	extreme right	fake-news	1.0
riverbendtimes.com	right-center	fake-news	1.0
riverparishnews.com	right-center	fake-news	1.0
riverregiontimes.com	right-center	fake-news	1.0
rivervalleytoday.com	right-center	fake-news	1.0
rockfordsun.com	right-center	fake-news	1.0
rockinghamjournal.com	left-center	fake-news	-1.0
rockinghamtimes.com	right-center	fake-news	1.0
rockislandtoday.com	right-center	fake-news	1.0
rockvalleytimes.com	left-center	fake-news	-1.0
rodong.rep.kp/en	extreme left	fake-news	-1.0
roguereview.net	far right	fake-news	1.0
romereporter.com	right-center	fake-news	1.0
de.rt.com	right-center	fake-news	1.0
rt.com/news	right-center	fake-news	1.0
rumble.com	far-right	fake-news	1.0
ruptly.tv	right-center	fake-news	1.0
rushlimbaugh.com	far-right	fake-news	1.0
russia-insider.com	extreme right	fake-news	1.0
tass.com	right-center	fake-news	1.0
ruthinstitute.org	extreme right	fake-news	1.0
salemnewswire.com	right-center	fake-news	1.0
sandhillstoday.com	right-center	fake-news	1.0
sandovalnews.com	right-center	fake-news	1.0
sanfransun.com	right-center	fake-news	1.0
sangamonsun.com	right-center	fake-news	1.0
sanjoaquintimes.com	right-center	fake-news	1.0
sanjosestandard.com	right-center	fake-news	1.0
santaclaratoday.com	right-center	fake-news	1.0
santacruzstandard.com	right-center	fake-news	1.0
sanmateosun.com	right-center	fake-news	1.0
santafestandard.com	right-center	fake-news	1.0
smobserved.com	right	fake-news	1.0
sarasotareview.com	right-center	fake-news	1.0
savannahstandard.com	right-center	fake-news	1.0
savannahsuntimes.com	left-center	fake-news	-1.0
scalaskanews.com	right-center	fake-news	1.0
seatlantanews.com	right-center	fake-news	1.0
scconnnews.com	right-center	fake-news	1.0
sckansasnews.com	right-center	fake-news	1.0
scminnesotanews.com	right-center	fake-news	1.0
scmissnews.com	right-center	fake-news	1.0
scmissourinews.com	right-center	fake-news	1.0
scnebraskanews.com	right-center	fake-news	1.0
seacoaststandard.org	left-center	fake-news	-1.0
sealaskanews.com	right-center	fake-news	1.0
searizonanews.com	right-center	fake-news	1.0
secureamericanow.org	far right	fake-news	1.0
sebluegrassnews.com	right-center	fake-news	1.0
secoloradonews.com	right-center	fake-news	1.0
seconnnews.com	right-center	fake-news	1.0
sedenvernews.com	right-center	fake-news	1.0
segeorgianews.com	right-center	fake-news	1.0
segrandrapids.com	right-center	fake-news	1.0
seillinoisnews.com	right-center	fake-news	1.0
seindiananews.com	right-center	fake-news	1.0
seiowanews.com	right-center	fake-news	1.0
sekansascitynews.com	right-center	fake-news	1.0
sekentuckynews.com	right-center	fake-news	1.0
selatimes.com	right-center	fake-news	1.0
seminnesotanews.com	right-center	fake-news	1.0
semissourinews.com	right-center	fake-news	1.0
senebraskanews.com	right-center	fake-news	1.0
seoaklandnews.com	right-center	fake-news	1.0
setwincities.com	right-center	fake-news	1.0
sevegasnews.com	right-center	fake-news	1.0
sfvtoday.com	right-center	fake-news	1.0
sgvstandard.com	right-center	fake-news	1.0
shafaq.com	left	fake-news	-1.0
shelbyreview.com	right-center	fake-news	1.0
shiawasseetimes.com	right-center	fake-news	1.0
shoalstoday.com	right-center	fake-news	1.0
showmestatetimes.com	right-center	fake-news	1.0
shreveportreporter.com	right-center	fake-news	1.0
shtfplan.com	extreme right	fake-news	1.0
silverstatetimes.com	right-center	fake-news	1.0
siouxcitytimes.com	right-center	fake-news	1.0
slaynews.com	extreme right	fake-news	1.0
sloreporter.com	right-center	fake-news	1.0
sohu.com	left-center	fake-news	-1.0
solanosun.com	right-center	fake-news	1.0
somersettimes.com	right-center	fake-news	1.0
southabqnews.com	right-center	fake-news	1.0
southafricatoday.net	right	fake-news	1.0
southalamedanews.com	right-center	fake-news	1.0
southatlantanews.com	right-center	fake-news	1.0
southbayleader.com	right-center	fake-news	1.0
southbaysdnews.com	right-center	fake-news	1.0
southbendtimes.com	right-center	fake-news	1.0
southalabamatimes.com	right-center	fake-news	1.0
southbergennews.com	right-center	fake-news	1.0
southbrowardnews.com	right-center	fake-news	1.0
southcentralreporter.com	right-center	fake-news	1.0
southcooknews.com	right-center	fake-news	1.0
southerncoloradotimes.com	left-center	fake-news	-1.0
silnews.com	right-center	fake-news	1.0
southernindianatoday.com	right-center	fake-news	1.0
southdsmnews.com	right-center	fake-news	1.0
semontananews.com	right-center	fake-news	1.0
southeasterntimes.org	left-center	fake-news	-1.0
southgeorgiatimes.com	right-center	fake-news	1.0
southgwinnettnews.com	right-center	fake-news	1.0
southhennepinnews.com	right-center	fake-news	1.0
southindynews.com	right-center	fake-news	1.0
southiowanews.com	right-center	fake-news	1.0
southjeffconews.com	right-center	fake-news	1.0
southjerseysun.com	right-center	fake-news	1.0
southkcnews.com	right-center	fake-news	1.0
southkentnews.com	right-center	fake-news	1.0
southlaketoday.com	right-center	fake-news	1.0
southlouisiananews.com	right-center	fake-news	1.0
southmainenews.com	right-center	fake-news	1.0
southmianews.com	right-center	fake-news	1.0
southmichigannews.com	right-center	fake-news	1.0
southmiddlesextimes.com	right-center	fake-news	1.0
southnewcastlenews.com	right-center	fake-news	1.0
southomahatimes.com	right-center	fake-news	1.0
southorlandonews.com	right-center	fake-news	1.0
southpalmbeachtoday.com	right-center	fake-news	1.0
southpinellastimes.com	right-center	fake-news	1.0
southsactoday.com	right-center	fake-news	1.0
southsfbaynews.com	right-center	fake-news	1.0
southsgvnews.com	right-center	fake-news	1.0
southstlnews.com	right-center	fake-news	1.0
swillinoisnews.com	right-center	fake-news	1.0
swmontanatimes.com	right-center	fake-news	1.0
southwichitanews.com	right-center	fake-news	1.0
springfieldcitywire.com	right-center	fake-news	1.0
springfieldstandard.com	right-center	fake-news	1.0
springstimes.com	right-center	fake-news	1.0
sputnikglobe.com	right-center	fake-news	1.0
fr.sputniknews.com	right-center	fake-news	1.0
snanews.de	right-center	fake-news	1.0
sputniknews.in	right-center	fake-news	1.0
it.sputniknews.com	right-center	fake-news	1.0
stjoebentonharbor.com	right-center	fake-news	1.0
stpetestandard.com	right-center	fake-news	1.0
stanislausnews.com	right-center	fake-news	1.0
staresattheworld.com	extreme right	fake-news	1.0
stateofthenation.co	extreme-right	fake-news	1.0
stcharlestimes.com	right-center	fake-news	1.0
stcloudsun.com	right-center	fake-news	1.0
steadfastandloyal.com	right	fake-news	1.0
steadfastclash.com	right	fake-news	1.0
steadfastdaily.com	right	fake-news	1.0
stoppingsocialism.com	right	fake-news	1.0
stpaulreporter.com	right-center	fake-news	1.0
southbirminghamtimes.com	right-center	fake-news	1.0
southfultontoday.com	right-center	fake-news	1.0
southoctimes.com	right-center	fake-news	1.0
southpimanews.com	right-center	fake-news	1.0
southsfvtoday.com	right-center	fake-news	1.0
speech-point.com	extreme-right	fake-news	1.0
stclairtoday.com	right-center	fake-news	1.0
stlrecord.com	right-center	fake-news	1.0
strategic-culture.org	extreme right	fake-news	1.0
trumpstudents.org	right	fake-news	1.0
sturgiscoldwaternews.com	right-center	fake-news	1.0
summerlinreporter.com	left-center	fake-news	-1.0
summit.news	extreme right	fake-news	1.0
sunflowerstatenews.com	right-center	fake-news	1.0
sunshinesentinel.com	right-center	fake-news	1.0
supportisraelnow.com	extreme-right	fake-news	1.0
survivalblog.com	extreme right	fake-news	1.0
sussexreview.com	right-center	fake-news	1.0
swampdrain.com	extreme right	fake-news	1.0
swarajyamag.com	right	fake-news	1.0
swalaskanews.com	right-center	fake-news	1.0
swarizonanews.com	right-center	fake-news	1.0
swarkansastimes.com	right-center	fake-news	1.0
swbluegrassnews.com	right-center	fake-news	1.0
swcoloradonews.com	right-center	fake-news	1.0
swconnnews.com	right-center	fake-news	1.0
swgeorgianews.com	right-center	fake-news	1.0
swindiananews.com	right-center	fake-news	1.0
swiowatimes.com	right-center	fake-news	1.0
swkansasnews.com	right-center	fake-news	1.0
swlouisiananews.com	right-center	fake-news	1.0
swminnesotatoday.com	right-center	fake-news	1.0
swmissnews.com	right-center	fake-news	1.0
swnewhampshirenews.com	right-center	fake-news	1.0
swnewmexiconews.com	right-center	fake-news	1.0
swriversidenews.com	right-center	fake-news	1.0
swvalleytimes.com	right-center	fake-news	1.0
swvegasnews.com	right-center	fake-news	1.0
syrianews.cc	left	fake-news	-1.0
syriana-analysis.com	left	fake-news	-1.0
takimag.com	extreme right	fake-news	1.0
tallahasseesun.com	right-center	fake-news	1.0
tamparepublic.com	right-center	fake-news	1.0
tasnimnews.com/en	right	fake-news	1.0
tbdailynews.com	right	fake-news	1.0
teaparty.org	extreme right	fake-news	1.0
teapartypatriots.org	right	fake-news	1.0
techstartups.com	right-center	fake-news	1.0
telesurenglish.net	left	fake-news	-1.0
africanexponent.com	left	fake-news	-1.0
theamericanmirror.com	extreme right	fake-news	1.0
thebeardedpatriot.com	far right	fake-news	1.0
thebeltwayreport.com	extreme right	fake-news	1.0
thebl.com	right	fake-news	1.0
theblacksphere.net	right	fake-news	1.0
theblaze.com	right	fake-news	1.0
thebluestateconservative.com	far right	fake-news	1.0
buffalochronicle.com	right	fake-news	1.0
thecoloradoherald.com	far right	fake-news	1.0
theconservativebrief.com	far right	fake-news	1.0
theconservativecentral.com	extreme right	fake-news	1.0
conservativepapers.com	right	fake-news	1.0
thecovidworld.com	right conspiracy-pseudoscience	fake-news	1.0
thecountersignal.com	far-right	fake-news	1.0
thedailybell.com	right	fake-news	1.0
dailyboulder.com	far left	fake-news	-1.0
dcclothesline.com	extreme right	fake-news	1.0
thedcpatriot.com	extreme right	fake-news	1.0
theduran.com	far right	fake-news	1.0
economictimes.indiatimes.com	right-center	fake-news	1.0
theepochtimes.com	right	fake-news	1.0
thefederalist.com	right	fake-news	1.0
thefederalistpapers.org	extreme right	fake-news	1.0
fairus.org	extreme right	fake-news	1.0
theflstandard.com	right	fake-news	1.0
thefreedomtimes.com	extreme right	fake-news	1.0
freetelegraph.com	right	fake-news	1.0
thefrisky.com	left-center	fake-news	-1.0
thegatewaypundit.com	extreme right	fake-news	1.0
thegrayzone.com	far left	fake-news	-1.0
thehayride.com	extreme right	fake-news	1.0
thehornnews.com	far right	fake-news	1.0
thejeffreylord.com	right	fake-news	1.0
thejewishvoice.com	far right	fake-news	1.0
joerogan.com	right-center	fake-news	1.0
theconservativetreehouse.com	extreme right	fake-news	1.0
thelibertydaily.com	far-right	fake-news	1.0
thelibertyloft.com	far right	fake-news	1.0
thelibertyrevolution.com	far right	fake-news	1.0
eng.majalla.com	right-center	fake-news	1.0
michiganindependent.com	left	fake-news	-1.0
themillenniumreport.com	extreme right	fake-news	1.0
thenationalpatriot.com	extreme right	fake-news	1.0
thenationalpulse.com	extreme right	fake-news	1.0
thenationalnews.com/us	right-center	fake-news	1.0
ohioindependent.com	left	fake-news	-1.0
theohiostar.com	right	fake-news	1.0
other98.com	extreme left	fake-news	-1.0
thepatriotnation.net	extreme right	fake-news	1.0
thepolitics.online	extreme-right	fake-news	1.0
thepostemail.com	right	fake-news	1.0
theproudliberal.org	left	fake-news	-1.0
publishedreporter.com	extreme right	fake-news	1.0
theragingpatriot.org	extreme right	fake-news	1.0
rebelnews.com	right	fake-news	1.0
thereligionofpeace.com	extreme right	fake-news	1.0
remnantnewspaper.com	extreme right	fake-news	1.0
rfangle.com	extreme right	fake-news	1.0
theregionnews.com	right-center	fake-news	1.0
therightscoop.com	right	fake-news	1.0
therightstuff.biz	extreme right	fake-news	1.0
sciencetimes.com	right-center	fake-news	1.0
thescoop.us	far-right	fake-news	1.0
sonsoflibertymedia.com	extreme right	fake-news	1.0
thespectator.info	extreme right	fake-news	1.0
tennesseestar.com	right	fake-news	1.0
tehrantimes.com	right	fake-news	1.0
digifection.com	extreme right	fake-news	1.0
thetruedefender.com	right	fake-news	1.0
thetruereporter.com	right	fake-news	1.0
thetruthvoice.net	extreme-right	fake-news	1.0
unz.com	extreme right	fake-news	1.0
warrensun.com	right-center	fake-news	1.0
wisconsinindependent.com	left	fake-news	-1.0
threeriversgazette.com	left-center	fake-news	-1.0
thumbreporter.com	right-center	fake-news	1.0
tobacconewswire.com	right-center	fake-news	1.0
toddstarnes.com	extreme right	fake-news	1.0
toofab.com	left	fake-news	-1.0
topekasun.com	right-center	fake-news	1.0
townhall.com	right	fake-news	1.0
tplnews.com	extreme left	fake-news	-1.0
treasurecoastsun.com	right-center	fake-news	1.0
treasurevalleytimes.com	right-center	fake-news	1.0
trendingpoliticsnews.com	right	fake-news	1.0
tri-cityrecord.org	left-center	fake-news	-1.0
tricitysun.com	right-center	fake-news	1.0
trump.news	extreme right	fake-news	1.0
trumptrainnews.com	extreme right	fake-news	1.0
truthandaction.org	extreme right	fake-news	1.0
truthbasedmedia.com	extreme right	fake-news	1.0
truthinmedia.com	extreme right	fake-news	1.0
truthpress.com	far right	fake-news	1.0
tucsonstandard.com	right-center	fake-news	1.0
tularetimes.com	right-center	fake-news	1.0
tpusa.com/ and turningpoint.news	right	fake-news	1.0
tuscaloosaleader.com	right-center	fake-news	1.0
uncoverdc.com	extreme right	fake-news	1.0
understandingthethreat.com	extreme right	fake-news	1.0
unioncountyreview.com	right-center	fake-news	1.0
uniteamericafirst.com	extreme right	fake-news	1.0
unitynewsnetwork.co.uk	right	fake-news	1.0
unmuzzlednews.com	far right	fake-news	1.0
upgazette.com	right-center	fake-news	1.0
upperdeltanews.com	right-center	fake-news	1.0
urdupoint.com/en	right-center	fake-news	1.0
usbacklash.org	extreme right	fake-news	1.0
usareally.com	right	fake-news	1.0
usasupreme.com	extreme right	fake-news	1.0
ussanews.com	extreme right	fake-news	1.0
vancouvertimes.org	right	fake-news	1.0
patriotfront.us	extreme right	fake-news	1.0
vdare.com	extreme right	fake-news	1.0
verdugosnews.com	right-center	fake-news	1.0
victorvalleytimes.com	right-center	fake-news	1.0
vidmax.com	extreme right	fake-news	1.0
thevirginiastar.com	right	fake-news	1.0
visiontimes.com	right	fake-news	1.0
wallbuilders.com	extreme right	fake-news	1.0
waronfakes.com	right	fake-news	1.0
warnerrobinstoday.com	right-center	fake-news	1.0
warroom.org	extreme right	fake-news	1.0
washingtonsources.org	left-center	fake-news	-1.0
washingtontimes.com	right-center	fake-news	1.0
washoenews.com	right-center	fake-news	1.0
waterfordtoday.com	right-center	fake-news	1.0
waterlootimes.com	right-center	fake-news	1.0
waynedupree.com	extreme right	fake-news	1.0
wcgeorgianews.com	right-center	fake-news	1.0
wcindiananews.com	right-center	fake-news	1.0
wciowanews.com	right-center	fake-news	1.0
wcminnesotanews.com	right-center	fake-news	1.0
wcmissnews.com	right-center	fake-news	1.0
wcmissourinews.com	right-center	fake-news	1.0
wcnewmexiconews.com	right-center	fake-news	1.0
wealthmanagementwire.com	right-center	fake-news	1.0
weibo.com	left	fake-news	-1.0
welovetrump.com	extreme right	fake-news	1.0
westatlantanews.com	right-center	fake-news	1.0
wethepeopledaily.com	extreme right	fake-news	1.0
westbanklanews.com	right-center	fake-news	1.0
wcalabamanews.com	right-center	fake-news	1.0
wcmichigannews.com	right-center	fake-news	1.0
westcentralreporter.com	right-center	fake-news	1.0
westcontracostanews.com	right-center	fake-news	1.0
westcooknews.com	right-center	fake-news	1.0
westdsmnews.com	right-center	fake-news	1.0
westeldoradonews.com	right-center	fake-news	1.0
westessexnews.com	right-center	fake-news	1.0
westernwaynetoday.com	right-center	fake-news	1.0
westflnews.com	right-center	fake-news	1.0
westhillsboroughnews.com	right-center	fake-news	1.0
westindynews.com	right-center	fake-news	1.0
westernjournal.com	far right	fake-news	1.0
westlatimes.com	right-center	fake-news	1.0
westmassnews.com	right-center	fake-news	1.0
westoctimes.com	right-center	fake-news	1.0
westpennyroyalnews.com	right-center	fake-news	1.0
westsbvtimes.com	right-center	fake-news	1.0
westsfvtoday.com	right-center	fake-news	1.0
westsgvnews.com	right-center	fake-news	1.0
stlwestnews.com	right-center	fake-news	1.0
westtwincities.com	right-center	fake-news	1.0
westventuranews.com	right-center	fake-news	1.0
westvolusianews.com	right-center	fake-news	1.0
whatfinger.com	extreme right	fake-news	1.0
wichitastandard.com	right-center	fake-news	1.0
willcountygazette.com	right-center	fake-news	1.0
winecountrytimes.com	right-center	fake-news	1.0
wiregrasstimes.com	right-center	fake-news	1.0
wisconsindailystar.com	right	fake-news	1.0
wisconsinlaketimes.com	left-center	fake-news	-1.0
wisevoter.com	left-center	fake-news	-1.0
thepublicdiscourse.com	extreme right	fake-news	1.0
wndnewscenter.org	extreme right	fake-news	1.0
womenarehuman.com	right	fake-news	1.0
facebook.com/womensrightsnews	left	fake-news	-1.0
wnd.com	extreme right	fake-news	1.0
worldstarhiphop.com	left	fake-news	-1.0
worldtribune.com	far right	fake-news	1.0
wyandottetimes.com	right-center	fake-news	1.0
news.cn	left	fake-news	-1.0
xinhuanet.com	left	fake-news	-1.0
yavapainews.com	right-center	fake-news	1.0
yellowhammertimes.com	right-center	fake-news	1.0
yellowstonetimes.com	right-center	fake-news	1.0
yaliberty.org	far right	fake-news	1.0
analyzingamerica.org/youngconservatives	extreme right	fake-news	1.0
yc.news	right	fake-news	1.0
yournews.com	right	fake-news	1.0
yubasuttertimes.com	right-center	fake-news	1.0
z3news.com	extreme right	fake-news	1.0
lung.org	pro-science/left-center	pro-science	-1.0
psychiatry.org	pro-science (left-leaning)	pro-science	-1.0
apsa.org	pro-science (left-leaning)	pro-science	-1.0
carbonbrief.org	left-center	pro-science	-1.0
childtrends.org	left-center pro-science	pro-science	-1.0
climatecentral.org	left-center – pro-science	pro-science	-1.0
climatesciencewatch.org	left-center pro-science	pro-science	-1.0
scientificamerican.com	left-center	pro-science	-1.0
the-scientist.com	left leaning pro-science	pro-science	-1.0
americaslastlineofdefense.com	left satire	satire	-1.0
babylonbee.com	right-satire	satire	1.0
newyorker.com/humor/borowitz-report	left-satire	satire	-1.0
conservativetears.com	left satire	satire	-1.0
cracked.com	left leaning satire	satire	-1.0
dunning-kruger-times.com	left satire	satire	-1.0
fark.com	left satire	satire	-1.0
freedomfictions.com	left satire	satire	-1.0
genesiustimes.com	right-satire	satire	1.0
moronmajority.com	left satire	satire	-1.0
patriotpartypress.com	left satire	satire	-1.0
stiltonsplace.blogspot.com	right satire	satire	1.0
chaser.com.au	left satire	satire	-1.0
theneedling.com	satire (left-leaning)	satire	-1.0
thepeoplescube.com	right-satire	satire	1.0
politicalgarbagechute.com	left satire	satire	-1.0
theshovel.com.au	left satire	satire	-1.0
weeklyworldnews.com	left satire	satire	-1.0
